book_id	ia_identifier	published	verdict	reason	ia_date_ce	language	title
69d5ad7a4dc55b8478de0b38	01wonhyowebcollectedworksofkoreanbuddhism_391_m	686	modern	dli-no-date		English	Collected Works of Wonhyo
69e80578fdad300064d9dcb5	dli.ernet.496518	1131	modern	dli-no-date		Sanskrit	मानसोल्लास (Mānasollāsa)
69e8b28a2ff2a8dc09e77ff4	nagarjunamulamadhyamikakarikaprasannapadaofchandrakirtivaidyap.l.mithilainstitutedarbhanga_907_k	200	modern	dli-no-date		Sanskrit	मूलमध्यमककारिका (Mūlamadhyamakakārikā)
6a088b1cbd8fc3beee8aae08	lesdelicesdescoe0000tifa	1257	modern	isbn		Arabic	Les Délices des coeurs (Nuzhat al-Albāb fīmā lā yūjad fī kitāb)
69ee19caa478f461b9eb6357	shennongbencaoji00weiw	-200	modern	isbn		Chinese	The Divine Farmer's Classic of Materia Medica
6a088b08bd8fc3beee8aa895	goldenlotusjinpi0001xiao	1618	modern	isbn		Chinese	The Golden Lotus (Jin Ping Mei)
69d5ac3dd0bd3547a5655c53	alsabalmuallaqat00johnrich	600	modern	isbn		English	Al-Mu'allaqat al-Sab'
695689bdbe7c607c5f03d158	observationsonma00hart	1749	modern	isbn		English	Observations on Man, His Frame, His Duty, and His Expectations
6a08fd3e25e3a402b23b3ca5	marlowetamburlaine	1592	modern	isbn		English	Tamburlaine the Great, Parts I & II
6a0b43df1615109dc53afd3c	entryofhenriiiin00scuoft	1549	modern	isbn		English	The Entry of Henri II into Lyon, September 1548 (facsimile of Scève's 1549 entry book)
69e7495685f786e884a4e6d2	narrowroadtookuo0000mats_m7w2	1689	modern	isbn		Japanese	奥の細道 (Oku no Hosomichi)
69ee9183b713c277fb8210f4	talesoftimesnowp0000mari	1120	modern	isbn		Japanese	Tales of Times Now Past
6a06cde4c749b698e5b2cc6a	BBib-Alex-08873	1505	modern	patron-modern-marker		Arabic	الوشاح في فوائد النكاح al-Wishāḥ fī fawāʾid al-nikāḥ — Treatise on the Benefits of Marriage
6a08c6dde4e4b7b8793eaf04	AAskZad-1145595	1500	modern	patron-modern-marker		Arabic	Al-Iydhah fi Fawa'id al-Nikah (الإيضاح في فوائد النكاح) — Jalal al-Din al-Suyuti, ed. Muhammad Rajab
69d5acbb4dc55b8478dde6ce	paisii-hilendarski-istoriya-slavyanobolgarskaya-red-y-ivanov-ban-1914	1762	modern	patron-title-year	1914	Bulgarian	Istoriya Slavyanobolgarskaya
69ea0f3613a685002bb8d7eb	l-59304-v_0000_capa-capa_t24-C-R0150	1500	modern	patron-title-year	1900	Portuguese	Carta de Pero Vaz de Caminha (Discovery of Brazil)
69c666a35ee2cfa2f502d0d3	duoy_arthashastra-of-kautilya-by-kautilya-edited-by-r-shama-sastri-sanskrit-statecraf	-300	modern	patron-title-year	1919	Sanskrit	Arthashastra (अर्थशास्त्र) — Sanskrit Original
69c661ec01a26ccff09f5ccb	oykw_sangita-samaya-sara-by-parshvadeva-t-ganapati-sastri-sanskrit-music-illustr	1150	modern	patron-title-year	2005	Sanskrit	Sangita Samaya Sara (Illustrated) — Music of Time and Season
69c666485ee2cfa2f502c5b5	RangacaryaTheGanitaSaraSangrahaOfMahavira1912	850	modern	patron-title-year	1912	Sanskrit	Ganita Sara Sangraha — Jain Mathematics Compendium
69c666105ee2cfa2f502ba19	quib_lilavati-bhasha-tika-ram-swarup-sharma-by-bhaskaracharya-babu-sharmadara-sa	1150	modern	patron-title-year	1907	Sanskrit	Lilavati (लीलावती) — Illustrated Arithmetic
69525878ab34727b1f0454fc	1stAnd2ndMessageToThePhiladelphianSociety	1696	modern	patron-undated:date-is-upload-date		English	Messages to the Philadelphian Society
695258b9ab34727b1f045731	TreeOfFaithOriginalBook	1696	modern	patron-undated:date-is-upload-date		English	The Tree of Faith
69935b2b8e28d8f4c5d3c6f6	kimiya-e-saadat	1100	modern	patron-undated:date-is-upload-date		Persian	Kīmiyā-yi Saʿādat (Alchemy of Happiness, Persian Original)
6a08a3a88fae3d3f19b78a66	mooshogorbeh	1370	modern	patron-undated:date-is-upload-date		Persian	موش و گربه (Mūsh-u-Gurba / The Mouse and the Cat)
69d7e0dbe9e5e67989c37135	RudrayamalaTantram_201712	1700	modern	patron-undated:date-is-upload-date		Sanskrit	Rudrayamala Tantram
6a08c6d7e4e4b7b8793eae01	samina_souyouti	1500	modern	patron-undated:date-looks-like-upload		Arabic	Al-Yawaqit al-Thamina fi Sifat al-Samina (اليواقيت الثمينة في صفات السمينة) — Jalal al-Din al-Suyuti
6a08f8b89c1b82475e157ff4	AlmunghithMinDalalAbuHamidMuhammadAlghazali	1100	modern	patron-undated:date-looks-like-upload		Arabic	Al-Munqidh min al-Dalal (المنقذ من الضلال) — Abu Hamid al-Ghazali (Arabic spiritual autobiography)
69e7516b10ee9075bcdcd8e0	TukaramSakhalicheAbhanga	1650	modern	patron-undated:date-looks-like-upload		Marathi	तुकाराम साखळीचे अभंग (Tukaram Abhanga)
69d7e0bce9e5e67989c3600d	tantraloka	1000	modern	patron-undated:date-looks-like-upload		Sanskrit	Tantraloka of Sri Abhinavagupta
69906825249ce014347d5b25	wg731	966	modern	patron-undated:indic-year-implausible-as-ce		Sanskrit	Yogayatra of Varahamihira with Utpala Commentary
69af0cab067c0c26ee26c1e2	Trishatika	0991	modern	patron-undated:indic-year-implausible-as-ce		Sanskrit	Trishatika of Sridharacharya (Sanskrit Mathematics)
695361879c494f9f9f0424f4	picatrix-ghayat-al-hakim-al-majriti	c. 1000	modern	patron-undated:no-date		Arabic	Picatrix (Ghāyat al-Ḥakīm)
69dea2514d19ec2e9ba762be	KitabAlMusiqaAlKadirByAlFarabiarabic	950	modern	patron-undated:no-date		Arabic	كتاب الموسيقي الكبير (Kitab al-Musiqa al-Kabir / Grand Book of Music)
69e4209e813af15d2bdc1eb7	TawqAlHamamahByIbnHazmFrench_201904	1022	modern	patron-undated:no-date		Arabic	Tawq al-Hamama (The Ring of the Dove, French)
69e748fb85f786e884a4ce41	the-muallaqat-for-millennials-pre-islamic-arabic-golden-odes-ar-eng	550	modern	patron-undated:no-date		Arabic	المعلقات (al-Muʿallaqāt / The Suspended Odes)
69e786b76846fc56c490e948	ibnwahshiyya	904	modern	patron-undated:no-date		Arabic	الفلاحة النبطية (al-Filāḥa al-Nabaṭiyya / Nabatean Agriculture)
69e7933d80b52390feb1841a	fkhettaf_gmail_55	990	modern	patron-undated:no-date		Arabic	مقامات بديع الزمان الهمذاني (Maqāmāt al-Hamadhānī)
69e80581fdad300064d9de19	annals-of-the-caliphs-kitchens-ibn-sayyar-al-warraqs-english-translation	950	modern	patron-undated:no-date		Arabic	كتاب الطبيخ (Kitāb al-Ṭabīkh / Annals of the Caliphs' Kitchens)
69e96123390d3ed634590b97	20200830_20200830_1342	1355	modern	patron-undated:no-date		Arabic	رحلة ابن بطوطة (Riḥlat Ibn Baṭṭūṭa)
6a06cddfc749b698e5b2cb29	page-1-page-2-nozhat-al-albab-fima-layoujad-fi-kitab-by-shehab-eddine-ahmad-al-tifashi	1253	modern	patron-undated:no-date		Arabic	نزهة الألباب فيما لا يوجد في كتاب Nuzhat al-Albāb — Promenade of Hearts
6a06cdeac749b698e5b2cd37	AAskZad-1145611	1000	modern	patron-undated:no-date		Arabic	جوامع اللذة Jawāmiʿ al-Ladhdha — Encyclopedia of Pleasure
6a08a40ada3498baef092e0a	20230305_20230305_1003	1483	modern	patron-undated:no-date		Arabic	Rāḥat al-arwāḥ fī al-ḥashīsh wa-al-rāḥ
6a08a74f871243dce9deeca9	20230305_20230305_1003	960	modern	patron-undated:no-date		Arabic	Al-Aʿmāl al-Ṣūfīya (Complete Sufi Works: al-Mawāqif and al-Mukhāṭabāt)
6a08a751871243dce9deee4c	20230305_20230305_1003	1190	modern	patron-undated:no-date		Arabic	Nuṣūṣ Ishrāqīya: Three Treatises on Vision and Metaphor
6a08a752871243dce9deeece	20230305_20230305_1003	1280	modern	patron-undated:no-date		Arabic	Sharḥ Fuṣūṣ al-Ḥikam (Commentary on Ibn ʿArabī's Bezels of Wisdom)
6a08a754871243dce9def039	20230305_20230305_1003	1480	modern	patron-undated:no-date		Arabic	Al-Durra al-Fākhira (The Precious Pearl)
6a08c0d69b57265ed7f10cb5	20230305_20230305_1003	1130	modern	patron-undated:no-date		Arabic	Rasāʾil jadīda li-Ibn Bājja (New Treatises of Avempace)
6a08c0da9b57265ed7f10cf3	20230305_20230305_1003	1265	modern	patron-undated:no-date		Arabic	Al-Iḥāṭa (The Comprehensive Treatise)
6a08c0de9b57265ed7f10d0c	20230305_20230305_1003	1145	modern	patron-undated:no-date		Arabic	Khalʿ al-Naʿlayn wa-Iqtibās al-Nūr min Mawḍiʿ al-Qadamayn (Removing the Two Sandals)
6a08c0e49b57265ed7f10eee	20230305_20230305_1003	1220	modern	patron-undated:no-date		Arabic	Ajwibat Ibn ʿArabī ʿalā Asʾilat al-Ḥakīm al-Tirmidhī (Ibn ʿArabī's Answers to al-Tirmidhī's Questions)
6a08c0eb9b57265ed7f11007	20230305_20230305_1003	1220	modern	patron-undated:no-date		Arabic	Previously Unpublished Text on Walāya and Nubuwwa
6a09f77fec7a5a72f8daac57	SphaericsAr	900	modern	patron-undated:no-date		Arabic	Kitāb al-Ukar (Theodosius, Sphaerics) — Arabic translation by Qusṭā ibn Lūqā, revised by Thābit ibn Qurra
6a09f784ec7a5a72f8daad04	AAskZad-1154476	900	modern	patron-undated:no-date		Arabic	Risāla fī taṣḥīḥ masāʾil al-jabr bi-l-barāhīn al-handasiyya (On Correcting Algebra Problems by Geometric Proofs)
6a09fd20edaf0f8bef57bcc2	TahqiqMaLiAlHind	1030	modern	patron-undated:no-date		Arabic	Taḥqīq mā li-l-Hind (Arabic)
69a5e9cb787d6e9b8d42e730	ShnorhaliGrabarGirkEndhanrakan	1788	modern	patron-undated:no-date		Armenian	Girkʿ Endhanrakan (The Encyclical)
69e786c96846fc56c490ed8a	GirkVastakots	950	modern	patron-undated:no-date		Armenian	Girk' Vastakots' (Armenian Geoponica)
69d5ac3cd0bd3547a5655b70	hikmatlar-alisher-navoiy	1490	modern	patron-undated:no-date		Chagatai Turkish	Hikmatlar
695924fa1cac2ce31a4a8a33	daozang_202302	1445	modern	patron-undated:no-date		Chinese	道藏 (Daozang - Taoist Canon)
6992c88d4f3a879124230200	thetiangongkaiwutheexploitationoftheworksofnature	1637	modern	patron-undated:no-date		Chinese	天工開物 (Tiangong Kaiwu) - Exploitation of the Works of Nature
6992c8904f3a8791242304e6	compendiumofmateriamedicabencaogangmu6	1596	modern	patron-undated:no-date		Chinese	本草綱目 (Bencao Gangmu) - Compendium of Materia Medica
69b99f9b6ed9e0490990af77	Mahaprajnaparamita-song	660	modern	patron-undated:no-date		Chinese	大般若波羅蜜多經 (Mahāprajñāpāramitā Sūtra)
69b9a26576b9bab2de21b5af	fd4554dfd5	1125	modern	patron-undated:no-date		Chinese	新澤碧巖集 (Blue Cliff Record — Xinze Edition)
69b99f8776b9bab2de21a8c6	3_20220309	699	modern	patron-undated:no-date		Chinese	大方廣佛華嚴經 (Avataṃsaka Sūtra / Huayan Jing)
69b99f9176b9bab2de21ac18	2022-02-25-22-14-52	868	modern	patron-undated:no-date		Chinese	敦煌唐本金剛經 (Dunhuang Tang-Dynasty Diamond Sutra)
69b9a26c76b9bab2de21b785	g56g6fg6	1228	modern	patron-undated:no-date		Chinese	臨宗無門關譯註 (Wumenguan / Gateless Gate)
6992c88b4f3a8791242300d1	shan-hai-jing	1667	modern	patron-undated:no-date		Chinese	山海經 (Shanhai Jing) - Classic of Mountains and Seas
69de984e1b234a773e4382fb	pipa-ji	1597	modern	patron-undated:no-date		Chinese	琵琶記 (Pipa Ji / The Tale of the Lute)
6a08faaf9c1b82475e15a13c	datangxiyuji	646	modern	patron-undated:no-date		Chinese	Da Tang Xi Yu Ji (大唐西域记) — Xuanzang's record of his pilgrimage to the Western Regions (646 CE, Chinese original)
69d5ac12d0bd3547a5654f7b	AgatangeghosClassicalArmenianText	450	modern	patron-undated:no-date		Classical Armenian	Patmut'iwn Hayots'
6a05f06e6a888f57ebd7713f	isinnhou	984	modern	patron-undated:no-date		Classical Chinese	醫心方 Ishimpō (preserving 素女經 Sunü jing, 玉房秘訣 Yufang bijue, 洞玄子 Dongxuanzi)
6a05f0bf6a888f57ebd77426	daozang05_202201	1445	modern	patron-undated:no-date		Classical Chinese	正統道藏 Zhengtong Daozang vol. 5 (Ming imperial Daoist canon, with 黃庭經 Huangting jing)
6952d08877f38f6761bc5560	ATrueAndFaithfulRelation	1659	modern	patron-undated:no-date		English	A True and Faithful Relation of what passed between Dr. John Dee and Some Spirits
6953ce6577f38f6761be4124	L076SenecaTheYoungerEpistulaeMoralesV6692	1639	modern	patron-undated:no-date		English	Seneca Epistulae Morales Vol. 2 (Letters 66-92)
69b4c06e6248be021e01f197	ManlyPalmerHallBox14	1500–1825	modern	patron-undated:no-date		English	Manly Palmer Hall Box 14
69d5abbfd0bd3547a5654016	TheOpticsOfIbnAlHaythamBooksI	1021	modern	patron-undated:no-date		English	Kitab al-Manazir
69d5ad884dc55b8478de0cad	collected-works-of-chinul	1210	modern	patron-undated:no-date		English	Collected Works of Chinul
69d7e267e08c70307b766306	SaundaryaLahariOfShankaracharya	800	modern	patron-undated:no-date		English	Saundarya Lahari of Shankaracharya
69b4c05f6248be021e01ef7e	ManlyPalmerHallBox07	1500–1825	modern	patron-undated:no-date		English	Manly Palmer Hall Box 07
69b4c0726248be021e01f1ac	ManlyPalmerHallBox15	1500–1825	modern	patron-undated:no-date		English	Manly Palmer Hall Box 15
69b4c0776248be021e01f245	ManlyPalmerHallBox17	1500–1825	modern	patron-undated:no-date		English	Manly Palmer Hall Box 17
69b4c0c96248be021e01fd54	ManlyPalmerHallBox18V02	1500–1825	modern	patron-undated:no-date		English	Manly Palmer Hall Box 18 V 02
69b4c0e86248be021e020383	ManlyPalmerHallBox18V07	1500–1825	modern	patron-undated:no-date		English	Manly Palmer Hall Box 18 V 07
69b4c0ed6248be021e0204d6	ManlyPalmerHallBox18V08	1500–1825	modern	patron-undated:no-date		English	Manly Palmer Hall Box 18 V 08
69b4c10c6248be021e020b09	ManlyPalmerHallBox18V12	1500–1825	modern	patron-undated:no-date		English	Manly Palmer Hall Box 18 V 12
69b4c13f779e2e78e20e7566	ManlyPalmerHallBox18Ms102V20	1500–1825	modern	patron-undated:no-date		English	Manly Palmer Hall- Complete Collection of Alchemical Works
69e7534169e8edc5cf05a6e0	XenophonSymposium	-360	modern	patron-undated:no-date		English	Symposium
69e7534a69e8edc5cf05a70b	NatyaShastraOfBharataMuniVolume1	200	modern	patron-undated:no-date		English	Nāṭyaśāstra of Bharata Muni, Vol. 1
69e75350095c302d3fdda397	NatyaShastraOfBharataMuniVolume2	200	modern	patron-undated:no-date		English	Nāṭyaśāstra of Bharata Muni, Vol. 2
69e786bd6846fc56c490eab8	Geoponica01	950	modern	patron-undated:no-date		English	Geoponika: Agricultural Pursuits, Vol. 1
69e786c36846fc56c490ec16	Geoponica02	950	modern	patron-undated:no-date		English	Geoponika: Agricultural Pursuits, Vol. 2
6a08dd8ddb33045508580006	TheSchoolOfVenusOrTheLadiesDelightReducedIntoRulesOfPractice	1680	modern	patron-undated:no-date		English	The School of Venus, or The Ladies Delight Reduced into Rules of Practice (1680) — English translation of L'École des fi
6a0a228796b0a42a99734dc5	212050000k1	850	modern	patron-undated:no-date		English	Banū Mūsā ibn Shākir, Kitāb al-Ḥiyal (Book of Ingenious Devices)
6a1aa4e6c8638d1ea5c80240	theosophic-correspondence	1792	modern	patron-undated:no-date		English	Theosophic Correspondence (with Kirchberger)
69b4c0556248be021e01eeda	ManlyPalmerHallBox05	1500–1825	modern	patron-undated:no-date		French	Manly Palmer Hall Box 05
69b4c05a6248be021e01ef01	ManlyPalmerHallBox06	1500–1825	modern	patron-undated:no-date		French	Manly Palmer Hall Box 06
69b4c04c6248be021e01ed20	ManlyPalmerHallBox01	1500–1825	modern	patron-undated:no-date		French	Manly Palmer Hall Box 01
69b4c0926248be021e01f719	ManlyPalmerHallBox27	1500–1825	modern	patron-undated:no-date		French	Manly Palmer Hall Box 27
69b4c06a6248be021e01f03c	ManlyPalmerHallBox11	1500–1825	modern	patron-undated:no-date		French	Manly Palmer Hall Box 11
69b4c0646248be021e01efc5	ManlyPalmerHallBox10	1500–1825	modern	patron-undated:no-date		French	Manly Palmer Hall Box 10
69b4c0886248be021e01f641	ManlyPalmerHallBox21	1500–1825	modern	patron-undated:no-date		French	Manly Palmer Hall Box 21
69b4c0976248be021e01f798	ManlyPalmerHallBox36	1500–1825	modern	patron-undated:no-date		French	Manly Palmer Hall Box 36
69b4c0836248be021e01f25c	ManlyPalmerHallBox20	1500–1825	modern	patron-undated:no-date		French	Manly Palmer Hall Box 20
69b4c08d6248be021e01f6a0	ManlyPalmerHallBox25	1500–1825	modern	patron-undated:no-date		French	Manly Palmer Hall Box 25
69b4c09b6248be021e01f7e9	ManlyPalmerHallBox37	1500–1825	modern	patron-undated:no-date		French	Manly Palmer Hall Box 37
69b4c0a56248be021e01f957	ManlyPalmerHallBox40	1500–1825	modern	patron-undated:no-date		French	Manly Palmer Hall Box 40
69e3ff6fb142e5dd9d6b03d0	lescoledesfilles44877gut	1668	modern	patron-undated:no-date		French	L'École des Filles
69b4c0a06248be021e01f8a0	ManlyPalmerHallBox38	1500–1825	modern	patron-undated:no-date		German	Manly Palmer Hall Box 38
69e7495285f786e884a4e6ce	manyoushuu	759	modern	patron-undated:no-date		Japanese	万葉集 (Man'yōshū)
6953ce6377f38f6761be3e63	L075SenecaTheYoungerIVEpistulaeMoralesI140	1512	modern	patron-undated:no-date		Latin	Seneca Epistulae Morales Vol. 1 (Letters 1-40)
6953c67c77f38f6761bd9970	physica-hildegard-von-bingen	1533	modern	patron-undated:no-date		Latin	Physica - Hildegard von Bingen
6953ce7c77f38f6761be46ba	L214SenecaTheYoungerMoralEssaysIProvidentiaConstantiaIraClementia	1643	modern	patron-undated:no-date		Latin	Seneca Moral Essays Vol. 1 (Providence, Constancy, Anger, Clemency)
69aea87b1cbf28a363a4fd05	InNovumTestamentumAnnotationesApprim	1526	modern	patron-undated:no-date		Latin	In Novum Testamentum Annotationes
69b4c0506248be021e01ee6b	ManlyPalmerHallBox03	1500–1825	modern	patron-undated:no-date		Latin	Manly Palmer Hall Box 03
6a2198155ce215cb9ac70f53	aciiilat	1751	modern	patron-undated:no-date		Latin	Arcana Coelestia, Vol. III
69e010dbc47b5c9f88214169	RamayanaKakawinVol.1	900	modern	patron-undated:no-date		Old Javanese	Ramayana Kakawin, Vol. 1 (Old Javanese epic)
69e010e3c47b5c9f88214299	RamayanaKakawinVol.2	900	modern	patron-undated:no-date		Old Javanese	Ramayana Kakawin, Vol. 2
6a08e2de50bd891addfb53a5	NedimDivan	1730	modern	patron-undated:no-date		Ottoman Turkish	Nedîm Divânı — collected divan poetry of Nedim (Ottoman Turkish)
69e748bd49abba5e982816d3	GolestanSaadiPersianTextPdf	1258	modern	patron-undated:no-date		Persian	گلستان (Golestān)
69e748cd49abba5e98281879	MakhzanulAsraar-NizamiGanjaviFarsi	1163	modern	patron-undated:no-date		Persian	مخزن الاسرار (Makhzan al-Asrār)
69e748da49abba5e98281b25	HaftPaikar-NizamiGanjaviFarsi	1197	modern	patron-undated:no-date		Persian	هفت پیکر (Haft Paykar)
69e748e049abba5e98281ded	khosrow-shirin	1180	modern	patron-undated:no-date		Persian	خسرو و شیرین (Khosrow va Shīrīn)
69e74ef95cf1eaf3ad80e04c	Sharafnama-HakeemNizamiGanjaviFarsi	1200	modern	patron-undated:no-date		Persian	شرفنامه (Sharafnāma)
69e7934980b52390feb1853b	IlahiNama-FareeduddinAttarFarsi	1200	modern	patron-undated:no-date		Persian	الهی نامه (Ilāhī-Nāma)
6a088afebd8fc3beee8aa59c	KulliyatEUbaydZakaniFarsi	1340	modern	patron-undated:no-date		Persian	Kulliyāt-i ʿUbayd Zākānī (Complete Works)
6a08a3a28fae3d3f19b789cd	MuntakhabELataaifENizamuddinMaulanaUbaydZakani	1370	modern	patron-undated:no-date		Persian	منتخب لطائف نظام الدین مولانا عبید زاکانی (Muntakhab-i Laṭā'if)
6a08c5ffe4e4b7b8793e97a9	HajviyaatOHazaliyaat-UbaidZakaniFarsi	1350	modern	patron-undated:no-date		Persian	Hajviyaat o Hazaliyaat — satirical and erotic verse (Ubaid Zakani, Persian)
6a08fd129c1b82475e15bd60	BaburnamaMausoomBaTuzukEBaburiFarsiTarjuma	1589	modern	patron-undated:no-date		Persian	Baburnāma, mawsūm bi-Tuzuk-i Bāburī (بابرنامہ موسوم بتزک بابری) — Persian recension of Babur's memoirs, Khan-i-Khanan tr
6a08fd1d9c1b82475e15be68	JahangirNamaTuzukEJahangiri-NooruddinMuhammadJahangirGurkaniFarsi	1627	modern	patron-undated:no-date		Persian	Jahāngīrnāma, mawsūm bi-Tuzuk-i Jahāngīrī (جہانگیر نامہ موسوم بتزک جہانگیری) — Persian autobiography of the Mughal emper
6a08fd269c1b82475e15c0fa	JahangirNama-QasimMadihFarsi	1620	modern	patron-undated:no-date		Persian	Jahāngīrnāma (جہانگیر نامہ) — Qāsim Madīḥ (Persian chronicle of Jahangir's reign)
6a08fe27cba2f4fe3ad83918	TazkiraEHumayunOAkbar-BayazidBayatFarsi	1590	modern	patron-undated:no-date		Persian	Tazkira-i Humāyūn wa Akbar (تذکرہ ہمایوں و اکبر) — Bayazid Bayat, Persian memoir of service at the Mughal court
6a09fcbaedaf0f8bef57b987	AbuAl-fazlsAin-iAkbariInPersianVol1Part1of2	1590	modern	patron-undated:no-date		Persian	Aʾīn-i Akbarī (Vol. 1, Part 1) — incl. Pachisi/Chaupar at Akbar's court
6a09fcc5edaf0f8bef57ba2f	AbuAl-fazlsAin-iAkbariInPersianVol1Part2of2	1590	modern	patron-undated:no-date		Persian	Aʾīn-i Akbarī (Vol. 1, Part 2)
69b9a3e9caec562cc8874542	guru-granth-sahib-ji	1604	modern	patron-undated:no-date		Punjabi	Srī Gurū Granth Sāhib Jī
699066c5249ce014347d1d90	pashakavali-CGV-SDPB-0211	1610	modern	patron-undated:no-date		Sanskrit	Pashakavali (Dice Divination)
699066c8249ce014347d1da1	jatakapaddhati-CGV-PSS-0140-0250	1433	modern	patron-undated:no-date		Sanskrit	Jataka Paddhati
699066d8249ce014347d1dd3	rajavallabha-CGV-PSS-0159-1437_1448	1450	modern	patron-undated:no-date		Sanskrit	Rajavallabha (Royal Astrology)
699066ef249ce014347d20c8	chandrabhavadhyaya-CGV-PSS-0131-0983	1780	modern	patron-undated:no-date		Sanskrit	Chandra Bhavadhyaya (Lunar Mansions)
69906d0a64d44bd0a0ef50e9	muhurtamartanda_martandavallabhasahita-CGV-SDPB-0103	1572	modern	patron-undated:no-date		Sanskrit	Muhurta Martanda with Martanda Vallabha
69906d2364d44bd0a0ef521d	prayogaratna_grahamakhaprayoga_-CGV-PSS-0537-0177	1604	modern	patron-undated:no-date		Sanskrit	Prayogaratna Graha Makha Prayoga
69906d2c64d44bd0a0ef5275	navagrahamakhaprayoga_vinayakashantipaddhati-CGV-SDPB-0126	1709	modern	patron-undated:no-date		Sanskrit	Navagraha Makha Prayoga with Vinayaka Shanti
69906d5364d44bd0a0ef5344	grahakaumudi-CGV-PSS-0137-1033	1771	modern	patron-undated:no-date		Sanskrit	Graha Kaumudi
69935b4a8e28d8f4c5d3cf8c	upanishads-collection-sanskrit-mool-only	800 BCE	modern	patron-undated:no-date		Sanskrit	Fifteen Principal Upanishads (Sanskrit Mūla Text)
69d7e10be9e5e67989c373f9	SaradaTilakaTantra	1100	modern	patron-undated:no-date		Sanskrit	Sharada Tilaka Tantra (Laxmanacharya)
69d7e2147b3ae67b6e6ea9c8	kakshaputa-CGV-SDPB-0687	1500	modern	patron-undated:no-date		Sanskrit	Kakshaputa (attributed to Nagarjuna)
69e7835dd93c1f6007506c9e	Vrikshayurveda	1000	modern	patron-undated:no-date		Sanskrit	वृक्षायुर्वेद (Vṛkṣāyurveda / Science of Plant Life)
6a08a3dbfc6cdaefe240bf9c	lfhk_chaura-panchashika-of-bilhana-by-s.-n.-tadpatrikar-series-no.-86-puna-oriental-series	1100	modern	patron-undated:no-date		Sanskrit	Chaura Panchashika (Caurapañcāśikā) — Fifty Stanzas of the Thief
69c666975ee2cfa2f502cf88	Mudrarakshasa-Vishakhadatta-SanskritTextTranslation	400	modern	patron-undated:no-date		Sanskrit	Mudrarakshasa — The Signet Ring of Rakshasa (Maurya political drama)
69c666205ee2cfa2f502bb32	Bijaganita	1150	modern	patron-undated:no-date		Sanskrit	Bijaganita (बीजगणित) — Algebra of Bhaskara II
69c6665e5ee2cfa2f502c7c1	siddhanta-siromani-goladhyaya-with-marichi-bhashya-bhaskaracharya-kedar-dutta-joshi	1150	modern	patron-undated:no-date		Sanskrit	Siddhanta Shiromani — Goladhyaya (Astronomy of Spheres)
69c6618e01a26ccff09f5411	NatyaShastraWithCommentaryOfAbhinavaGuptaByMRamakrishnaKavi	-200	modern	patron-undated:no-date		Sanskrit	Natyashastra (नाट्यशास्त्र) with Abhinavabharati commentary
69a5e9ee787d6e9b8d42e92d	ChronicleOfEdessaed.Assemani	1719	modern	patron-undated:no-date		Syriac	Chronicle of Edessa (Chronicon Edessenum)
69e0107bc47b5c9f882132ec	visuddhimagga-thai-pdf	500	modern	patron-undated:no-date		Thai	Visuddhimagga (วิสุทธิมรรค, Path of Purification) in Thai
69e74626831080b8de4a7494	bdrc-W1CZ1980	1500	modern	patron-undated:no-date		Tibetan	Miscellaneous Writings of Drukpa Kunley
69e7462e831080b8de4a78ab	bdrc-W3CN22981	1580	modern	patron-undated:no-date		Tibetan	Religious History: The Sun That Causes the Lotus of the Teaching to Bloom
69e74635831080b8de4a7add	bdrc-W3CN12887	1600	modern	patron-undated:no-date		Tibetan	Collected Drukpa Kagyu Woodblock Print Texts
69e747fa85f786e884a4a8a0	bdrc-W3CN18480	1480	modern	patron-undated:no-date		Tibetan	Treasure Teachings of Pema Lingpa
69e7480a85f786e884a4ad1c	bdrc-W3CN727	1500	modern	patron-undated:no-date		Tibetan	Silver Manuscript Edition of Pema Lingpa's Treasure Teachings
69e7484085f786e884a4c10f	bdrc-W1KG2849	1250	modern	patron-undated:no-date		Tibetan	Biography of Tsangpa Gyare, Founder of the Drukpa Kagyu
69bcfff6f403a9ca2380e8c7	bdrc-W1KG8902	1407	modern	patron-undated:no-date		Tibetan	legs bshad snying po (Tsongkhapa's Essence of Eloquence)
69bcfeb6f403a9ca2380e022	bdrc-W1KG2783	1488	modern	patron-undated:no-date		Tibetan	rje btsun mi la ras pa'i rnam thar (Life of Milarepa)
69bcfef5f403a9ca2380e1e7	bdrc-W24009	1100	modern	patron-undated:no-date		Tibetan	mi la ras pa'i rdo rje'i mgur drug (Milarepa's Vajra Songs)
69d5ac49d0bd3547a5655d65	layli-va-majnun-alisher-navoiy	1484	modern	patron-undated:no-date		Uzbek	Layli va Majnun
69c666715ee2cfa2f502ca95	rajatarangini	1148	modern	patron-undated:placeholder-year		Sanskrit	Rajatarangini (राजतरङ्गिणी) — Chronicle of the Kings of Kashmir
69e72674a409200ea79ef3ae	in.ernet.dli.2015.487255	1199	modern	stated-date-dli	1908	Sanskrit	Panchatantra (Purnabhadra Recension)
69c665fc5ee2cfa2f502b85a	in.ernet.dli.2015.486903	-1000	modern	stated-date-dli	1901	Sanskrit	Yajur Veda Samhita (White Yajurveda, Vajasaneyi)
69c6667c5ee2cfa2f502ccdf	in.ernet.dli.2015.312778	606	modern	stated-date-dli	1918	Sanskrit	Harshacharita — Life of Emperor Harsha
69d5ac17d0bd3547a565520e	hadhakitabalhaya567jahi	850	modern	stated-date-library	1905	Arabic	Kitab al-Hayawan
69d5ac19d0bd3547a56553d5	grigornarekatsie0000sara	977	modern	stated-date-library	1951	Armenian	Matean Voghbergut'yan
6a088b03bd8fc3beee8aa70c	jouputuanprayerm00liyu	1657	modern	stated-date-library	1963	Chinese	Jou Pu Tuan: The Prayer Mat of Flesh
69e009b138e6b96e05869b6f	samguksagikwon15078800	1145	modern	stated-date-library	2026	Classical Chinese	Samguk Sagi (삼국사기, History of the Three Kingdoms)
6952b05577f38f6761bc26c0	aplatonickdisco02benigoog	1651	modern	stated-date-library	1914	English	A Platonick Discourse Upon Love
69d5ad004dc55b8478dde8b6	cu31924096083336	250	modern	stated-date-library	1920	English	Ethiopic Didascalia
69d5adf3d0bd3547a5656821	mahavamsagreatch00geigrich	500	modern	stated-date-library	1912	English	Mahavamsa
69de996f1b234a773e43afae	thomaskydsspani00schigoog	1592	modern	stated-date-library	1901	English	The Spanish Tragedy
69de997b1b234a773e43b0cf	everymanamoralp03evergoog	1520	modern	stated-date-library	1904	English	Everyman: A Morality Play
6a4ad8ddd6371d99e76685cb	inquirytotherights00blanrich	1766	modern	stated-date-library	1922	English	An Inquiry into the Rights of the British Colonies
6aa331f30583d2ccd3f13e44	introductiontodefran	[190-?]	modern	stated-date-library	1900	English	Introduction to the Devout Life
6a4ad84ad6371d99e7667bc1	ledroitdesgensou01vattuoft	1758	modern	stated-date-library	1916	French	Le Droit des gens, ou Principes de la loi naturelle (facsimile reproduction of the 1758 edition), Vol. 1
6a4ad852d6371d99e7667e64	ledroitdesgensou02vattuoft	1758	modern	stated-date-library	1916	French	Le Droit des gens, ou Principes de la loi naturelle (facsimile reproduction of the 1758 edition), Vol. 2
69ee8e98e89af286f6548e71	dasnordundostli00kruegoog	1730	modern	stated-date-library	1900	German	The North and Eastern Part of Europe and Asia
695434691479a63c11089287	kritikderreinenv19kant	1796	modern	stated-date-library	1919	German	Kritik der reinen Vernunft (German)
6953cee877f38f6761be5dd8	euthyphrapologyc01plat	1683	modern	stated-date-library	1943	Greek	Plato Euthyphro, Apology, Crito, Phaedo, Phaedrus
6956890dbe7c607c5f03c7d9	cityofsun0000tomm	1602	modern	stated-date-library	1929	Italian	The City of the Sun
69dea2564d19ec2e9ba76384	31761104063904	1605	modern	stated-date-library	1926	Italian	Il Quinto Libro de Madrigali (Fifth Book of Madrigals)
6953e49577f38f6761beeaed	dialoguesconcern00galiuoft	1635	modern	stated-date-library	1914	Italian-English	Dialogues Concerning Two New Sciences
69ee9196b713c277fb8211d3	konjakumonogatar038800uoft	1120	modern	stated-date-library	1932	Japanese	Konjaku Monogatarishū, Vol. 3
69e009f338e6b96e05869eb9	yenyommitatojang05asam	1503	modern	stated-date-library	2026	Korean	Yenyom Mita Toryang Champop, Vol. 5
69ef3dc072c1376fdf2b0cf8	bub_gb_VgNqAAAAIAAJ	1735	modern	stated-date-library	1900	Latin	Meditationes Philosophicae de Nonnullis ad Poema Pertinentibus
6a0b50391615109dc53b242d	charlesborromeos00voel	1577	modern	stated-date-library	1976	Latin	Instructiones Fabricae et Supellectilis Ecclesiasticae (1577 Latin original with English translation by Voelker)
69e412f8d214eb3aaa9be0e7	codexfejeyrvayr00sele	1400	modern	stated-date-library	1901	Nahuatl	Codex Fejérváry-Mayer
69de99741b234a773e43b0b4	artenuevodehacer00vega	1609	modern	stated-date-library	1915	Spanish	Arte Nuevo de Hacer Comedias en Este Tiempo
6a08a6bc55c14f46abd3f006	historiadelasplihern	1577	modern	stated-date-library	1942	Spanish	Historia de las plantas de Nueva España, Vol. 1
6a08a6fe55c14f46abd3f16b	historiadelaspliihern	1577	modern	stated-date-library	1942	Spanish	Historia de las plantas de Nueva España, Vol. 2
6a08a73255c14f46abd3f2f4	historiadelaspliiihern	1577	modern	stated-date-library	1942	Spanish	Historia de las plantas de Nueva España, Vol. 3
69b90581cdb14f317fb523a3	bv_051	1405	modern	stated-date-library:ah	1985	Persian	خمسه (Khamsah) — 24 miniatures
69ea5957d81c1e8a069c4399	angkor_202402	1297	modern	stated-date-patron	2024	Chinese	真臘風土記 (Zhēnlà Fēngtǔ Jì / Customs of Cambodia at Angkor)
69d5ad584dc55b8478ddfc4c	timbuktu-chronicles-1	1519	modern	stated-date-patron	2011	English	Ta'rikh al-Fattash
6a08fd1125e3a402b23b3a75	jonsonalchemist	1612	modern	stated-date-patron	1970	English	The Alchemist (1612 First Quarto, Scolar Press facsimile)
69e792d980b52390feb16d3b	hikayat-hang-tuah-i-2010	1700	modern	stated-date-patron	2010	Malay	Hikayat Hang Tuah, Vol. I
69e792de80b52390feb16e5e	hikayat-hang-tuah-ii-2010	1700	modern	stated-date-patron	2010	Malay	Hikayat Hang Tuah, Vol. II
69c666345ee2cfa2f502bbea	wg1026	628	modern	stated-date-patron	1966	Sanskrit	Brahma-sphuta-siddhanta — First Rules for Zero and Negative Numbers
69e786f56846fc56c4910f97	guaman-poma-de-ayala-felipe.-nueva-cronica-y-buen-gobierno.-version-paleografica	1615	modern	stated-date-patron	2015	Spanish	Nueva Corónica y Buen Gobierno
69ea06f14c15c76fe934a77a	las-casas-bartolome-de.-brevisima-relacion-de-la-destruccion-de-las-indias-ocr-1991_202107	1552	modern	stated-date-patron	1991	Spanish	Brevísima Relación de la Destrucción de las Indias
69e7463b831080b8de4a7d1a	bdrc-W26072	700	modern	stated-date-patron	1976	Tibetan	Mani Kabum: Great Collected Teachings on Avalokiteshvara
69e7464985f786e884a48296	bdrc-W23568	1710	modern	stated-date-patron	1990	Tibetan	Introduction to the Preliminary Practice of Mahamudra (Innate Union)
69e7465385f786e884a48575	bdrc-W27413	1700	modern	stated-date-patron	1981	Tibetan	An Introduction to Nag-rtsis (Chinese-Tibetan Astrology)
69e7481085f786e884a4b174	bdrc-W1CZ3878	1490	modern	stated-date-patron	1983	Tibetan	Pema Lingpa's Norgyam and Zhitro Kunzang Gongdu
69e7482f85f786e884a4bb0c	bdrc-W30157	1650	modern	stated-date-patron	1977	Tibetan	Songs of Two 17th-Century Lamas of Ganang
69e7483b85f786e884a4bf7a	bdrc-W3CN22956	1230	modern	stated-date-patron	2019	Tibetan	Collected Works of Gotsangpa Gonpo Dorje
69bcff5ff403a9ca2380e553	bdrc-W1KG18255	1352	modern	stated-date-patron	2010	Tibetan	bka' thang sde lnga (Five Chronicles of Padmasambhava)
69e8b0fd839ca3f47ec56c17	1342TheAlgebraOfMohammedBenMusaAlKwarizmiInArabic	830	modern	stated-date-patron:ah	1924	Arabic	كتاب الجبر والمقابلة (Kitāb al-Jabr)
69e8b2a72ff2a8dc09e7860d	ihya-ghazali	1402	modern	stated-date-patron:ah	1982	Arabic	إحياء علوم الدين (Iḥyāʾ ʿUlūm al-Dīn)
69b90532cdb14f317fb51460	baysonghori	1426	modern	stated-date-patron:ah	2005	Persian	شاهنامه بایسنقری (Shahnameh-yi Baysonghori)
69d91e423a50087f7bd9afc5	Atharvaveda	-1000	modern	stated-date-universallibrary	1962	Sanskrit	Atharvaveda (Saunaka recension)
69c661ca01a26ccff09f5bd1	ramamaryassvaram014442mbp	1550	modern	stated-date-universallibrary	1932	Sanskrit	Svaramelakalanidhi — Treasure of Music and Melody
a610a77b-5cca-4a21-88af-2953f0186f9a	MellonMS1_47	1657	modern	web-catalogue-screenshot:ds-legacy-data		Latin	Ars Notoria
69904dd97d19f3f2aac1d57b	BeineckeMS526_47	1300	modern	web-catalogue-screenshot:ds-legacy-data		Latin	De Coelesti Hierarchia
69e78326d93c1f60075061cd	MSLat243_2	1300	modern	web-catalogue-screenshot:ds-legacy-data		Latin	Liber Ruralium Commodorum (manuscript)
69dea2344d19ec2e9ba75e9c	pli.kerala.rare.13972	1789	unknown	dli-pre1800-unverified		English	Sacontalá, or The Fatal Ring (1789 Jones Translation)
69de98781b234a773e438843	m_042_yumingtang_v02_0001	1640	unknown	library-no-date		Chinese	玉茗堂集 (Jade Twig Hall Collection), Vol. 2
69dc55becb6f7429748b92f5	3844341	1494	unknown	library-no-date		Italian	Fasciculus medicinae [Italian] Fascicolo di medicina. Tr: Sebastianus Manilius. Add: Petrus de Tussignano: Consilium pro
6a98b9b3ec48f9ad103e2338	hin-wel-all-00000225-001	1556	unknown	library-no-date		Italian	La prima parte dell'istorie del Perù
6955739df63a7571091720cf	ljs47	c. 1490	unknown	library-no-date		Latin	De institutione musica (15th c. MS)
6958e968813ea03889c32a24	vlyssisaldrouan00berngoog	1640	unknown	library-no-date		Latin	Serpentum et draconum historiae libri duo
69bfbf0494e521147a83f3e0	jbc.bj.uj.edu.pl.NDIGORP014495	1451	unknown	library-no-date		Latin	Ptolemy Almagest (Latin translation, 15th c. MS)
69dc558ecb6f7429748b8ec8	4066208	1486	unknown	library-no-date		Latin	Herbarius latinus (with Dutch synonyms)
69dc5597cb6f7429748b9029	4066587	1486	unknown	library-no-date		Latin	Herbarius latinus (with French synonyms)
69dc55b8cb6f7429748b929c	3840467	1472	unknown	library-no-date		Latin	Sphaera mundi. Add: Gerardus Cremonensis: Theorica planetarum
69dc55cbcb6f7429748b939f	4113240	1502	unknown	library-no-date		Latin	Regimen sanitatis. Add: Arnoldus de Villa Nova: Phlebotomia. Hippocrates: Astronomia de infirmitatibus. Johannes de Zant
69dc55d2cb6f7429748b94b2	3843510_201912	1484	unknown	library-no-date		Latin	Liber physiognomiae. Add: Secreta Aristotelis
69af0bfad52f95654dfadf69	hin-wel-all-00001977-001	1599	unknown	library-no-date		Latin	Ornithologiae, Libri XII
6a0b44d11615109dc53b11aa	De-Laserpitio-et-Lasepitii-pluvia-PHAIDRA_o_418689	1620	unknown	library-no-date		Latin	De Laserpitio et Lasepitii pluvia (with De Cera, Cereisque et pluvia Cerea)
69e01110c47b5c9f882143be	kakawin-sutasoma-kak72	1365	unknown	library-no-date		Old Javanese	Kakawin Sutasoma (Old Javanese Buddhist epic)
6a08a3cffc6cdaefe240bd2c	cod-palmbl-iii-130	1500	unknown	library-no-date		Sanskrit	Anaṅgaraṅga (Cod. Palmbl. III 130)
6992cf12284cdd19fef46f87	02092354.cn	1621	unknown	not-on-ia		Chinese	武備志(九十六)
695262d8ab34727b1f046ade	geberisphilosoph00gebe	1542	unknown	not-on-ia		Latin	Summa perfectionis magisterii
69526359ab34727b1f046d5a	MutusLiber	1677	unknown	not-on-ia		Latin	Mutus Liber
69af106e266659b71a3220b1	b31934080	1662	unknown	not-on-ia		Latin	Observationes Anatomicae
6a437715e296c55144956ea3	b31941825_0002	1704	unknown	not-on-ia		Latin	Disputatio medica inauguralis de chlorosi, von der Iüngfern Kranckheit
69a5f052ac4e926899bd4c0d	TarikhMukhtasarAlDuwalLatin	1663	unknown	patron-date-unverified	1663	Arabic	Historia Compendiosa Dynastiarum (Pocock ed.)
69d5ac2ed0bd3547a565582f	KitabAlFihrist	987	unknown	patron-date-unverified	1872	Arabic	Kitab al-Fihrist
69d5ac49d0bd3547a5655d64	kitab-nuzhat-al-mushtaq-fi-ikhtiraq-al-afaq.-2.2-watermark	1154	unknown	patron-date-unverified	1592	Arabic	Nuzhat al-Mushtaq fi Ikhtiraq al-Afaq
69ef3d4272c1376fdf2aff50	ibn-miskawayh-refinement-of-character-tahdhib-al-akhlaq_202209	1030	unknown	patron-date-unverified	1899	Arabic	Tahdhib al-Akhlaq (The Refinement of Character)
699209bdbed8f4b5ff5b2b00	Alcoranus	1698	unknown	patron-date-unverified	1498	Arabic-Latin	Alcorani Textus Universus (Arabic & Latin)
6992cbda018b80967354bea2	TiangongKaiwu	1637	unknown	patron-date-unverified	1637	Chinese	天工開物 (Tiangong Kaiwu: Exploitation of the Works of Nature) Complete
69bf68dfdd5a136c308e1505	1_20210121_202101	1792	unknown	patron-date-unverified	1763	Chinese	紅樓夢 (程乙本)
69de98651b234a773e43855c	sheng-ming-za-ju2	1640	unknown	patron-date-unverified	1629	Chinese	盛明雜劇 二集 (Shengming Zaju, Second Collection)
69e792f880b52390feb17389	20210114_20210114_0556	1763	unknown	patron-date-unverified	1763	Chinese	紅樓夢 (Hónglóumèng / Dream of the Red Chamber)
6a29d62cc0df82e562e4c766	20210217_20210217_1959	1600	unknown	patron-date-unverified	1600	Chinese	金瓶梅詞話 萬曆原本 (Jin Ping Mei cihua, Wanli edition, National Palace Museum scan)
6a0efca491042301b338115f	Dobrotolyubie1793	1793	unknown	patron-date-unverified	1793	Church Slavonic	Добротолюбие (Dobrotolyubie, 1793) — Slavonic Philokalia
69a5d8d656c52e433d70a292	waghenaer-1584-spieghel-der-zeevaerdt	1584	unknown	patron-date-unverified	1584	Dutch	Spieghel der Zeevaerdt
6ab5a6736122fe9080c03110	architectura-navalis-et-regimen-nauticum-ofte-aaloude-en-hedendaagsche-scheeps-bouw-en-bestier	1690	unknown	patron-date-unverified	1690	Dutch	Architectura navalis et regimen nauticum, ofte Aaloude en hedendaagsche scheeps-bouw en bestier
6ab77b776b38d27997d1a2fb	journaelvandeongeluckigevoyagievan	1668	unknown	patron-date-unverified	1668	Dutch	Journael van de ongeluckige voyagie van 't jacht de Sperwer
695294acb184004c526a21c1	baconsylvasylvarum	1631	unknown	patron-date-unverified	1631	English	Sylva sylvarum: or A naturall historie. In ten centuries
6952950cb184004c526a296c	essays-bacon	1625	unknown	patron-date-unverified	1625	English	The Essayes or Covnsels, Civill and Morall
69528729ab34727b1f04cfb6	arcana-caelestia-the-heavenly-arcana-con	1749	unknown	patron-date-unverified	1749	English	Arcana Coelestia
69535b2277f38f6761bcdb4f	moredivinedialogues	1713	unknown	patron-date-unverified	1713	English	Divine Dialogues
6958e0799659a6529d577120	evelynsylva2ed	1670	unknown	patron-date-unverified	1670	English	Sylva, or A Discourse of Forest-trees
699060258cbcc9a4dba2cf6b	ca-william-lilly	1647	unknown	patron-date-unverified	1647	English	Christian Astrology
69906546726f64800c10b1de	the-garden-of-cyrus-or-the-quincuncial-l	1658	unknown	patron-date-unverified	1658	English	The Garden of Cyrus
699066802ec9f7db5717aac7	the-secret-of-the-commonwealth-of-elves-fauns-and-fairies	1691	unknown	patron-date-unverified	1691	English	The Secret Commonwealth of Elves, Fauns and Fairies
6991d8a58c1030b12444c22f	stanleyhistoryofphilosophy03	1660	unknown	patron-date-unverified	1660	English	The History of Philosophy, Vol. III (Pythagoras, Italick School, Chaldean)
6991d8d68c1030b12444cd57	stanleyhistoryofphilosophy01	1655	unknown	patron-date-unverified	1655	English	The History of Philosophy, Vol. I
699209f7a0b3f4095802ee49	1526-tyndale-nt	1526	unknown	patron-date-unverified	1526	English	The Newe Testament (Tyndale, 1526)
6993571783378b7aed7ce8f6	bhagavad-gita-charles-wilkins	1785	unknown	patron-date-unverified	1785	English	The Bhagvat-Geeta, or Dialogues of Kreeshna and Arjoon
69ac7f3c20878c5c9ba52de1	baconessaies	1598	unknown	patron-date-unverified	1598	English	Essaies: Religious Meditations. Places of Perswasion and Disswasion
69aec1ee45d0187100c61454	holderspeech	1669	unknown	patron-date-unverified	1669	English	Elements of Speech
69d0d4df73ada5ef0ac5e6d2	10219693bsb	1785	unknown	patron-date-unverified	1785	English	The Bhagvat-Geeta, or Dialogues of Kreeshna and Arjoon (First English Translation)
69d149181c2a66dc094b2894	taylor-philosophical-and-mathematical-commentaries...-t.-2-en-1792	1792	unknown	patron-date-unverified	1792	English	Commentaries of Proclus on Euclid, vol. 2
6958de54cf7070242ed41750	theatrumbotanicum00park	1629	unknown	patron-date-unverified	1640	English	Theatrum Botanicum: The Theater of Plants
69905b44aaa7f10ed4cfb8d5	digbytwotreatises	1644	unknown	patron-date-unverified	1644	English	Two Treatises: In the one of which, the Nature of Bodies; in the other, the Nature of Mans Soule, is looked into
69aebe61c0472fef6455aa53	mercury-or-the-swift-and-secret-messenger	1641	unknown	patron-date-unverified	1641	English	Mercury, or The Secret and Swift Messenger
69aec1f00767ad23dd0affb0	AnEssayTowardsARealCharacterAndAPhilosophicalLanguage	1668	unknown	patron-date-unverified	1668	English	An Essay towards a Real Character and a Philosophical Language
69de1c72d10d4b0d3f6f2748	clelandfannyhill01	1749	unknown	patron-date-unverified	1749	English	Memoirs of a Woman of Pleasure, Vol. 1
69de1c77d10d4b0d3f6f2835	clelandfannyhill02	1749	unknown	patron-date-unverified	1749	English	Memoirs of a Woman of Pleasure, Vol. 2
69de99681b234a773e43ab9b	workesofbenjamin01jons	1616	unknown	patron-date-unverified	1616	English	The Workes of Benjamin Jonson (First Folio)
69e753fc095c302d3fddc9c1	firstfolio	1623	unknown	patron-date-unverified	1623	English	Mr. William Shakespeares Comedies, Histories, & Tragedies (First Folio)
69e75a1c095c302d3fddebe4	TheDutchesseOfMalfey	1623	unknown	patron-date-unverified	1623	English	The Dutchesse of Malfey
69e7930d80b52390feb17790	journeytothewestwuchengen1592	1592	unknown	patron-date-unverified	1592	English	西遊記 (Xīyóu Jì / Journey to the West)
69ee4f2e6dd925d126f430a7	plinyhollandhistorie01	1601	unknown	patron-date-unverified	1601	English	The Historie of the World, Commonly Called the Naturall Historie of C. Plinius Secundus, Vol. 1
6a08fce825e3a402b23b3246	shakespeareromeoandjulietQ2	1599	unknown	patron-date-unverified	1599	English	The Most Excellent and Lamentable Tragedie, of Romeo and Juliet (Q2)
6a08fd1d25e3a402b23b3ae6	jonsonvolpone	1607	unknown	patron-date-unverified	1607	English	Ben: Ionson His Volpone or The Foxe
6a08fd3425e3a402b23b3c3a	jonsonbartholomewfair	1631	unknown	patron-date-unverified	1631	English	Bartholmevv Fayre: a Comedie, acted in the yeare, 1614
6a08fd5b25e3a402b23b3dca	marlowedoctorfaustus1631	1631	unknown	patron-date-unverified	1631	English	The Tragicall Historie of the Life and Death of Doctor Faustus (1631)
6a08fd6925e3a402b23b3e60	marloweedwardthesecond	1594	unknown	patron-date-unverified	1594	English	The Troublesome Raigne and Lamentable Death of Edward the Second
6a090c1e44b481aa5a37dbcf	MemorialOrBriefForTheComteDeCagliostro	1786	unknown	patron-date-unverified	1786	English	Memorial, or Brief, for the Comte de Cagliostro, Defendant, against the King's Attorney-General (London, 1786 English)
6a423b28c1f44d759e6cd158	jstor-101448	1665-01-01	unknown	patron-date-unverified	1665	English	Prodromus Cometicus, Quo Historia, Cometae Anno 1664 Exorti Cursum, Faciesque diversas Capitis ac Caudae accurate deline
6a4a330db49cf960c37de1ec	miltonareopagitica	1644	unknown	patron-date-unverified	1644	English	Areopagitica
6a4a3e31f0f4a3b75e909741	sternesermons01	1760	unknown	patron-date-unverified	1760	English	The Sermons of Mr. Yorick
69ac7efa20878c5c9ba5211b	baconapophthegmes	1625	unknown	patron-date-unverified	1625	English	Apophthegmes New and Old
69aea5270fefd7831dcdacb2	locke-2-treatises-of-civil-government-cambridge-laslett.-archive	1690	unknown	patron-date-unverified	1690	English	Two Treatises of Government
6a51c052156ae01312cefdf5	aschamscholemaster	1570	unknown	patron-date-unverified	1570	English	The scholemaster or plaine and perfite way of teachyng children, to understand, write, and speake, the Latin tong but sp
6a8f6236ddd2f57fe0f8144f	10227043bsb	1787	unknown	patron-date-unverified	1787	English	An Historical and Chronological Deduction of the Origin of Commerce
6a94b59e1041a1eb1e96cf24	taylorholyliving2ed	1651	unknown	patron-date-unverified	1651	English	The Rule and Exercises of Holy Living
6aa35f6da74235ce27726ff8	interior-castle-by-saint-teresa-of-avila	1577	unknown	patron-date-unverified	1577	English	Interior Castle
695594407bd6d2cd1d61d2cf	ConsolationDeLaPhilosophie1650	1650	unknown	patron-date-unverified	1650	French	Boethius Consolation de la Philosophie (1650)
69568901be7c607c5f03c2f1	imslp-universelle-mersenne-marin	1636	unknown	patron-date-unverified	1636	French	Harmonie Universelle
69905d0eaaa7f10ed4cfd7bd	LesOeuvresDiversesDeMrDeCyranoBer	1654	unknown	patron-date-unverified	1654	French	Les Oeuvres Diverses (Histoire comique de la Lune)
69906488ef12272ffdc93bda	NostradamusPropheties1668Amsterdam	1668	unknown	patron-date-unverified	1668	French	Les Vrayes Centuries et Propheties (1668 Amsterdam)
69b874415b674b1d250a65eb	leieudeseschecsdistichon	1559	unknown	patron-date-unverified	1559	French	Le jeu des eschecz
69de1c7cd10d4b0d3f6f293e	JustineOuLesMalheursDeLaVertu	1791	unknown	patron-date-unverified	1791	French	Justine, ou les Malheurs de la vertu
69e726d2a409200ea79efb7d	FablesChoisiesMisesEnVers1696	1696	unknown	patron-date-unverified	1696	French	Fables choisies, mises en vers
69e750cd10ee9075bcdcc8b1	OeuvresDeFrancoisVillon	1723	unknown	patron-date-unverified	1723	French	Les Oeuvres de François Villon
69e7540f095c302d3fddcd7d	moliere-oeuvres_completes_1	1660	unknown	patron-date-unverified	1660	French	Oeuvres Complètes, Tome 1
69e7541d095c302d3fddd1b3	moliere-oeuvres_completes_2	1666	unknown	patron-date-unverified	1666	French	Oeuvres Complètes, Tome 2
6a09091244b481aa5a37cc4a	vie_de_ste_mere_therese_de_jesus-d_avila-vita_s_virginis_teresiae_a_iesv_gravures	1630	unknown	patron-date-unverified	1630	French	Vie de Ste Mère Thérèse d'Avila en Gravures (French, 1630) — engraved life-cycle from Collaert & Galle's Vita S. Virgini
6a0b44031615109dc53b0209	bub_gal_ark_12148_btv1b86207846	1605	unknown	patron-date-unverified	1605	French	Le Théâtre d'Agriculture et Mesnage des Champs (3rd edition)
6a53dc54ee75bc113c8ca1de	bub_gal_ark_12148_bpt6k11718168	1588	unknown	patron-date-unverified	1588	French	Les Essais (Cinquiesme edition)
6a602b07495fb0f61871bad0	10299250bsb	1783	unknown	patron-date-unverified	1783	French	Traité des maladies des grains
6aa1d56977169abff1623767	imgmar3829MiscellaneaOpal	1683	unknown	patron-date-unverified	1683	French	De la sainteté et des devoirs de la vie monastique, tome 1
6aa1d56d77169abff1623945	imgmar3829aaaMiscellaneaOpal	1683	unknown	patron-date-unverified	1683	French	De la sainteté et des devoirs de la vie monastique, tome 2
6aa7cf64fd6dd3b07d31d3e7	danceman219	1589	unknown	patron-date-unverified	1589	French	Orchésographie, et traicté en forme de dialogue, par lequel toutes personnes peuvent facilement apprendre & practiquer l
69d5ad584dc55b8478ddfc4b	GEZPOR_DBS_HS	1300	unknown	patron-date-unverified	1300	Ge'ez	Krestos Gospels (Illuminated)
69528702ab34727b1f04cf65	10260436bsb	1635	unknown	patron-date-unverified	1635	German	Der Weg zu Christo
695286feab34727b1f04cf28	10260362bsb	1682	unknown	patron-date-unverified	1682	German	Alle Theosophische Wercken
695435671479a63c1108c8ed	10042268bsb	1753	unknown	patron-date-unverified	1752	German	Vernunftige Gedancken von der Menschen Thun und Lassen (Deutsche Ethik)
69905808172958904413516a	10908815bsb	1787	unknown	patron-date-unverified	1787	German	Entdeckungen ueber die Theorie des Klanges
6990581117295890441354f2	10287663bsb	1781	unknown	patron-date-unverified	1781	German	Abhandlung ueber die Entdeckung des thierischen Magnetismus
69905d842fd6a0399389fdad	sucho-id-der-neu-layenspiegel	1512	unknown	patron-date-unverified	1512	German	Der Neu Layenspiegel
699062f6e7b7642c081dd071	10134653bsb	1798	unknown	patron-date-unverified	1798	German	Beweis, daß ein beständiger Galvanismus den Lebensproceß begleite
6990632fef12272ffdc900f2	10927076	1798	unknown	patron-date-unverified	1798	German	Von der Weltseele; eine Hypothese der höhern Physik zur Erklärung des allgemeinen Organismus
69ac8558960d5ad0b4732674	10041942bsb	1785	unknown	patron-date-unverified	1785	German	Sophron und Neophilus, oder Die Schule der Weisheit
69ade6cc2fcf4ffa86cec233	11916153bsb	1783	unknown	patron-date-unverified	1783	German	Prolegomena zu einer jeden künftigen Metaphysik
69ade6d6bb15476a4a47b767	11760829bsb	1794	unknown	patron-date-unverified	1794	German	Grundlegung zur Metaphysik der Sitten
69ade77e775b930e8e2935f2	10047569	1794	unknown	patron-date-unverified	1794	German	Grundlage der gesammten Wissenschaftslehre
69ade7c3da7f32a00beda515	11274136bsb	1720	unknown	patron-date-unverified	1720	German	Vernünfftige Gedancken von Gott, der Welt und der Seele des Menschen
69ade7eeda7f32a00bedaa7c	HerderAbhSprache1772	1772	unknown	patron-date-unverified	1772	German	Abhandlung über den Ursprung der Sprache
69afe1882aed98f61157f62b	10435639bsb	1774	unknown	patron-date-unverified	1774	German	Auch eine Philosophie der Geschichte zur Bildung der Menschheit
69afe1b02aed98f61157f6f6	10897891bsb	1784	unknown	patron-date-unverified	1784	German	Ideen zur Philosophie der Geschichte der Menschheit, Erster Theil
69afe233cf56258c93890546	10897892bsb	1785	unknown	patron-date-unverified	1785	German	Ideen zur Philosophie der Geschichte der Menschheit, Zweyter Theil
69afe25fcf56258c93890851	11216774bsb	1791	unknown	patron-date-unverified	1791	German	Ideen zur Philosophie der Geschichte der Menschheit, Vierter Theil
699209ee3314ba2d80f86964	lutherbibel1535	1535	unknown	patron-date-unverified	1535	German	Biblia: Luther Bible (1535)
69e748b385f786e884a4cd8d	11720281bsb	1790	unknown	patron-date-unverified	1790	German	Faust: Ein Fragment
69e759f8095c302d3fdde85d	10129242bsb	1779	unknown	patron-date-unverified	1779	German	Nathan der Weise
69e759fd095c302d3fdde96b	11252058bsb	1772	unknown	patron-date-unverified	1772	German	Emilia Galotti
69e961962beefe2f6f72c109	staden	1557	unknown	patron-date-unverified	1557	German	Warhaftige Historia (True History of Brazil)
69ef3d8c72c1376fdf2b04e9	00074585bsb	1766	unknown	patron-date-unverified	1766	German	Laokoon, oder über die Grenzen der Mahlerey und Poesie
69ef3d9272c1376fdf2b0629	00074302bsb	1764	unknown	patron-date-unverified	1764	German	Geschichte der Kunst des Alterthums
6a0b2591620b66ad8f233f52	11220259bsb	1761	unknown	patron-date-unverified	1761	German	Mikroskopische Gemüths- und Augen-Ergötzung
6a41a4b7175d860a9948c9d5	11433767bsb	1699	unknown	patron-date-unverified	1699	German	Tractatus Polyhistoricus Magico-Medicus
6a4239d07abd71873bc7ca40	10053090bsb	1660	unknown	patron-date-unverified	1660	German	Astrolabium Das ist: Gründliche Beschreibung und Unterricht, wie solches herrliche und hochnützliche Astronomische Instr
6a423b26c1f44d759e6cd0da	10873990bsb	1665	unknown	patron-date-unverified	1665	German	Cometologia. Das ist Cometen Predigt, oder Erklärung der Worte Deß Propheten Esaiä, am 40. Capitel, im 26. Versikel, von
6a423b61c1f44d759e6cdc59	11229915bsb	1681	unknown	patron-date-unverified	1681	German	Coeli Planetarum Continuatio, Das ist Fortsetzung Des Planeten-Himmelß: Darinnen die Fundamenta der gantzen Theorie und 
6a424e6680ec989e1e67d170	10391687bsb	1618	unknown	patron-date-unverified	1618	German	Kurtzer Bericht Von der Colica oder Darmgrimmen : Darinnen von dieser Kranckheit eigenschafft, Sitz, Zeichen und Ursache
6a424f2fc1f44d759e6d2bf5	10186557bsb	1620	unknown	patron-date-unverified	1620	German	Medicina Militaris. Das ist, Gemeine Handtstücklein zur KriegsArtzney gehörig : Mit wolgegründten Experimenten gezieret,
6a4256b4dfbbb4d07aa547b9	11219319bsb	1614	unknown	patron-date-unverified	1614	German	Consilium Antipestiferum ... Das ist, Ein getrewer Rath in gefehrlichen und gifftigen Sterbensleufften, oder Pestilentzs
6a42597edfbbb4d07aa5a0f3	11269908bsb	1605	unknown	patron-date-unverified	1605	German	Neuw wasserschatz das ist: aller heylsamen metallischen minerischen baeder und wasser, sonderlich aber der new erfundene
6a425c02dfbbb4d07aa5ce47	11853806bsb	1677	unknown	patron-date-unverified	1677	German	Epistolae Et Consilia
6a425c1ddfbbb4d07aa5d6b9	11250880bsb	1633	unknown	patron-date-unverified	1633	German	Ein Neu Buch, von bewehrter Roß Artzneyen: Darinnen allerhand statliche Experiment, und Artzneyen: wie die in Türckeyen,
6a425c49dfbbb4d07aa5e4e4	10474105bsb	1679	unknown	patron-date-unverified	1679	German	Ortus & Occasus Calculi Renum, Oder: Beschreibung des Nieren-Steins: Das ist, Ein kurtzes, dennoch nach den warhaften Gr
6a425cbcdfbbb4d07aa5fc6c	10289707bsb	1714	unknown	patron-date-unverified	1714	German	Chirurgischer Wegweiser: Allen Angehenden, so zur Wund-Artzney-Kunst zu gelangen Begierde haben, in Neun Haupt-Theilen, 
6a425cc8dfbbb4d07aa5ff13	11278633bsb	1745	unknown	patron-date-unverified	1745	German	Deliciae Hortenses, Das ist: Blumen-Artzney-Kuchen- und Baum-Gartens-Lust: In zwey absonderliche Theil verfasset. In dem
6a425ccfdfbbb4d07aa60135	10376012bsb	1669	unknown	patron-date-unverified	1669	German	Balnei Abacensis In Bavaria inferiore nova descriptio. Das ist: Kurtze Beschreibung Des Wildbads zu Abach in nieder Bayr
6a425cfbdfbbb4d07aa60947	11069432bsb	1674	unknown	patron-date-unverified	1674	German	Johannis von Beverwyck, Hochberühmten Medici zu Dordrecht in Holland, Schatz der Ungesundheit, Als der allgemeinen Artze
6a425d01dfbbb4d07aa60abf	11425305bsb	1667	unknown	patron-date-unverified	1667	German	Kurtze Beschreibung des zu Ronneburg durch Gottes gnade entsprungenen Mineralischen Wassers, von dessen Halt, Krafft und
6a425d10744db9e3105a3fa9	11269327bsb	1677	unknown	patron-date-unverified	1677	German	Ausführlicher und Nohtwendiger Bericht, auch Getreuer Rahtschlag, wie sich ein jeder bey der jetzo hin und wieder grassi
6a425d5cdfbbb4d07aa610d7	11002796bsb	1738	unknown	patron-date-unverified	1738	German	Der rechte und wahrhafftige Feldscher, Oder, Die rechte und warhafftige Feldschers-Kunst: Worinnen kürtzlich doch grundr
6a425d74dfbbb4d07aa614b7	10473921bsb	1673	unknown	patron-date-unverified	1673	German	Zwey sonderbare Bücher, von der Weiber Natur, wie auch Deren Gebrechen und Kranckheiten: Aus den bewährtesten, sowol alt
6a425d7adfbbb4d07aa61809	11219110bsb	1668	unknown	patron-date-unverified	1668	German	Gregorii Horstii Bericht Von Den Urschlechten oder Kindsblattern, Masern, Roten Sucht, Kindsflecken oder Röteln: Hierbey
6a425d88dfbbb4d07aa618a9	10888142bsb	1652	unknown	patron-date-unverified	1652	German	Tripartita. Das ist, Dreyfache Chyrurgische Blumen: in welchen zu finden, Erstlich die Anatomische Beschreibung deß Haup
6a425da0dfbbb4d07aa62310	11433785bsb	1679	unknown	patron-date-unverified	1679	German	Kurtzer Bericht, Von denen wüetenden Hunds-Bissen: Was dieselbe eigentlich für eine Beschaffenheit haben, was für Schade
6a425dc3dfbbb4d07aa62d06	11734320bsb	1705	unknown	patron-date-unverified	1705	German	Neue und besondere Manier alle verstorbene Cörper, mit wenig Unkosten, der Gestalt zu Balsamiren, Das solche in etlichen
6a425dc5dfbbb4d07aa62d6b	11268082bsb	1701	unknown	patron-date-unverified	1701	German	Drey Neue Curieuse Tractätgen, Von Dem Trancke Cafe, Sinesischen The, und der Chocolata: Welche Nach ihren Eigenschaffte
6a425dccdfbbb4d07aa62fbb	10286171bsb	1712	unknown	patron-date-unverified	1712	German	Materia Perlata
6a425ddedfbbb4d07aa6319a	11269703bsb	1686	unknown	patron-date-unverified	1686	German	Tractatus Medicus, Von Natürlichen, unnatürlichen und wider die Natur-lauffenden Dingen: in Vergleichung der grossen Wel
6a425ecd744db9e3105a4b57	10473707bsb	1708	unknown	patron-date-unverified	1708	German	Chirurgische und Physicalische Waag-Schaale der Venus-Seuche, oder Frantzosen-Kranckheit : darinnen nicht allein ihre Ar
6a425f08744db9e3105a5149	10165036bsb	1542	unknown	patron-date-unverified	1542	German	Waidwerck und federspiel. Von der haebichen unnd falcken natur art unnd eygenthumb wie mann sie berichten gewehnen aetze
6a42629e744db9e3105ade1b	10331988bsb	1620	unknown	patron-date-unverified	1620	German	Trifons Adlholzianus Antipodagricus, Das ist: Historische unnd Medicinalische Hydrographia oder Wasserbeschreibung, Deß 
6a4262dc744db9e3105aedf1	10367169bsb	1627	unknown	patron-date-unverified	1627	German	Tractat Von der Ungarischen Hauptschwachheit : auch andern Epidemischen gifftigen Fiebern, deroselben vielfaltigen Zufäl
6a42630a744db9e3105aee63	11105876bsb	1625	unknown	patron-date-unverified	1625	German	D. Bartholomaei Carrichters, weyland Käyser Maximiliani II. Leib-Medicini, Kräuter und Artzeneybuchs ... Theil Teil: 1: 
6a4264dbdfbbb4d07aa6a5a9	11130502bsb	1603	unknown	patron-date-unverified	1603	German	Calendarium perpetuum, et libri oeconomici: das ist ein stetswerender calender vor die hauswirt, ackerleut, apotecker, k
6a426566dfbbb4d07aa6b356	11269771bsb	1636	unknown	patron-date-unverified	1636	German	Thermae Wisbadenses, Das ist: Eygentliche Beschreibung deß Wißbades : darinnen erzehlet werden, dieses Bades Antiquitete
6a426585dfbbb4d07aa6b8bb	11236195bsb	1648	unknown	patron-date-unverified	1648	German	Lutherus Defensus Das ist, Gründliche Wiederlegung dessen, was die Bäpstler D. Lutheri Person fürwerffen, von seinen Elt
6a42658fdfbbb4d07aa6bb6b	10220394bsb	1654	unknown	patron-date-unverified	1654	German	Michaelis Crügneri. P.M.C. Neu vermehrter Chymischer Frühling. Das ist: Sonderbarer Medico-Chymischer Tractat: Sambt ein
6a426595dfbbb4d07aa6bd79	10603959bsb	1656	unknown	patron-date-unverified	1656	German	Glauberus ridivivus [sic], dass ist: Der von gifftigen Züngen ermorte nun aber durch Hülff der Wahrheit wieder auffgestä
6a4265b5dfbbb4d07aa6bdeb	10297837bsb	1684	unknown	patron-date-unverified	1684	German	Deliciae Hortenses. Das ist: Blumen- Artzney- Kuchen- und Baum-Gartens-Lust: In zwey absonderliche Theil verfasset. In d
6a4265e1dfbbb4d07aa6c20e	10470970bsb	1703	unknown	patron-date-unverified	1703	German	Der Englische Wahrsager aus dem Urin, Oder Gewisse Wahrsagungen aus dem Wasser-Glase: Darinnen nun allererst die alten b
6a4265eedfbbb4d07aa6c2ba	10727303bsb	1678	unknown	patron-date-unverified	1678	German	Tractatus De Medicina Universali. Das ist: Von der Universal-Medicin: Wie nemlich dieselbe in denen dreyen Reichen der M
6a426abd28e9db2e39bfe99e	11273968bsb	1715	unknown	patron-date-unverified	1715	German	Von der Kunst Vernünfftig und Tugendhafft zu lieben. Als dem eintzigen Mittel zu einen glückseligen, galanten und vergnü
6a426ac328e9db2e39bfeb32	10044566bsb	1699	unknown	patron-date-unverified	1699	German	Versuch Von Wesen des Geistes Oder Grund-Lehren, So wohl zur natürlichen Wissenschafft als der Sitten-Lehre: In welchen
6a426b4228e9db2e39c00660	10576694bsb	1664	unknown	patron-date-unverified	1664	German	Philosophia Salustiana, drinnen Ausführlich auff die Frage geantwortet wird; Warumb die Teutschen so gerne Salus spreche
6a426b8928e9db2e39c01932	11274138bsb	1704	unknown	patron-date-unverified	1704	German	Gründliche Anweisung zur Logica vor Adeliche oder andere Junge Leute, die sich Ihres Standes oder künfftigen Profession 
6a426ea328e9db2e39c08789	11296128bsb	1604	unknown	patron-date-unverified	1604	German	Examen Examinis Pieriani, Das ist, Schulfürung und Abfertigung deß vermeinten Examinis, so Urbanus Pierius D. Calvinisch
6a426ea528e9db2e39c088e1	11119479bsb	1609	unknown	patron-date-unverified	1609	German	Kurtzer Anhang Des Ausführlichen Berichts, was die Reformirte Kirchen in Deutschland gleuben oder nicht gleuben, [et]c. 
6a426ead28e9db2e39c08aa6	10776590bsb	1615	unknown	patron-date-unverified	1615	German	Trinckt alle darauß Sampt beygesetzten, Nachtrünckle unnd Guldenem Ortbändl. Das ist: Kurtzer Bericht, Ob es wider den B
6a426f0b28e9db2e39c0a058	10260417bsb	1682	unknown	patron-date-unverified	1682	German	Viertzig Fragen von der Seelen urstand. Verfasset von einem Liebhaber der grossen Geheimnüssen, und beantwortet durch Ia
6a42706262d175ca9e4e1053	10050748bsb	1605	unknown	patron-date-unverified	1605	German	Olivetum, Das ist, Kunstbuch, : Darinnen gründtlicher und außführlicher Bericht gezeigt wird, wie man auß allen Erdtgewä
6a42709628e9db2e39c0f3d8	10060804bsb	1642	unknown	patron-date-unverified	1642	German	Anatomia Coniunctionis Magnae. Oder Beschreibung der grossen und wol mercklichen Zusammenkunfft beyder obersten Planeten
6a4271e828e9db2e39c12004	10705711bsb	1676	unknown	patron-date-unverified	1676	German	Albaro Alonso Barba, Eines Spanischen Priesters und hocherfahrnen Naturkündigers Berg-Büchlein: Darinnen Von der Metalle
6a42720762d175ca9e4e2ebf	11438080bsb	1673	unknown	patron-date-unverified	1673	German	Die wunderlichen Begebenheiten Deß Unbekandten Philosophi, In Such- und Findung deß Steins der Weisen. In vier Bücher ei
6a42722128e9db2e39c1273f	10687439bsb	1674	unknown	patron-date-unverified	1674	German	Arithmetische Beschreibung der Moral-Weißheit von Personen und Sachen: Worauf das gemeine Wesen bestehet, Nach der Pytha
6a42723228e9db2e39c12a78	11434431bsb	1741	unknown	patron-date-unverified	1741	German	Gangraena Metallica In Hermunduris. Das ist: Historisch- und Politischer Bericht, Aus was Ursachen die alten Weltberuffe
6a42723828e9db2e39c12b28	11267366bsb	1737	unknown	patron-date-unverified	1737	German	Geometrischer Lust-Garten: Darinnen die edele und höchstnützliche schöne Kunst Geometria Aus den Euclide gepflantzet. Ab
6a42723c28e9db2e39c12e86	11731767bsb	1703	unknown	patron-date-unverified	1703	German	Vermehrter Geometrischer Lust-Garten, Darinnen die edle und höchstnützliche schöne Kunst Geometria Aus dem Euclide gepfl
6a42728628e9db2e39c1458e	10286240bsb	1677	unknown	patron-date-unverified	1677	German	Eröffnung unterschiedlicher Heimlichkeiten der Natur: Wobey viel scharffsinnige, kluge, wolerwogene Reden von nützlichen
6a42729362d175ca9e4e318c	10349242bsb	1663	unknown	patron-date-unverified	1663	German	Herrn Noe Meurers dero Rechten Doctoris. Wasser-Recht: Fürnemlich des Weitberühmbten und Goltreichen Rheinstorms, wie de
6a42729f62d175ca9e4e3b8d	10915953bsb	1675	unknown	patron-date-unverified	1675	German	D. Thomae Fieni Zwölff Bücher von der Wund-Arzney-Kunst, Oder Chirurgia: Darinnen die vornehmsten Streit-Fragen dieser K
6a4272ca28e9db2e39c14bca	11921750bsb	1661	unknown	patron-date-unverified	1661	German	Arithmetica Nova Militaris Das ist: Neues Arithmetisches Kriegs-Manual: handelt Von der Gemeinen Zehentheiligen Sechszig
6a4272d662d175ca9e4e3fcf	10307318bsb	1697	unknown	patron-date-unverified	1697	German	Der Eyerlegende Hahn Sampt seinem jüngst-gelegten Hahnen- oder BasiliskenEy. Das ist, Eine kurtze und curiose Beschreibu
6a4272d662d175ca9e4e402f	10299439bsb	1663	unknown	patron-date-unverified	1663	German	Neuvermehrter Blumengarten, Wie derselbe von neuem zuzurichten, auszutheilen, und zum herrlichen Lust zu zieren: Wie auc
6a4272fb62d175ca9e4e4a60	11110377bsb	1652	unknown	patron-date-unverified	1652	German	Kunstbüchlein. Wie man auff Marmelstein, Kupffer, Messing, Zihn, Stal, Eisen, Harnisch und Waffen, etc. etzen, und künst
6a4272fc62d175ca9e4e4ac4	11425151bsb	1665	unknown	patron-date-unverified	1665	German	Newe Wunder beschreibung. Deß Wilt, oder Waltbads zu Pfeffers: Mit dessen Mineralien, Einsatz und ingredienzen, in der e
6a42730f62d175ca9e4e4c08	11926979bsb	1677	unknown	patron-date-unverified	1677	German	Curiose und Fruchtreiche Discursen: Also und dergestalt zur Erleuchtung aller Menschlichen Wissenschafften eingerichtet
6a42747328e9db2e39c170a6	11200267bsb	1613	unknown	patron-date-unverified	1613	German	Schlangenbuch das ist ein grundtliche und vollkommne beschreybung aller schlangen so im meer suessen wassern und auff er
6a42748628e9db2e39c17186	10214600bsb	1611	unknown	patron-date-unverified	1611	German	Kreutterbuch Deß Hochgelehrten und weitberühmbten Herrn D. Petri Andreae Matthioli : Sampt dreyen wolgeordneten nützlich
6a4274e862d175ca9e4e7b00	10053317bsb	1646	unknown	patron-date-unverified	1646	German	Apollonius Cattus, Oder Geometrischer Wegweiser Teil: 1: In welchem die fundamenta der allerlieb- und Sinnreichsten Coni
6a42756d62d175ca9e4e8f32	11110173bsb	1627	unknown	patron-date-unverified	1627	German	Künst- und ordentliche Anweisung in die Arithmetic, als eine Mutter vieler Künsten : Auff die jetzige newe kurtz: und be
6a42759062d175ca9e4e94d9	10053831bsb	1618	unknown	patron-date-unverified	1618	German	Aritmetica oder die kunst zurechnen. Mit schoenen regeln auff allerley kauffmans und anderer kuenstlicher rechnungen
6a42761b28e9db2e39c1b478	11218483bsb	1615	unknown	patron-date-unverified	1615	German	Gründtlicher Bericht Vom Feldtmessen : wie man allerley Felder, Wiesen, Walde, und andere Ort, durch wahren Geometrische
6a42766e28e9db2e39c1cbf0	10082114bsb	1605	unknown	patron-date-unverified	1605	German	Arithmetica : Rechnung auff den Linien unnd mit den Ziffern, auff mancherley, fürnemlich aber schwartze Müntz, so im Lan
6a4276be62d175ca9e4eaca0	11218505bsb	1718	unknown	patron-date-unverified	1718	German	Pes Mechanicus Artificialis, Oder Neu-erfundener Maß-Stab: Auf welchem Alle Proportiones der gantzen Matheseos ohne mühs
6a42784028e9db2e39c1ffdf	00024521bsb	1625	unknown	patron-date-unverified	1625	German	Arithmetica ... Das ist: Rechenkunst, auffs Einfältigst und kürtzest mit Exempeln erklärt, in drey Theil unterschieden u
6a42784128e9db2e39c2002b	10053542bsb	1653	unknown	patron-date-unverified	1653	German	Teutscher Euclides, Das ist seiner Geometriae Erster Theil, Von derselben Elementen
6a42785228e9db2e39c20222	11214924bsb	1708	unknown	patron-date-unverified	1708	German	Instrumentum Proportionum, Das ist: Viel vermehrt- Gründlich- und sehr deutlicher Unterricht, Wie Durch den so genannten
6a427d9328e9db2e39c2412d	11704351bsb	1628	unknown	patron-date-unverified	1628	German	Malleus Judicum, Das ist: Gesetzhammer der unbarmhertzigen Hexenrichter, Auß Dem besten Ertz Göttlicher, Natürlicher und
6a427da128e9db2e39c2475b	11921561bsb	1675	unknown	patron-date-unverified	1675	German	Lappland, Das ist: Neue und wahrhafftige Beschreibung von Lappland und dessen Einwohnern: worin viel bißhero unbekandte 
6a427db028e9db2e39c24917	11262951bsb	1674	unknown	patron-date-unverified	1674	German	Das ärgerliche Leben und schreckliche Ende des viel-berüchtigen Ertz-Schwartzkünstlers D. Johannis Fausti, Erstlich, vor
6a427dbf28e9db2e39c2512e	10597015bsb	1613	unknown	patron-date-unverified	1613	German	Von Zauberey und Zauberern Gründlicher Bericht : Darinn der grawsamen Menschen thöriges, feindseliges, schändliches vorn
6a42a21cdec0f9e2ecca202e	10262539bsb	1619	unknown	patron-date-unverified	1619	German	Christliche Walfahrt, Der Neun Führungen oder Gäng unsers Herren Jesu Christi im heyligen Passion Warumb und wie, nach a
6a42ea2a06e6ead3ac53f848	11706537bsb	1678	unknown	patron-date-unverified	1678	German	Nucleus Responsionum Cuiusdam in Imperiali Camera quondam Advocati, arduarum sui temporis causarum consultissimi: Exhibe
6a4300c04e06bc233ecf6af5	11709728bsb	1647	unknown	patron-date-unverified	1647	German	Der Ernewerte Teutsche Florus Eberhardi Wassenberg : An Vielen, im vorigen eingeruckten, ungleichen Historien verbessert
6a4301aa4e06bc233ecf8300	10269023bsb	1639	unknown	patron-date-unverified	1639	German	Bedencken uber Esaiæ Stiefels Büchlein: Von dreyerley Zustandt des Menschen, unnd dessen newen Geburt
6a430b3e22c0c8edb0f8e7f0	10789716bsb	1628	unknown	patron-date-unverified	1628	German	Martyrographia Augustiniana
6a438a8457a09c2c0fcc6e1f	00043172bsb	1708	unknown	patron-date-unverified	1708	German	Des Geistreichen Herrn Johann Arnds weiland Fuerstl Lueneburgischen General Superint. Wohl gepflantztes Paradiesz - Gaer
6a438a8a57a09c2c0fcc7071	10866322bsb	1625	unknown	patron-date-unverified	1625	German	Sleidani Continuati Pars ... Das ist ... Theil der Historischen Continuation Johannis Sleidani ... : Wie dieselbige vor 
6a43917f57a09c2c0fcd0b06	10566983bsb	1715	unknown	patron-date-unverified	1715	German	Tractatus de jure et controversiis limitum, ac finibus regundis; oder, Gründlicher Bericht von den Gräntzen und Marckste
6a43982bc3ccb765a9840ae7	10398388bsb	1702	unknown	patron-date-unverified	1702	German	Epitome Credendorum, Oder Kurtzer Inhalt Christlicher Lehre: So viel einem Christen darvon zu seiner Seelen Seligkeit zu
6a43ad643c91e2a63d4d99b0	10762796bsb	1679	unknown	patron-date-unverified	1679	German	Scholaris Peccans, Sive Tractatus De Vitiis Et Erroribus Scholarium: Cum Appendice De Vitiis Et Erroribus Moderatorum Iu
6a445fa1335f9b32ac4953d7	10266972bsb	1716	unknown	patron-date-unverified	1716	German	Das Leben deß Geists Oder Geistliches Leben, Das ist: Ein Tractat, welcher lehret, wie man betten, und sich mit Gott ver
6a448a9fbd67d80f01c76782	10568088bsb	1661	unknown	patron-date-unverified	1661	German	Audiatur Et Altera Pars Seu Copia Literarum cuiusdam R.P. Valeriano Magni Ordinis S. Francisci Capuccino, amicissimi & i
6a4509343f399e6033815361	11296400bsb	1664	unknown	patron-date-unverified	1664	German	Apostasia romanae Ecclesiae ab antiqua, apostolica vereque christiana puritate salutaris doctrinae... Demonstrata
6a4525073f399e6033817bb1	11286157bsb	1719	unknown	patron-date-unverified	1719	German	Elegantiarum Veteris Adami. Decades Sex Zusammen bracht Durch M. Cyriacum Spangenberg
6a47116b9e05dee59fe3cf75	10163610bsb	1589	unknown	patron-date-unverified	1589	German	Poedagogia oder Schulfürung der württembergischen Theologen
6a482ffe0278a71dd77559cb	11399355bsb	1694	unknown	patron-date-unverified	1694	German	Iurisprudentia Forensis Romano-Saxonica : Secundum Ordinem Constitutionum D.08.Electoris Saxoniae in Part. IV. Divisa ; 
6a48be9240f3252909a1f4e5	11444635bsb	1660	unknown	patron-date-unverified	1660	German	Responsum Iuris Pro Matrimonio Principis cum Virgine Nobili. Ad Illustriß. & Generosiß. Comit. Dn. Christophorum Delphic
6a48ea1e0e0d462b7f082412	10287011bsb	1692	unknown	patron-date-unverified	1692	German	Hydriatria Carolina, Das ist: Kurtze Beschreybung, Was das weit-berühmte,Kayser-Carlsbad vor köstlicher Mineralien mit s
6a48ef3b0e0d462b7f082917	11433734bsb	1685	unknown	patron-date-unverified	1685	German	Frantzosen Artzt. Das ist: Was die Frantzosen für eine Kranckheit, wo sie herkommen, wie sie fortgepflantzt worden, und 
6a48f0410e0d462b7f0829df	11268594bsb	1688	unknown	patron-date-unverified	1688	German	Diaetetica Rationalis Das ist: Auff unläugbahren festen principiis, gesunder Vernunfft und wahren experience wolgegründe
6a48f0570e0d462b7f082a2f	10054278bsb	1684	unknown	patron-date-unverified	1684	German	Astrosophia Coeli Terrestris Iatrologica Oder daß Gestirnte Erdreich: Nach seinen Medicinalischen Wirckungen ins gemein,
6a48f71f0e0d462b7f082a93	11268961bsb	1691	unknown	patron-date-unverified	1691	German	Compendium Chirurgiae Manualis Absolutum, Oder Vollkommener doch kurtzer Begriff aller Hand-Arbeiten oder Operationen de
6a48faec0e0d462b7f082ce3	11268077bsb	1685	unknown	patron-date-unverified	1685	German	Kurzer bericht fon der allgemainen anstekenden Lagersucht, das ist, fon dem giftigen und hizigen haubt-hals-brust-magen-
6a492252a45b99e46af92c1b	10869792bsb	1709	unknown	patron-date-unverified	1709	German	D. Johann Schröders trefflich-versehene Medicin-Chymische Apotheke, Oder: Höchstkostbarer Arzeney-Schatz: Darinnen so wo
69aec0841f4011b58bb53603	10927036bsb	1797	unknown	patron-date-unverified	1797	German	Die Metaphysik der Sitten, Erster Theil
69aec696a1e0be599604f066	10130069bsb	1787	unknown	patron-date-unverified	1787	German	Die Leiden des jungen Werthers
6a4c93249c6f8cb186b859e2	10267746bsb	1693	unknown	patron-date-unverified	1693	German	Spiegel So nicht betrieget. Das ist Kunst und Ubung seiner selbst eignen Erkantnuß: auß gelegt und abgetheilt in siben B
6a4f960b7b6f4abea660261e	11111225bsb	1618	unknown	patron-date-unverified	1618	German	Die sechs ersten Bücher Euclidis von den anfängen und fundamenten der Geometriæ
6a8f625de408ab73f484cf94	11283120bsb	1762	unknown	patron-date-unverified	1762	German	Die göttliche Ordnung in den Veränderungen des menschlichen Geschlechts
6a905373039d5ac89d3eee2a	11269194bsb	1688	unknown	patron-date-unverified	1688	German	Die Curiöse Medicin: darinnen die Gesundheit des Leibes in sehr wahrscheinlichen Gedancken in XII. Reguln vorgestellet, 
6a905389039d5ac89d3ef321	10596254bsb	1684	unknown	patron-date-unverified	1684	German	Medicus Peccans, Sive Tractatus De Peccatis Medicorum
6a90723e32545072610c10ef	10412864bsb	1713	unknown	patron-date-unverified	1713	German	Historia critica Veteris Testamenti
6a907ca37f9d520dd42e9560	11687924bsb	1713	unknown	patron-date-unverified	1713	German	Historia critica Veteris Testamenti
6a90a2033efcd97e7807c7b6	11712488bsb	1604	unknown	patron-date-unverified	1604	German	Opera Alberti Dureri. Das ist, alle Bücher
6a90ce5c354ec8f981e30d20	11929284bsb	1701	unknown	patron-date-unverified	1701	German	Allgemeine Anmerckungen über Gottfried Arnolds Kirchen- und Ketzer-Historie Worinnen bescheidenlich und gründlich erwies
6a90d1bfa04333f3faed06da	11915753bsb	1668	unknown	patron-date-unverified	1668	German	Architectura Civilis, Oder Beschreibung und Vorreissung vieler vornehmer Dachwerck, als hoher Helmen, Creutzdächer, Wied
6a90e62e544007b776b35fb4	11293316bsb	1781	unknown	patron-date-unverified	1781	German	Catechismus minor P. Canisius
6a94036f1cd9a117d30887fd	11274858bsb	1699	unknown	patron-date-unverified	1699	German	Tractatus De Medicina Universali Das ist Von der Universal Medicin: Wie nemlich dieselbe in den dreyen Reichen der Miner
6a94037ca4ad12cb35ec76d4	10297842bsb	1745	unknown	patron-date-unverified	1745	German	Deliciae Hortenses. Das ist: Blumen- Artzney- Kuchen- und Baum-Gartens-Lust: In zwey absonderliche Theil verfasset. In d
6a94b5e327e69f97f2388595	11696957bsb	1784	unknown	patron-date-unverified	1784	German	Des Herzogs de la Rochefoucault Moralische Maximen
6aa1d08477169abff1615bc5	11197873bsb	1720	unknown	patron-date-unverified	1720	German	Theatrum Ceremoniale Historico-Politicum Oder Historisch- und Politischer Schau-Platz Aller Ceremonien .... 3
6aa1d09677169abff1616363	10327061bsb	1738	unknown	patron-date-unverified	1738	German	Die alten Jüdischen Heiligthümer, Gottesdienste ...
6aa1d0a677169abff1616943	10516262bsb	1754	unknown	patron-date-unverified	1754	German	Teutsches Hof-Recht: In zwölf Büchern. 1
6aa1d4f877169abff1621c4d	11348295bsb	1627	unknown	patron-date-unverified	1627	German	Halinitro-Pyrobolia: Beschreibung Einer newen Büchsenmeisterey, nemlichen: Gründlicher Bericht, wie der Salpeter, Schwef
6aa1d53077169abff16226ed	11119444bsb	1717	unknown	patron-date-unverified	1717	German	Jüdisches Ceremoniel, D.i. Allerhand Jüdische Gebräuche: Welche Die Juden in und ausser dem Tempel, bey allen und jeden
6aa1d55c77169abff1623286	10041014bsb	1790	unknown	patron-date-unverified	1790	German	Ueber den Umgang mit Menschen, Theil 1
6aa1d55f77169abff1623472	10041017bsb	1790	unknown	patron-date-unverified	1790	German	Ueber den Umgang mit Menschen, Theil 2
6aa1d56377169abff162355c	10042383bsb	1796	unknown	patron-date-unverified	1796	German	Ueber den Umgang mit Menschen, Theil 3
6aa35d86e213def30d6c8e34	10927050bsb	1766	unknown	patron-date-unverified	1766	German	Träume eines Geistersehers
6aa35d95e213def30d6c8f8f	10927009bsb	1785	unknown	patron-date-unverified	1785	German	Über die Einsamkeit
6952c9c777f38f6761bc2ffd	ficino-operum-philosophicorum-omnium-gr-lat-1580	1580	unknown	patron-date-unverified	1580	Greek	Plotini operum philosophicorum omnium libri LIV
6953a91277f38f6761bd545d	assemani-et-alii-1732-1746-ephraem-syri-opera-omnia-gr-lt-2	1746	unknown	patron-date-unverified	1743	Greek	Ephraem Syri Opera Omnia (Greek/Latin)
69b2fedda1a4246ddb45a8df	PlutarchOpuscula1509	1509	unknown	patron-date-unverified	1509	Greek	Moralia (Opuscula)
69bc86c6173577a3374209cc	aldine-greek-new-testament-1518	1518	unknown	patron-date-unverified	1518	Greek	Aldine Greek New Testament
6a06c7acd4d0d7b9fa7bdf0b	Scriptores_astronomici	1499	unknown	patron-date-unverified	1499	Greek-Latin	Scriptores Astronomici Veteres — Aratus Phaenomena, Firmicus Maternus, Manilius (Aldine Editio Princeps)
699243fabc722ec0ee80b251	PragueHaggadah1526	1526	unknown	patron-date-unverified	1526	Hebrew	Prague Haggadah (1526)
69924401bc722ec0ee80b312	Miqraot-Gedolot-First-Edition_Venice_1517	1517	unknown	patron-date-unverified	1517	Hebrew	Mikraot Gedolot: First Rabbinic Bible (Venice, 1517)
6aa7cf86fd6dd3b07d31d96c	AbulafiaLifeOfTheWorldToCome	1280	unknown	patron-date-unverified	1280	Hebrew	Ḥayyei ha-ʿOlam ha-Ba (Life of the World to Come) — Braginsky Collection MS BC 251
25dfd63a-8080-4864-aa79-a0fcb1c76102	b.-r.-341-jpeg	1481	unknown	patron-date-unverified	1481	Italian	Comento sopra la Commedia di Dante
69568904be7c607c5f03c34a	imslp-dimostrationi-harmoniche-zarlino-gioseffo	1571	unknown	patron-date-unverified	1571	Italian	Dimostrationi Harmoniche
69b8746013506fe62959a61c	Galasso1593	1593	unknown	patron-date-unverified	1593	Italian	Giochi di carte bellissimi di regola e di memoria
69dea1ce4d19ec2e9ba75548	iii_20240814	1601	unknown	patron-date-unverified	1601	Italian	Le Nuove Musiche
69dea1d64d19ec2e9ba7556c	c-42-vicentino-antica-musica-images	1555	unknown	patron-date-unverified	1555	Italian	L'antica musica ridotta alla moderna prattica
6a08c61fe4e4b7b8793e985e	LaRettoricaDellePuttane	1673	unknown	patron-date-unverified	1673	Italian	La Rettorica Delle Puttane (Ferrante Pallavicino, Villafranca 1673)
6a09fb06bd8d6455220a0f11	BardiDiscorsoSopraIlGiuocoDelCalcioFiorentino1580Images	1580	unknown	patron-date-unverified	1580	Italian	Discorso sopra il giuoco del Calcio Fiorentino
6a0b43f31615109dc53afe97	RuraliaCommoda1490	1491	unknown	patron-date-unverified	1491	Italian	Il Libro della Agricultura (Italian translation, Vicenza 1491)
6a517e487b27c8e8d57f29a0	10217424bsb	1784	unknown	patron-date-unverified	1784	Italian	Phormio
694e7c5146953358dafc3867	8X510INV1013FA	1644	unknown	patron-date-unverified	1644	Latin	Nova et accurata vestibuli Comeniani editio. Ampl. facultatis philos. in acad. reg. consensu ita adornata, ut reverendi,
ec135ab7-b367-4579-81ca-2a0901d34630	OEXV231RES	1482	unknown	patron-date-unverified	1482	Latin	Elementa Geometriae
34cd723e-19ce-4d50-a5aa-f86991e09946	sucho-id-alberti-magni-philosophorum-maximi-de-mineralibus-libri-quinque	1519	unknown	patron-date-unverified	1519	Latin	De Mineralibus
694f8d99efce46492e19fdad	pico-1486-900-conclusiones	1486	unknown	patron-date-unverified	1486	Latin	Conclusiones sive Theses DCCCC
69528626ab34727b1f04c673	picatrix_202012	1200	unknown	patron-date-unverified	1200	Latin	Picatrix
6952daa277f38f6761bc6551	DeOccultaPhilosophiaLoc1533	1533	unknown	patron-date-unverified	1533	Latin	De Occulta Philosophia Libri Tres
6953ea3e1479a63c1108641e	B-001-003-706	1619	unknown	patron-date-unverified	1619	Latin	Magia Naturalis (1619 Latin)
6955d43028a09ca65927f1b5	historia-coelestis-britannica-vol.-1	1725	unknown	patron-date-unverified	1725	Latin	Historia Coelestis Britannica Vol. 1
6955d43328a09ca65927f6e0	historia-coelestis-britannica-vol-2	1725	unknown	patron-date-unverified	1725	Latin	Historia Coelestis Britannica Vol. 2
69568900be7c607c5f03c2d7	imslp-glareanus-henricus	1547	unknown	patron-date-unverified	1547	Latin	Dodecachordon
695258d1ab34727b1f045aed	B-001-003-709	1560	unknown	patron-date-unverified	1560	Latin	Magia naturalis sive de miraculis rerum naturalium
6952dacd77f38f6761bc7016	robert-fludd-summum-bonum-1629	1629	unknown	patron-date-unverified	1629	Latin	Summum Bonum
6955939c7bd6d2cd1d61c19c	sucho-id-henrici-cornelii-agrippae-ab-nettesheym-...-opera-in-duos-tomos-concinne-digesta	1579	unknown	patron-date-unverified	1553	Latin	Agrippa Opera In Duos Tomos (1553)
6955d43628a09ca65927ff2e	historia-coelestis-britannica-vol-3	1725	unknown	patron-date-unverified	1725	Latin	Historia Coelestis Britannica Vol. 3
6955d43928a09ca6592805b3	horologium-oscillatorium	1673	unknown	patron-date-unverified	1673	Latin	Horologium Oscillatorium
6957ef84cbe1dcad7b76c80a	clusius	1605	unknown	patron-date-unverified	1605	Latin	Exoticorum Libri Decem
6958df1fdbe0f678e5c521e2	JoachimCamerariusHortusMedicusEtPhilosophicusInQuoPlurimarumStirpiumBrevesDescri	1588	unknown	patron-date-unverified	1588	Latin	Hortus Medicus et Philosophicus
69905d0baaa7f10ed4cfd66e	kepler_somnium_astronomia_lunaris_1634_latin	1634	unknown	patron-date-unverified	1634	Latin	Somnium, Seu Opus Posthumum de Astronomia Lunari
69905d7f2fd6a0399389f99f	FortalitiumFidei1487	1487	unknown	patron-date-unverified	1487	Latin	Fortalitium Fidei
699060328cbcc9a4dba2d836	astrologicorum-libri-vi_202304	1629	unknown	patron-date-unverified	1629	Latin	Astrologicorum Libri VI
699060b5322e01b1349a3114	BSG_OEXV566_2RES	1485	unknown	patron-date-unverified	1485	Latin	De Judiciis Astrorum
69906313e7b7642c081de828	OEXV762_P1	1484	unknown	patron-date-unverified	1484	Latin	Quadripartitum et Centiloquium
699065793dc2ed39a49f18f3	CAS002ATHEISMVSTRIVMPHATVSSeuREDVCTIOADRELIGIONEM	1631	unknown	patron-date-unverified	1631	Latin	Atheismus Triumphatus
69907011245959b9547d672b	de-occulta-philosophia-liber-quartus-agrippa-fourth-4th-book-of-occult-philosoph	1559	unknown	patron-date-unverified	1559	Latin	De Occulta Philosophia Liber Quartus
6991ec07e93551dd846a7e2c	LexiconAlchemiae	1612	unknown	patron-date-unverified	1612	Latin	Lexicon Alchemiae sive Dictionarium Alchemisticum
6991ed238bec46532eb4a262	CAS109ACampanellaAstrologicorum	1630	unknown	patron-date-unverified	1630	Latin	Astrologicorum Libri VII
6991ed258bec46532eb4a412	CAS232ACampanellaProdromus	1641	unknown	patron-date-unverified	1641	Latin	Prodromus Philosophiae Instaurandae
6992009a768b426600239d59	thegutembergbible	1456	unknown	patron-date-unverified	1456	Latin	The Gutenberg Bible
699201557c226bdd25f9862c	BSG_MS3100	1601	unknown	patron-date-unverified	1601	Latin	Liber chimico-medicus (manuscript)
699209a0bed8f4b5ff5b112b	LATGUT_DBS_HS	1454	unknown	patron-date-unverified	1454	Latin	Biblia Sacra (Gutenberg Bible)
699209c4bed8f4b5ff5b2c6b	complutensian_polyglot_bible	1514	unknown	patron-date-unverified	1514	Latin	Biblia Polyglotta Complutensis
69a5d7ef4d84314297c07f58	BSG_8T1600INV4166	1611	unknown	patron-date-unverified	1611	Latin	Tyrocinium Chymicum
69a5ee5abfd8cafd91e4386a	imgmar3940MiscellaneaOpal	1663	unknown	patron-date-unverified	1663	Latin	Opera Omnia, Vol. 1 (Liber de ludo aleae)
69a5f046b29703bc86eb5323	ChroniconSyriacum	1789	unknown	patron-date-unverified	1789	Latin	Chronicon Syriacum (Bruns & Kirsch ed.)
69a5f6bd1cf742c360414156	velikoe_iskusstvo_artillerii	1650	unknown	patron-date-unverified	1650	Latin	Artis Magnae Artilleriae pars prima
69a68516b3d8052782b3d429	benedetti1585	1585	unknown	patron-date-unverified	1585	Latin	Diversarum speculationum mathematicarum & physicarum liber
69ac843a274fb531f2b6bf6f	imgmar5344MiscellaneaOpal	1658	unknown	patron-date-unverified	1658	Latin	Opera Omnia, Tomus Primus
69ac8521960d5ad0b47315ab	imgmar5344adMiscellaneaOpal	1658	unknown	patron-date-unverified	1658	Latin	Opera Omnia, Tomus Secundus
69ac8530960d5ad0b473191a	imgmar5344agggMiscellaneaOpal	1658	unknown	patron-date-unverified	1658	Latin	Opera Omnia, Tomus Tertius
69ac853b960d5ad0b4731bde	imgmar5344allMiscellaneaOpal	1658	unknown	patron-date-unverified	1658	Latin	Opera Omnia, Tomus Quartus
69ac8546960d5ad0b4731f4a	imgmar5344annMiscellaneaOpal	1658	unknown	patron-date-unverified	1658	Latin	Opera Omnia, Tomus Quintus
69ac8551960d5ad0b47323a9	imgmar5344aqqMiscellaneaOpal	1658	unknown	patron-date-unverified	1658	Latin	Opera Omnia, Tomus Sextus
69aea8981cbf28a363a50678	OEXV181RES	1476	unknown	patron-date-unverified	1476	Latin	De Animalibus (Gaza translation)
69aec190dd3c98abc0da845a	SecretumSecretorumBologna1501	1501	unknown	patron-date-unverified	1501	Latin	Secretum Secretorum (The Secret of Secrets)
69af0d172705dcc541045751	BSG_MS2240	1601	unknown	patron-date-unverified	1601	Latin	Traites et Notes d'Alchimie (al-Kindi Alchemy MSS)
69af462d61b03be5fb7af572	S.IsidoriOperaOmniaArevaloEdit.Tom.III1798	1798	unknown	patron-date-unverified	1798	Latin	S. Isidori Hispalensis Opera Omnia, Tom. III
69af55b1ec9e6c278212d93f	SecretaLyon1528	1528	unknown	patron-date-unverified	1528	Latin	Secreta Secretorum Aristotelis
69b176b21643b0f241bd0612	DeRatiociniisInLudoAleae	1657	unknown	patron-date-unverified	1657	Latin	De Ratiociniis in Ludo Aleae
69b1dda3a0e06b2a26950d28	CAS003DEMOTIONIBVSNATVRALIBVSAGRAVITATEPENDENTIBVS	1670	unknown	patron-date-unverified	1670	Latin	De Motionibus Naturalibus a Gravitate Pendentibus
69b2f38d21208ea9dc2786c4	QverolvsAntiqvaComoediaNvnqvamAnteha	1564	unknown	patron-date-unverified	1564	Latin	Querolus, antiqua comoedia nunquam antehac edita
69b2f3d2a9a500a45e5e8bb2	01-tll-1573-600dpi	1573	unknown	patron-date-unverified	1573	Latin	Thesaurus Linguae Latinae (expanded ed.)
69b2fffb5545150b61b4b42f	stella_202011	1518	unknown	patron-date-unverified	1518	Latin	De Borussiae Antiquitatibus
69b3001c5545150b61b4bc01	FOLCC233INV224FA	1550	unknown	patron-date-unverified	1550	Latin	Scripta (1550)
69d8ca0fa09828f83ddc9898	10909076bsb	1783	unknown	patron-date-unverified	1783	Latin	Elenchus Fungorum, Vol 1
69bf61c276287c6679d5f4d7	OEXV815_2_P1	1495	unknown	patron-date-unverified	1495	Latin	Terentius: Comoediae cum commentariis
69b874d013506fe62959b25f	mandragorias-seu-historia-shahiludii-thomas-hyde-1694	1694	unknown	patron-date-unverified	1694	Latin	Mandragorias, seu Historia Shahiludii
69e72cd0a409200ea79f5c3f	MythologiaAesopicaSeuFabulae1610	1610	unknown	patron-date-unverified	1610	Latin	Mythologia Aesopica (Aesop, Babrius, Phaedrus, Avianus)
69e7517810ee9075bcdcd959	Hildegard_Scivias	1151	unknown	patron-date-unverified	1151	Latin	Liber Scivias
69e78321d93c1f6007505f08	RuraliaCommoda1471	1471	unknown	patron-date-unverified	1471	Latin	Ruralium Commodorum libri XII
6a084e1d15c643eb1af40d0b	HymnorumSacrorumLiber1575	1575	unknown	patron-date-unverified	1575	Latin	M. Antonii Mureti I.C. et. Civis. R. Hymnorum. sacrorum. liber. Eiusdem alia quaedam poematia
6a0b2578620b66ad8f233936	observationes-circa-viventia-quae-in-reb	1691	unknown	patron-date-unverified	1691	Latin	Observationes circa Viventia quae in Rebus non Viventibus Reperiuntur
6a31b4b3ec4e2b48b6e8fb8a	instructionum_fabricae_et_supellectilis_2_1577-caroli	1577	unknown	patron-date-unverified	1577	Latin	Instructionum fabricae et supellectilis ecclesiasticae libri II
6a41ae9ec6ab32df344ff62e	10061154bsb	1659	unknown	patron-date-unverified	1659	Latin	Astrognosia: Synoptice Et Methodice In Usum Academicum Adornata; Addita Sunt Asterismorum Et Planetarum Schemata Aereis 
6a423acac1f44d759e6cbc56	PALAT.8.9.7.21_Images	1690	unknown	patron-date-unverified	1690	Latin	Prodromus Astronomiae: Exhibens Fundamenta, quae tam ad novum plane & correctiorem Stellarum Fixarum Catalogum construen
6a425521343d756d34e39370	10367330bsb	1651	unknown	patron-date-unverified	1651	Latin	Observationum Medicinalium, Haud Trivialium, Libri Quatuor: In Quibus Variae Morborum, Interiores Et Exteriores Corporis
6a42564fdfbbb4d07aa53f95	10942686bsb	1737	unknown	patron-date-unverified	1737	Latin	Opera medica universa
6a4256802c7e112824a63862	10085076bsb	1648	unknown	patron-date-unverified	1648	Latin	Idea universae medicinae practicae
6a425d8ddfbbb4d07aa61f9e	10084013bsb	1670	unknown	patron-date-unverified	1670	Latin	Dogmata Medicinae Generalia: in ordinem noviter redacta, a rebus extraneis depurata, & ad vera, Recentiorum praesertim, 
6a425f4d744db9e3105a59b9	phisiologustheobaldi	1489	unknown	patron-date-unverified	1489	Latin	Physiologus de naturis duodecim animalium
6a426264dfbbb4d07aa679b2	00029620bsb	1627	unknown	patron-date-unverified	1627	Latin	Pharmacopoea sive Dispensatorium Coloniense , Iussu, et authoritate S. PQ. Agrippinensis Revisum et auctum labore Cl. et
6a42665adfbbb4d07aa6e455	11760320bsb	1615	unknown	patron-date-unverified	1615	Latin	Commentariorum Ac Disputationum Logicarum Libri V. : In Quibus Et Theoremata Logica accurate explicantur, [et] quaecunq[
6a426740f70718a51b8a4af2	11200524bsb	1672	unknown	patron-date-unverified	1672	Latin	Philosophia Practica continuis Tabellis comprehensa: novae editioni
6a426764f70718a51b8a51a1	10041465bsb	1673	unknown	patron-date-unverified	1673	Latin	De Officiis Libri Tres: In Quibus Sapientiae Christianae, id est, Moralis Philosophiae, Iurisprudentiae, immo & Theologi
6a426ac628e9db2e39bfed45	10046967bsb	1690	unknown	patron-date-unverified	1690	Latin	Exercitationes Cathedrariae In Petri Danielis Huetii Episcopi Suessionensium, Viri Ill. Censuram Philosophiae Cartesiana
6a426b52175f31ca3ec52d6b	10047159bsb	1694	unknown	patron-date-unverified	1694	Latin	Introductio In Logicam: In qua facili methodo, & quam omnes homines ratione praediti, cuiuscunque tandem conditionis aut
6a426b8028e9db2e39c014a2	10047160bsb	1694	unknown	patron-date-unverified	1694	Latin	Praxis Logices, Seu Brevia, perspicua ac bene fundata Compendia, quemadmodem homo Intellectum suum componere, & ad inves
6a426fd962d175ca9e4e0bc0	10053395bsb	1627	unknown	patron-date-unverified	1627	Latin	Cyclometria vere [et] absolute In ipsa Natura Circuli cum rectilineo inventa, [et] ita quidem, ut Circino [et] Regula ex
6a426ff628e9db2e39c0cefd	BSG_8V821INV2896FA	1638	unknown	patron-date-unverified	1638	Latin	Opus geomantiae completum in libros très divisum
6a42707b28e9db2e39c0efbd	BSG_8V658INV2703FA	1631	unknown	patron-date-unverified	1631	Latin	Novus Orbis. In Quo, quaecunque de Nato Et Creato Serio Et Ioco Sciri vel desiderari possunt, Inusitata Rerum Varietate 
6a42746328e9db2e39c16c49	11270190bsb	1664	unknown	patron-date-unverified	1664	Latin	Clara Fidelisque Admonitoria Disceptatio Practicae Manualis experimento veraciter comprobata. De duobus Artis, & Naturae
6a4281d539deb1e8af6902d1	rituale_franciscanum_1698	1698	unknown	patron-date-unverified	1698	Latin	Rituale Franciscanum: Continens Varias Absolutiones, Benedictiones, Coniurationes, Exorcismos, Ritus, ac alias Caeremoni
6a429b4739deb1e8af695c11	10262717bsb	1633	unknown	patron-date-unverified	1633	Latin	COMPENDIUM CHRISTIANAE PERFECTIONIS...
6a429db38e351c27eb861572	DeSSMatreDolorosaLibriTres	1645	unknown	patron-date-unverified	1645	Latin	De SS. Matre Dolorosa : Libri Tres, I. Magnitudinem dolorum B. V. Mariae explicat. II. Ideam absolutißimam Christianae p
6a429dc08e351c27eb861923	11067094bsb	1666	unknown	patron-date-unverified	1666	Latin	Tractatus De Significatione Adverbiorum, In Iure tam Civili quam Canonico usitatorum: In quo Non solum eorum natura, pro
6a42a30fdec0f9e2ecca560d	10830523bsb	1619	unknown	patron-date-unverified	1619	Latin	Problematum Theologicorum, Ex Oratione Dominica, Decades Tres : Novem Disputationibus breviter ac perspicue explicatae a
6a42a69a831988adcb771944	BSG_8R517INV2407RES	1606	unknown	patron-date-unverified	1606	Latin	Disquisitionum magicarum tomus secundus
6a42a7e7831988adcb77481d	10259681bsb	1674	unknown	patron-date-unverified	1674	Latin	Vita Et Doctrina Jesu Christi, Ex Quatuor Evangelistis Collecta, Et In Meditationum materiam ad singulos totius anni die
6a42a893831988adcb776a61	10412269bsb	1609	unknown	patron-date-unverified	1609	Latin	In divinam ad Romanos S. Pauli apostoli epistolam commentaris
6a42a8a3831988adcb77701b	10353759bsb	1708	unknown	patron-date-unverified	1708	Latin	Tractatus Theologicus Novus & Perspicuus, De Interpretatione Sacrarum Scripturarum Maxime Legitima: Duabus constans regu
6a42a918831988adcb7786d7	OEXV800_P3	circa 1499	unknown	patron-date-unverified	1499	Latin	Elegantiolae
6a42a95c831988adcb779037	10217764bsb	1620	unknown	patron-date-unverified	1620	Latin	Adversus Desid. Erasmum orationes duae, eloquentiae Romanae vindices; una cum eiusdem epistolis & opusculis aliquot nond
6a42a96fdec0f9e2eccabf8c	10820131bsb	1668	unknown	patron-date-unverified	1668	Latin	De Iure Et Privilegiis Nobilium Liberorum Et Immediatorum, Discursus Formatus a Johann Friederich von Lendersheim, Mense
6a42aba25207af7c42f4a7a2	10212306bsb	1643	unknown	patron-date-unverified	1643	Latin	R. P. Antonii Le Gaudier, De Natura et statibus perfectionis opus posthumum [cum elogio autoris]
6a42ae2a5207af7c42f51375	10519460bsb	1616	unknown	patron-date-unverified	1616	Latin	Ad Tit. I. III. IV. V. Et VI. Lib. I. Pandectarum Commentarii Succincti: Ultra CC. Iuridicas Et Politicas Quaestiones de
6a42aeaf5207af7c42f52d96	10521110bsb	1640	unknown	patron-date-unverified	1640	Latin	Elixir Jesuiticum Sive Quinta Essentia Jesuitarum; Ex Variis, Inprimis Pontificiis, Authoribus, Alembico veritatis extra
6a42b0065207af7c42f53b75	10222950bsb	1639	unknown	patron-date-unverified	1639	Latin	De Mysticis Galliae scriptoribus multiplicique in ea christianorum rituum origine selectae dissertationes, in singulas e
6a42b1d25207af7c42f57a9c	10409461bsb	1641	unknown	patron-date-unverified	1641	Latin	Commentariorum, de bello. Inter invictissimos imperatores Ferdinandos II. & III. et eorum hostes
6a42b2725207af7c42f58dc2	4BB97INV312FA_P6	1509	unknown	patron-date-unverified	1509	Latin	Parrochiale curatorum
6a42b6d85207af7c42f61a2c	10743626bsb	1649	unknown	patron-date-unverified	1649	Latin	Rosweydus Redivivus Id est Vindiciae Vindiciarum Kempensium F. Simonis Werlini Praepositi Diessensis Canonicorum Regular
6a42b9365207af7c42f67786	10434027bsb	1631	unknown	patron-date-unverified	1631	Latin	De imperio Magni Mogolis sive India vera commentarius
6a42c510e76baa13aa844f15	11205380bsb	1609	unknown	patron-date-unverified	1609	Latin	Opus, De Virtute Et Statu Religionis Teil: 2
6a42c77197284560a2b117b5	10488917bsb	1607	unknown	patron-date-unverified	1607	Latin	Directorium inquisitorum f. Nicolai Eymerici Ordinis praed. Cum commentariis Francisci Pegñae sacrae theologiae juris ut
6a42c79d97284560a2b12885	11704087bsb	1617	unknown	patron-date-unverified	1617	Latin	Communes Conclusiones Ad Auream Praxin Nicolai Calvoli. I.C. Directae : In quibus De Diversorum Romano Imperio Tam Media
6a42c8a0e76baa13aa84888a	10348737bsb	1650	unknown	patron-date-unverified	1650	Latin	Commentarius Rationalis In Carolinam Sanctionem Criminalem, Vulgo Die peinliche Halßgerichts Ordnung dictam, quatenus De
6a42ca92e76baa13aa84d4ab	10176102bsb	1606	unknown	patron-date-unverified	1606	Latin	Joan. Caselii Ad generosum adolescentem Jacobum Schengk, in Flechtingen. Parainesis
6a42cb57e76baa13aa84e815	11069452bsb	1614	unknown	patron-date-unverified	1614	Latin	Thesaurus Catecheticus, Sive Decades Duae De-Viginti Problematum : Partim Theōrētikōn: partim praktikōn: Ex quinq[ue] Ca
6a42cbafe76baa13aa84f73f	10494817bsb	1605	unknown	patron-date-unverified	1605	Latin	Tractatus de facti scientia, & ignorantia. Authore Io. Baptista Costa Papiensi iurisc. ... novus, apprimeque utilis, & o
6a42cc8597284560a2b1507e	10155721bsb	1637	unknown	patron-date-unverified	1637	Latin	Diatribe De Catholica Judaeorum Conversione
6a42cecce76baa13aa852b55	10046673bsb	1642	unknown	patron-date-unverified	1642	Latin	Axiomata Philosophica : Frequentius iactari solita. In Dilingana Academia Anno M.DC.XXV. explicata , A. Georgio Reeb, So
6a42d9911894955eb7263b78	11199382bsb	1602	unknown	patron-date-unverified	1602	Latin	Ludovici Septalii Patricii Mediolanensis Commentariorum In Aristotelis Problemata Tomus ... Teil: 1: Septem primas Secti
6a42d9a01894955eb7263d1a	10559769bsb	1611	unknown	patron-date-unverified	1611	Latin	Politica Specialis Gemina : Prior Polonica: Opus posthumum Cl.V.D. Bartholomaei Keckermanni. Posterior Germanica: Studio
6a42de83e76baa13aa864325	10609585bsb	1614	unknown	patron-date-unverified	1614	Latin	Epodaetys, Hoc est: Carminum Et Epigrammatum Palaipēktōn, Te Kai Neobdaltōn, seriorum mixtim [et] iocularium, itaque ad 
6a42df7fd65bc7b7a4f8cf9e	10263517bsb	1676	unknown	patron-date-unverified	1676	Latin	Hebdomas Officiosae Pietatis, In usum pie precandi quotidianum, Collecta Et Disposita A Georgio Hesero, Societatis Jesu 
6a42e00b7ec1a96fc1a01a8f	10818128bsb	1676	unknown	patron-date-unverified	1676	Latin	Positionum Mathematicarum Sylloge, Quam Sub Praesidio Arnoldi Eckhardi Publice tuebitur Philippus Henricus Eulalius Cass
6a42e32a7ec1a96fc1a0729d	11196960bsb	1622	unknown	patron-date-unverified	1622	Latin	Historiarum De Rebus Ungaricis Libri XXXIV.
6a42e8f106e6ead3ac53d9bf	11068461bsb	1678	unknown	patron-date-unverified	1678	Latin	Medulla Laudemiorum, ex Iure tam scripto, quam consuetudinario, & tum Veterum, tum Neotericorum Doctorum scriptis, indus
6a42eba106e6ead3ac54331b	11067281bsb	1624	unknown	patron-date-unverified	1624	Latin	De Insulis Tractatus : Ex ICtis, Politicis, Historicis, et Philologis collectus. Ut omnibus hisce usui esse possit in qu
6a42ed2706e6ead3ac5464dc	4Y373_2INV445RES_P1	1510	unknown	patron-date-unverified	1510	Latin	Buccolica
6a42eddc06e6ead3ac547987	10215573bsb	1628	unknown	patron-date-unverified	1628	Latin	Dialectica, Sive Ars De Quavis Re Disserendi Peripatetica: Nova Methodo Ex Topicis & Elenchis concinnata, Ab Ad.m R. P. 
6a42f66e81322d1eb5b62cda	8X251INV517RES	1513	unknown	patron-date-unverified	1513	Latin	Tersissima Latini eloquii synonymorum collectanea: non modo epistolas: veruetiam carmina cudere volentibus oppido idonea
6a42f69281322d1eb5b62f6a	4BB97INV312FA_P1	1519	unknown	patron-date-unverified	1519	Latin	De vita et moribus sacerdotum opusculum, eorum dignitatem ostendens, et quibus ornati virtutibus esse debeant. Item sacr
6a42f7e88863616ec0a4d4e2	10654408bsb	1648	unknown	patron-date-unverified	1648	Latin	In Augustanae Confessionis Articuli primi partem posteriorem Disputatio
6a42fd4e42a7428680c83212	10597221bsb	1608	unknown	patron-date-unverified	1608	Latin	Aphorismi Confessariorum : Ex Doctorum sententiis collecti , Auctore Emanuele Sa, Lusitano, Doctore Theologo Societatis 
6a43014f4e06bc233ecf78b2	11280827bsb	1603	unknown	patron-date-unverified	1603	Latin	Thesaurus Polyglottus: vel, Dictionarium Multilingue : Ex Quadringentis Circiter Tam Veteris, Quam Novi (vel potius anti
6a4301c44e06bc233ecf8758	4Y373_2INV445RES_P3	1500	unknown	patron-date-unverified	1500	Latin	De influentia syderum. Et querela Parrhisiensis pauimenti
6a4305fb4e06bc233ed0071d	10032720bsb	1642	unknown	patron-date-unverified	1642	Latin	Cronius Sive Series compendiosa rerum illustrium, gestarum a Mundi exortu, ad usq[ue] annum iam currentem 1642.
6a4306634e06bc233ed01abc	10246173bsb	1619	unknown	patron-date-unverified	1619	Latin	Liber Commentarius In Epistolas Plinii [et] Traiani Cui Accessit Commentarius Franc. Balduini in Plinii consultationem [
6a4307a14e06bc233ed0309e	10773125bsb	1621	unknown	patron-date-unverified	1621	Latin	Secreta secretorum, calvino-turcica secreta
6a430adb22c0c8edb0f8dae5	11296269bsb	1619	unknown	patron-date-unverified	1619	Latin	Professoris Academici De Tribus Elohim Liber ... Teil: 3: Oppositus Judaeis [et] Semiiudaizantibus
6a430c9f22c0c8edb0f908df	10955198bsb	1715	unknown	patron-date-unverified	1715	Latin	Centuria Quaestionum Practicarum, De Notariis Et Eorum Officio , Quam ... in celeberrima Universitate Altdorffina, Pro s
6a431c7479855e32e4641d31	10354503bsb	1620	unknown	patron-date-unverified	1620	Latin	Notationes In Totam Scripturam Sacram : Quibus Omnia Fere Loca Difficilia Brevissime Explicantur; Tum Variae ex Hebraeo,
6a431d1d79855e32e464324b	8D3401INV3786_BIS_RES_P2	1515	unknown	patron-date-unverified	1515	Latin	De valore missarum [seu Libellus de venerabili sacramento et valore missarum; et Ubertino, de vita dulcissimi Jesu]
6a4346e8201f98f53c3ef793	10608726bsb	1638	unknown	patron-date-unverified	1638	Latin	Poema De Vanitate Mundi
6a437b8a57a09c2c0fcb4a65	11215051bsb	1624	unknown	patron-date-unverified	1624	Latin	Discursus Academicus Super quaestione illa iuris vexatissima Ecquid in solutionibus tempus Contracti debiti, vel solutio
6a437f9557a09c2c0fcb8b87	10520461bsb	1643	unknown	patron-date-unverified	1643	Latin	Nuclei Iuris Controversi : In Quo Illustriores Iuris Controversiae, Tam Theoricae Quam Practicae, Studio accuratiori per
6a438e6757a09c2c0fccd9b8	11059805bsb	1708	unknown	patron-date-unverified	1708	Latin	THEOLOGIA RADICALIS, In qua FUNDAMENTALITER VERITAS PROPUGNATUR a D. JOANNE MATIA SBOGAR SALCANENSI ... CONTRA OMNES PRO
6a439aaec3ccb765a98414f5	10646836bsb	1704	unknown	patron-date-unverified	1704	Latin	Amorem Sui Ipsius, Velut Exemplar Amoris Proximi, ex Matth. XXII. 39. Praeside Dn. Casp. Loeschero, SS. Theolog. Doct. &
6a43a26ec3ccb765a9842eeb	11255310bsb	1689	unknown	patron-date-unverified	1689	Latin	Prosphonesis Analytica Ad Cordatiores Gymnasiorum Antistites, de Probatione Signorum huius Temporis: Cum quadruplici aff
6a43a41fc3ccb765a98435c0	11097043bsb	1664	unknown	patron-date-unverified	1664	Latin	Carthago Sive Carthaginensium Respublica, Quam Ex totius fere antiquitatis ruderibus Primus Instaurare Conatur Christoph
6a43a682c3ccb765a9844851	wfl_b3f21	1693	unknown	patron-date-unverified	1693	Latin	Disputationem De Tolerantia Librorum Noxiorum Politica Annuente Amplissima in inclyta Academia Gryphica Facultate Philos
6a43ad063c91e2a63d4d9401	10834324bsb	1659	unknown	patron-date-unverified	1659	Latin	Christus Orans, Sive Exercitatiuncula Theologica, In Psalmum Quadragesimum Primum, Exercitii Theologici ergo conscripta 
6a43b04a3c91e2a63d4dacbe	10663755bsb	1681	unknown	patron-date-unverified	1681	Latin	Testator Cautus. id est, Expositio Succincta, Clara, Fidelis, scitu observatuque necessariorum, Iis, quibus curae est Ul
6a43b59e3c91e2a63d4dc590	10639678bsb	1724	unknown	patron-date-unverified	1724	Latin	De Sigillo. Confessionis, Von Geheimhaltung Der Ohren-Beicht, Sive Ob, und wie weit aus der Beicht zu schwatzen, Tractat
6a43b9203c91e2a63d4dca66	11073540bsb	1741	unknown	patron-date-unverified	1741	Latin	Tractatus De Studiosorum Privilegiis: Editio Quarta
6a43b93a3c91e2a63d4dcaca	11076285bsb	1720	unknown	patron-date-unverified	1720	Latin	De Aucupio Famae Vulgo von Renommée, Praeside Petro Müllero, ICto in Auditorio ICtorum D. Maii. MDCXCI. disputabit Autor
6a43bb953c91e2a63d4dd87e	10824319bsb	1713	unknown	patron-date-unverified	1713	Latin	De Causis Dubiis, Praeside Petro Müllero, ICto In Auditorio ICtorum Ad D. XIIX. Ianuar. MDCXCIII. disputabit Auctor Joha
6a43bcda3c91e2a63d4dda7b	11222090bsb	1675	unknown	patron-date-unverified	1675	Latin	Evolutiones Controversiarum in Syntagmate Iuris Civilis, ab ipso olim in Academia Ienensi adornato, comprehensarum, Nec 
6a43bd983c91e2a63d4de2e6	10004936bsb	1674	unknown	patron-date-unverified	1674	Latin	Ecclesia In Politia Id est Historiae Ecclesiasticae Centuriae XVI. Cum Praesente Dimidiata: quibus propter Synchronismos
6a43d3168e01f3e6394ce5c4	10835787bsb	1756	unknown	patron-date-unverified	1756	Latin	Otium Sabbathicum, Sive de Feriatione Et Profanatione Sabbathi, vom Heiligung und Entheiligung des Sabbaths, Diatribe Iu
6a4435bbaa50a8e8f5050320	11281099bsb	1670	unknown	patron-date-unverified	1670	Latin	Mercurius Epistolaris, Sive Institutio Epistolica: Varii, neque ignobilis argumenti Epistolas, Formulas, Descriptiones, 
6a4435f7aa50a8e8f5050c3c	11707076bsb	1679	unknown	patron-date-unverified	1679	Latin	De Nequitia Advocatorum
6a446005335f9b32ac495fc5	11233642bsb	1679	unknown	patron-date-unverified	1679	Latin	Disputatio Philosophica De Anima In Genere, Cum Additamento Ex 8. Lib. Physic., Quam In S. Salvatoris Lyceo Augustano Pr
6a446e66d4792484c6c17030	10545785bsb	1671	unknown	patron-date-unverified	1671	Latin	Super §. Tertio Constitutionis Nicolai PP. V. Quae Concordatorum Germaniae nuncupatur Enchiridion Sive Directorium In El
6a447c08d4792484c6c18512	10609968bsb	1701	unknown	patron-date-unverified	1701	Latin	Antiquitatum Angelicarum Veteris Testamenti Libri Tres
6a448adcbd67d80f01c76a9f	10033567bsb	1659	unknown	patron-date-unverified	1659	Latin	Observationes Ad Historiae Universalis Synopsin Besoldianam minorem, Quas Christophorus Arnoldus recensuit; & ad haec us
6a448ae7bd67d80f01c76e68	10840004bsb	1672	unknown	patron-date-unverified	1672	Latin	Apparatus Inaugurationis Theologicae Scholasticus, Oratorius, Poeticus: publico datus In Alma, Catholica, Et Episcopali 
6a44b4710529d09bdf5ab870	10844248bsb	1687	unknown	patron-date-unverified	1687	Latin	Palaestra Philosophica, Quam aperuit P. Benedictus Widl In eamque descenderunt P. Martinus Huetter, F. Carolus Obermayr,
6a44d053823724ce1613d350	10061347bsb	1644	unknown	patron-date-unverified	1644	Latin	Baltasaris Alvarez e societate Jesu vita
6a44d0de823724ce1613e7a9	11716477bsb	1662	unknown	patron-date-unverified	1662	Latin	De lucernis antiquorum reconditis libb. sex in quibus earum recens inuentarum adhuc ardentium obseruationes multae primu
6a44d110e46c70aa65d3cd2c	11343143bsb	1708	unknown	patron-date-unverified	1708	Latin	Fax chronologica ad omnigenam historiam ... authore Joanne Dominico Musantio Societatis Jesu
6a45085bbb589381724bd990	10565662bsb	1720	unknown	patron-date-unverified	1720	Latin	Compendium juris
6a453307a836b0d500589809	OEXV540_P4	30 XI 1482	unknown	patron-date-unverified	1482	Latin	Ars memorativa
6a4540de89beae48d3af8255	8D3401INV3786_BIS_RES_P1	1506	unknown	patron-date-unverified	1506	Latin	"Tractatus Corporis Christi, sive repetitio capituli ""Quum Marthae"" (Decretal. III 41, 6)"
6a455d8f89beae48d3af9876	OEXV824_P3	1496	unknown	patron-date-unverified	1496	Latin	De dedicatione ecclesiae Parisiensis
6a456b1a27377e70501c123f	OEXV395RES_P5	1501	unknown	patron-date-unverified	1501	Latin	Casus in quibus judex secularis potest manus in personas clericorum sine metu excommunicationis imponere. De privilegiis
6a45875031e306b7843359e4	VM183RES	1512	unknown	patron-date-unverified	1512	Latin	Enchiridion musices
6a46f4a452899612e0bb65bf	chroniconhierosolymitanumrein	1584	unknown	patron-date-unverified	1584	Latin	Chronicon Hierosolymitanum, id est, de bello sacro historia, exposita libhis XII. et nunc primum in lucem edita, opera e
6a47817d8ea305c6086ee490	10566711bsb	1699	unknown	patron-date-unverified	1699	Latin	De Reconventione : Tractatus Vere Aureus Et In Foro Maxime Practicabilis, Ex Ipsis Civilis, Canonici Et Saxonici Iuris F
6a485ebd6dfcd21f35ecae13	10530312bsb	1654	unknown	patron-date-unverified	1654	Latin	Ferdinandinum Quatuor Columnis suspensum & Divinae Memoriae Ferdinandi Quarti Sacri Romani Imperii nec non Hungariae Ac 
6a4866498de43e87e271d5b8	10495691bsb	1654	unknown	patron-date-unverified	1654	Latin	Castrum Doloris, Quod I.mo Ac R.mo Archiepiscopo Salisburgensi S. Sedis Apostolicae Legato, S.R.I. Principi Paridi E Com
6a48a7277bb704124509e36a	10522882bsb	1658	unknown	patron-date-unverified	1658	Latin	Emblemata Josephina: cum Eulogiis, Opera R.P.D. Caroli Stengelii, Abbatis Anhusani
6a48b5cb3a1f2b1c9f67b662	10449165bsb	1659	unknown	patron-date-unverified	1659	Latin	Germania Reformata, Deformata, Restaurata, Et Non Nisi Per Syncretismum inter Imperii & Europae Protestantes Ecclesias p
6a48b69d3a1f2b1c9f67b7ba	11926717bsb	1658	unknown	patron-date-unverified	1658	Latin	Postillae Harmonicae, Theologo-Iuridico-Politico-Philologicae, Pars 1 : In qua Harmonia Iuris Divini, Et Humani Nova Et 
6a49329d1bbf4176e1e920ff	10042474bsb	1688	unknown	patron-date-unverified	1688	Latin	Arcana Moralia, Olim Ab Illustrissimo Comite, Francisco Bernio, detecta potius, quam Orbi communicata. Nunc Vero Cum Con
6a4a4170b7b0f76385138193	10830521bsb	1624	unknown	patron-date-unverified	1624	Latin	Quadriga Discursuum Theologico-Philosophicorum, Pro Defendenda Philosophi ac Theologi concordia, in utriusque principiis
6a4a444e20eeaa9100bd7f0a	10773459bsb	1624	unknown	patron-date-unverified	1624	Latin	Lutherus Thaumaturgus Omnibus Lutheranis Strenae Loco Donatus; Hoc est, Dissertatio De Miraculo Omnium miraculorum mirac
69aeac29ce3ea0f6a5a79891	defalsocreditaetementitaleiden	1620	unknown	patron-date-unverified	1620	Latin	De Falso Credita et Ementita Constantini Donatione
69af12effd54a2d8db9f0b1b	C.PlyniusSecundusDeNaturaliHystoriaDiligentissimeCastigatus	1496	unknown	patron-date-unverified	1496	Latin	C. Plinius Secundus De Naturali Historia (1496 Incunabulum)
69af47032a8090156eec1781	0590-0604-ss-gregorius-i-magnus-moralium-libri-sive-expositio-in-librum-beati-job.-pars-i-mlt	0590	unknown	patron-date-unverified	590	Latin	Moralia in Job, Pars I
69af45cd61b03be5fb7aeea7	IsidoriHispalensis_OperaOmnia_Tom1_ParteIII_1797	1797	unknown	patron-date-unverified	1797	Latin	S. Isidori Hispalensis Opera Omnia, Tom. I
6a4b08dbe3f5ea0395c72832	10007376bsb	1656	unknown	patron-date-unverified	1656	Latin	Theatrum Historicum Theoretico-Practicum: In quo Quatuor Monarchiae Magnae, Omnesque Reges Et Imperatores, Qui in illis 
6a4b8182c0fa233644e304ff	10153273bsb	1693	unknown	patron-date-unverified	1693	Latin	Iustitia Belli Et Pacis In Statu Regni Portugallici Fundata, Sive Historia Portugalliae, In qua quae recensentur Bella g
6a4c6bbcf2e0bfa738c9fc3f	11068010bsb	1686	unknown	patron-date-unverified	1686	Latin	Singulares Consultationes Forenses; Sive Consilia Decisiva Variarum Iuris Privati tam Civilis, quam Feudalis ac Canonici
6a4f688567015d0b062854dd	10963610bsb	1664	unknown	patron-date-unverified	1664	Latin	Considerationes Philosophicae De Scientiis Et Modis Sciendi In Communi, Quas Sub Praesidio P. Josephi Metzger in lucem &
6a4f7450bed82fff535d30a2	10872025bsb	1607	unknown	patron-date-unverified	1607	Latin	Emblemata: imaginibus in aes incisis, notisque illustrata
6a4f7b712a450f51978cf6cd	10028251bsb	1658	unknown	patron-date-unverified	1658	Latin	Methodus Concionandi, Sive Rhetorica Ecclesiastica: In Gratam Memoriam Anni Iubilei Quem Postridie Calendarum Februarii,
6a4f7fb22a450f51978d0a4f	case_ms_97_7	1470	unknown	patron-date-unverified	1470	Latin	Antidoti in Pogium libri quatuor
6a4fa088025d5d693d2349f1	11296057bsb	1638	unknown	patron-date-unverified	1638	Latin	Bellarminus enervatus: 4 parts
6a4fa7d6b5772a3dacaab81a	10962271bsb	1666	unknown	patron-date-unverified	1666	Latin	Specimina Iuris: I. Specimen difficultatis in Iure, Seu Dissertatio De Casibus Perplexis. II. Specimen Encyclopaediae in
6a4fa8c9b5772a3dacaabc10	henricidebractondelegibus	1640	unknown	patron-date-unverified	1640	Latin	Henrici de Bracton de legibus & consuetudinibus Angliae libri quinque in varios tractatus distincti, ad diversorum et ve
6a4fcf0ee036985f1d57b371	povidiinasonispelignensis	1534	unknown	patron-date-unverified	1534	Latin	De vetula libri tres
6a4fe0162c5dcddb9b9e8ec8	de_officio_principis_christiani_libris_tres_1619-bellarmino	1619	unknown	patron-date-unverified	1619	Latin	De Officio Principis Christiani Libri Tres , Auctore Roberto Bellarmino S.R.E. Card. e Societate Jesu
6a504d6ed37616d3d1c0e7d1	thomasdenigellowirekero	1679	unknown	patron-date-unverified	1679	Latin	De Nigello Wirekero, Indultu Inclytae Facultatis Philosophicae Sub Praesidio Dn. M. Jacobi Thomasii, Eloquent. Prof. Pub
6a50861e34726579ac7478d7	10223474bsb	1685	unknown	patron-date-unverified	1685	Latin	Tuba Pacis Ad Universas Dissidentes in Occidente Ecclesias Seu Discursus Theologicus De Unione Ecclesiarum Romanae & Pro
6a50b6dab5e5291460a6511d	11224615bsb	1702	unknown	patron-date-unverified	1702	Latin	Institutionum Iurisprudentiae Divinae Libri Tres: In quibus Fundamenta Iuris Naturalis secundum Hypotheses Illustris Puf
6a50ed6dc39423579e0cd6c6	10157350bsb	1694	unknown	patron-date-unverified	1694	Latin	Epistolarum Syntagmata Duo una cum Responsis: Praemissa Conringii Vita, Scriptorum Index, & de his Doctorum Virorum Iudi
6a50f238b19984e10b21de26	11077729bsb	1693	unknown	patron-date-unverified	1693	Latin	Quaestionum Promiscuarum, Historico-Philosophico-Iuridicarum, In Academia Fridericiana Anno MDCXCIII. Publice ventilatar
6a50f48bc39423579e0ce4b9	11027796bsb	1682	unknown	patron-date-unverified	1682	Latin	Tredecim Dissertationes Theologicae, in Universitate Argentinensi Habitae, Authore Sebastiano Schmidio, SS. Th. D. PP. S
6a512cd59dbe7960a4049f99	10787547bsb	1699	unknown	patron-date-unverified	1699	Latin	Compendium Vitae B. Aloysii Gonzagae Societatis Jesu: Cum eiusdem Officio, ac Beneficiis Adolescenti, Viroque Nobili Wol
6a512ced9dbe7960a4049fe6	10903718bsb	1661	unknown	patron-date-unverified	1661	Latin	Gretserus Reviviscens Contra Aurea Monita Religiosissimae Societatis Jesu, In gratiam Politicorum & Religiosorum: Per R.
6a512d0a9dbe7960a404a036	11166544bsb	1691	unknown	patron-date-unverified	1691	Latin	Recollectio Spiritualis: Iuxta normam sacrorum Exercitiorum S. Ignatii de Loiola Formata, Ad vitam puram, piam, perfecta
6a9057f07f6818cc17cd5128	10057885bsb	1646	unknown	patron-date-unverified	1646	Latin	Fundamenta physices
6a90614266affe9224a604e4	10940392bsb	1628	unknown	patron-date-unverified	1628	Latin	Annales Minorum... Tomus primus
6a9079a87f9d520dd42e59d2	10840244bsb	1695	unknown	patron-date-unverified	1695	Latin	Philosophia Rationalis Sive Logica, Centum Assertionibus Comprehensa Et Publicae Disputationi In Collegio Can. Reg. S. A
6a9086912c5e4ae65cdc8b60	10839033bsb	1674	unknown	patron-date-unverified	1674	Latin	Princeps Peccans, Sive Tractatus De Peccatis Principum: Excutiendae ipsorum conscientiae inserviens; Cum Indice Rerum & 
6a90b1fd549dee7bdfbf17ab	OEXV855_5RES_P3	1505	unknown	patron-date-unverified	1505	Latin	De proprietate monachorum
6a90b51a53c5573b4bc3307d	10034267bsb	1653	unknown	patron-date-unverified	1653	Latin	Institutionum historicarum libri septem] Tobiae Wagneri, S.S. Theol: Doct: &c. Institutionum Historicarum, Libri Septem 
6a90b7bc26092262f1648f77	10242187bsb	1617	unknown	patron-date-unverified	1617	Latin	Mikra Metamorphōsis, Id est, ex XV. Ovidianis Metamorphoseōn Libris, Electorum Totidem, : cum sectionibus, [et] argument
6a90b7d226092262f16491bd	badesguineb00760	1520	unknown	patron-date-unverified	1520	Latin	De conjuratione Catilinae
6a90e853544007b776b39536	10034268bsb	1663	unknown	patron-date-unverified	1663	Latin	Institutionum Historicarum Libri Septem : Editio Tertia. Accurate recognita, multisque in locis rebus scitu dignissimis 
6a9434657e41ac276318363a	10651214bsb	1623	unknown	patron-date-unverified	1623	Latin	Apodeixis Theologica, Deum Essentia unum, personis trinum esse, Patrem scilicet, Filium, & Spiritum Sanctum : Erroribus 
6ab5a6856122fe9080c03856	10871912bsb	1624	unknown	patron-date-unverified	1624	Latin	Tiphys Batavus, sive histiodromice, de navium cursibus et re navali
69de1c67d10d4b0d3f6f221e	canterburytales_caxton	1477	unknown	patron-date-unverified	1477	Middle English	Canterbury Tales (Caxton first edition)
6a08fdf7cba2f4fe3ad82fcf	HumayunNama.	1580	unknown	patron-date-unverified	1580	Persian	Humāyūn-nāma (ہمایوں نامہ) — Gulbadan Begum, Persian memoir of Emperor Humayun by his sister
69b90544cdb14f317fb5171b	el-libro-de-los-reyes	1560	unknown	patron-date-unverified	1560	Persian	شاهنامه (Shahnameh) — 215 miniatures
6a209d6489e8715c5947a849	stryjkowski-1582	1582	unknown	patron-date-unverified	1582	Polish	Kronika Polska, Litewska, Żmódzka y wszystkiej Rusi
69ea0f4613a685002bb8da9f	17212268148888bsb-11450140	1621	unknown	patron-date-unverified	1621	Portuguese	Peregrinação
6a8f620de408ab73f484c990	ibn-khaldun-os-prolegomenos-ou-filosofia-social-v1-pdf-free	1377	unknown	patron-date-unverified	1377	Portuguese	Muqaddimah
69d0057ee305ccff7ff943bb	wg749	1728	unknown	patron-date-unverified	1728	Sanskrit	Rasahṛdayatantra (1728 manuscript)
69557dd157e3b773024f4041	Juan-Bermudo-Declaracion-1555	1555	unknown	patron-date-unverified	1555	Spanish	Declaración de Instrumentos Musicales
69557e4f57e3b773024f45fb	imslp-melopeo-y-maestro-cerone-pietro	1613	unknown	patron-date-unverified	1613	Spanish	El Melopeo y Maestro
69bf619d76287c6679d5eb6c	res-454-v_0000_capa-capa_t24-C-R0150	1526	unknown	patron-date-unverified	1526	Spanish	Amadís de Gaula
69e793b880b52390feb189c6	VidaDeLazarilloDeTormesYDeSusFortunasYAdversidadesAnonymous	1554	unknown	patron-date-unverified	1554	Spanish	Vida de Lazarillo de Tormes
69ea0f5913a685002bb8deaf	naufragios_2020	1542	unknown	patron-date-unverified	1527	Spanish	Naufragios
69ea0f6013a685002bb8ded8	comentarios-reales-de-los-incas	1609	unknown	patron-date-unverified	1609	Spanish	Comentarios Reales de los Incas
6a08c64be4e4b7b8793e9e1b	CelestinaTragicomediaDeCalisto1599	1599	unknown	patron-date-unverified	1599	Spanish	Celestina: Tragicomedia de Calisto y Melibea (Fernando de Rojas, 1599 edition)
6a08f9209c1b82475e1592fa	primer-nueva-coronica-y-buen-gobierno-manuscrito	1615	unknown	patron-date-unverified	1615	Spanish	Primer Nueva Corónica y Buen Gobierno — Felipe Guamán Poma de Ayala (1615 illustrated manuscript, Quechua/Spanish)
6a4532cba836b0d5005894c2	sacramentalenromance1544	1544-01-15	unknown	patron-date-unverified	1544	Spanish	Sacramental
69a5ee0bbfd8cafd91e42e34	assemani-et-alii-1732-1746-ephraem-syri-opera-omnia-syr-1	1737	unknown	patron-date-unverified	1732	Syriac	Sancti Ephraem Syri Opera Omnia vol. 1 (Syriac/Latin)
69a5ee14bfd8cafd91e43082	assemani-et-alii-1732-1746-ephraem-syri-opera-omnia-syr-2	1740	unknown	patron-date-unverified	1740	Syriac	Sancti Ephraem Syri Opera Omnia vol. 2 (Syriac/Latin)
69a5ee1ebfd8cafd91e432cd	sactipatrisnostriephraemsyri3	1743	unknown	patron-date-unverified	1743	Syriac	Sancti Ephraem Syri Opera Omnia vol. 3
69bcffadf403a9ca2380e78a	bdrc-W4CZ1044	1415	unknown	patron-date-unverified	1879	Tibetan	byang chub lam rim chung ngu (Tsongkhapa's Short Lamrim)
69ef332b72c1376fdf2afcf2	tome-1	1245	unknown	patron-date-unverified:ah	1829	Arabic	Kitab al-Jami li-Mufradat al-Adwiya wa-l-Aghdhiya, Tome 1 (Compendium of Simple Drugs and Foods)
69935b348e28d8f4c5d3cb86	sehidalipasa-1712	1115	unknown	patron-manuscript-undated		Arabic	Three Theological Treatises (Manuscript, 4 years after Ghazālī)
86fe639a-5f3d-4e9e-9d99-128742a10809	mellon48atalanta	1618	unknown	patron-manuscript-undated		English	Atalanta Fugiens
69b4c0c36248be021e01fc61	ManlyPalmerHallBox18Ms102V01	1500–1825	unknown	patron-manuscript-undated		English	Manly Palmer Hall Box 18 Ms 102 V 01
69b4c0db6248be021e0200f3	ManlyPalmerHallBox18Ms102V05	1500–1825	unknown	patron-manuscript-undated		English	Manly Palmer Hall Box 18 Ms 102 V 05
69b4c0cf6248be021e01fe5f	ManlyPalmerHallBox18Ms102V03	1500–1825	unknown	patron-manuscript-undated		English	Manly Palmer Hall Box 18 Ms 102 V 03
69b4c0d56248be021e01ff88	ManlyPalmerHallBox18Ms102V04	1500–1825	unknown	patron-manuscript-undated		English	Manly Palmer Hall Box 18 Ms 102 V 04
69b4c0e16248be021e02022e	ManlyPalmerHallBox18Ms102V06	1500–1825	unknown	patron-manuscript-undated		English	Manly Palmer Hall Box 18 Ms 102 V 06
69b4c0f36248be021e020611	ManlyPalmerHallBox18Ms102V08	1500–1825	unknown	patron-manuscript-undated		English	Manly Palmer Hall Box 18 Ms 102 V 08
69b4c1006248be021e020897	ManlyPalmerHallBox18Ms102V10	1500–1825	unknown	patron-manuscript-undated		English	Manly Palmer Hall Box 18 Ms 102 V 10
69b4c0fa6248be021e02074c	ManlyPalmerHallBox18Ms102V09	1500–1825	unknown	patron-manuscript-undated		English	Manly Palmer Hall Box 18 Ms 102 V 09
69b4c1126248be021e020c3e	ManlyPalmerHallBox18Ms102V13	1500–1825	unknown	patron-manuscript-undated		English	Manly Palmer Hall Box 18 Ms 102 V 13
69b4c1066248be021e0209e0	ManlyPalmerHallBox18Ms102V11	1500–1825	unknown	patron-manuscript-undated		English	Manly Palmer Hall Box 18 Ms 102 V 11
69b4c133dc05a2990b062613	ManlyPalmerHallBox18Ms102V18	1500–1825	unknown	patron-manuscript-undated		English	Manly Palmer Hall Box 18 Ms 102 V 18
69b4c125557c952fd4604007	ManlyPalmerHallBox18Ms102V16	1500–1825	unknown	patron-manuscript-undated		English	Manly Palmer Hall Box 18 Ms 102 V 16
69b4c139779e2e78e20e7545	ManlyPalmerHallBox18Ms102V19	1500–1825	unknown	patron-manuscript-undated		English	Manly Palmer Hall Box 18 Ms 102 V 19
69b4c145dc05a2990b06276c	ManlyPalmerHallBox30Ms175	1500–1825	unknown	patron-manuscript-undated		English	Manly Palmer Hall Box 30 Ms 175
69b4c150779e2e78e20e76d8	ManlyPalmerHallBox34Ms209	1500–1825	unknown	patron-manuscript-undated		English	Manly Palmer Hall Box 34 Ms 209
6a088b12bd8fc3beee8aad3f	metatheaterandsanskritdramamichaellockwoodvishnubhata.part2mattavilasabhagavadajjuka	625	unknown	patron-manuscript-undated		English	Metatheater and Sanskrit Drama: Mattavilāsa-prahasana and Bhagavadajjuka
69b4c12c557c952fd4604186	ManlyPalmerHallBox18Ms102V17	1500–1825	unknown	patron-manuscript-undated		English	Manly Palmer Hall Box 18 Ms 102 V 17
69b4c11e861dc065b07a7b59	ManlyPalmerHallBox18Ms102V15	1500–1825	unknown	patron-manuscript-undated		English	Manly Palmer Hall Box 18 Ms 102 V 15
69b4c1186248be021e020d8b	ManlyPalmerHallBox18Ms102V14	1500–1825	unknown	patron-manuscript-undated		English	Manly Palmer Hall Box 18 Ms 102 V 14
69b4c0b46248be021e01fade	ManlyPalmerHallBox04Ms019V03	1500–1825	unknown	patron-manuscript-undated		German	Manly Palmer Hall Box 04 Ms 019 V 03
69b4c0b96248be021e01fb73	ManlyPalmerHallBox04Ms019V04	1500–1825	unknown	patron-manuscript-undated		German	Manly Palmer Hall Box 04 Ms 019 V 04
69b4c0af6248be021e01fa71	ManlyPalmerHallBox04Ms019V02	1500–1825	unknown	patron-manuscript-undated		German	Manly Palmer Hall Box 04 Ms 019 V 02
69b4c0be6248be021e01fbda	ManlyPalmerHallBox04Ms019V05	1500–1825	unknown	patron-manuscript-undated		German	Manly Palmer Hall Box 04 Ms 019 V 05
69b4c0aa6248be021e01f9f6	ManlyPalmerHallBox04Ms019V01	1500–1825	unknown	patron-manuscript-undated		German	Manly Palmer Hall Box 04 Ms 019 V 01
69de98941b234a773e438c74	mss.-ii.-i.-140-images	1465	unknown	patron-manuscript-undated		Italian	Trattato di Architettura (manuscript)
69b4c14b779e2e78e20e7605	ManlyPalmerHallBox31Ms181	1500–1825	unknown	patron-manuscript-undated		Latin	Manly Palmer Hall Box 31 Ms 181
69dfd990220eedf04e13b0cf	the-complete-forstemann-version-of-the-dresden-codex	1200	unknown	patron-manuscript-undated		Maya Hieroglyphic Script	Dresden Codex (Codex Dresdensis)
69dfd9a3220eedf04e13b11a	codex-dresden	1200	unknown	patron-manuscript-undated		Maya hieroglyphs	Codex Dresdensis (Maya)
69e747d985f786e884a499a6	cotton_ms_vitellius_a_xv	1000	unknown	patron-manuscript-undated		Old English	Beowulf (Cotton MS Vitellius A.xv)
6990694b2f82e0fda4806596	BrihatSamhitaVivrittiVarahMihir4979Alm22Shlf4DevanagariJyotisha	966	unknown	patron-manuscript-undated		Sanskrit	Brihat Samhita Vivritti (Manuscript)
69907e0ab91bcb2db3f6ddb1	PanchaSwaraa5443Alm25Shlf1GhaDevanagariJyotish	1798	unknown	patron-manuscript-undated		Sanskrit	PanchaSwaraa5443Alm25Shlf1GhaDevanagariJyotish
69907e19b91bcb2db3f6e40d	ParsiPrakashVinodVedangRai563GhaAlm3Shlf4DevanagariJyotish	1643	unknown	patron-manuscript-undated		Sanskrit	ParsiPrakashVinodVedangRai563GhaAlm3Shlf4DevanagariJyotish
69e8b27f2ff2a8dc09e77ed7	oldest-srimad-bhagavad-gita-1492	1492	unknown	patron-manuscript-undated		Sanskrit	श्रीमद्भगवद्गीता (Bhagavad Gita, 1492 MS)
69c661a401a26ccff09f561b	sangitaratnakaravol2adhyaya24subrahmanyashastris.adyarlibrary	1230	unknown	patron-manuscript-undated		Sanskrit	Sangita Ratnakara Vol. 2: Raga, Prakirna, Vadya
69c661bc01a26ccff09f595b	sangitaratnakaravol4adhyaya7subrahmanyashastris.adyarlibrary	1230	unknown	patron-manuscript-undated		Sanskrit	Sangita Ratnakara Vol. 4: Vadyavinoda
69c661b101a26ccff09f57d7	sangitaratnakaravol3adhyaya56subrahmanyashastris.adyarlibrary	1230	unknown	patron-manuscript-undated		Sanskrit	Sangita Ratnakara Vol. 3: Tala and Nartana
69a553bc67a3da9e7ba5a622	geneva-bible-1560-truthbetold-ministry-joern-andre-halseth	1560	unknown	patron-title-old-year		English	The Geneva Bible (1560, Facsimile)
6a090c2744b481aa5a37dc1e	FlonEMmoirePourLeComteDeCagliostroAccussContreM.LeProcureurGNral1786	1786	unknown	patron-title-old-year		French	Mémoire pour le Comte de Cagliostro, Accusé, contre M. le Procureur Général (Flon, Paris 1786)
6a090c4244b481aa5a37dcc8	LettreDuComteDeCagliostroAuPeupleAnglais1787French	1787	unknown	patron-title-old-year		French	Lettre du Comte de Cagliostro au peuple anglais (1787, French)
6a090c4a44b481aa5a37dd26	ConfessionsDuComteDeCagliostro1787French	1787	unknown	patron-title-old-year		French	Confessions du Comte de Cagliostro (1787, French)
695573e7f63a757109172b1d	SyntagmaMusicumBd.21619	1619	unknown	patron-title-old-year		German/Latin	Syntagma Musicum II: De Organographia
69b269da2a2dfd041c5e770c	ETYMOLOGICUMMAGNUMByALDUSMANUTIUSINCUNABULAEDITIOPRINCEPSAnno1499	1499	unknown	patron-title-old-year		Greek	Etymologicum Magnum (Editio Princeps)
65c7583f-4866-4f74-8903-a37bd8f1de33	AthanasiiKircheriOedipusAegyptiacusVolI1652	1652	unknown	patron-title-old-year		Latin	Oedipus Aegyptiacus Vol. I
69568934be7c607c5f03c9de	SyntagmaMusicumBd.31619	1619	unknown	patron-title-old-year		Latin	Syntagma Musicum Vol. III (Termini Musici)
695273a1ab34727b1f049baf	AthanasiiKircheriOedipusAegyptiacusVolII1653	1653	unknown	patron-title-old-year		Latin	Oedipus Aegyptiacus Vol II
695273a7ab34727b1f04a708	AthanasiiKircheriOedipusAegyptiacusVolIII1654	1654	unknown	patron-title-old-year		Latin	Oedipus Aegyptiacus Vol III
6992c8864f3a87912423006f	02098268.cn	1609	unknown	universallibrary-undated		Chinese	三才圖會 (Sancai Tuhui) - Illustrated Encyclopedia of the Three Realms
6992c8924f3a8791242305e1	02092259.cn	1621	unknown	universallibrary-undated		Chinese	武備志 (Wubei Zhi) - Treatise on Armament Technology
6992c9022b03ab4dc6e12b7a	06051718.cn	1145	unknown	universallibrary-undated		Chinese	營造法式 (Yingzao Fashi) · 卷一~卷四
6992c904453c7175dc1bcb79	06051719.cn	1145	unknown	universallibrary-undated		Chinese	營造法式 (Yingzao Fashi) · 卷五~卷九
6992c906453c7175dc1bcc1b	06051720.cn	1145	unknown	universallibrary-undated		Chinese	營造法式 (Yingzao Fashi) · 卷十~卷十四
6992c907453c7175dc1bccbb	06051721.cn	1145	unknown	universallibrary-undated		Chinese	營造法式 (Yingzao Fashi) · 卷十五~卷十九
6992c909453c7175dc1bcd5c	06051722.cn	1145	unknown	universallibrary-undated		Chinese	營造法式 (Yingzao Fashi) · 卷二十~卷二十四
6992c90a453c7175dc1bcdfc	06051723.cn	1145	unknown	universallibrary-undated		Chinese	營造法式 (Yingzao Fashi) · 卷二十五~卷二十九
6992c90b453c7175dc1bce9d	06051724.cn	1145	unknown	universallibrary-undated		Chinese	營造法式 (Yingzao Fashi) · 卷三十~卷三十二
6992c90d453c7175dc1bcf22	06051725.cn	1145	unknown	universallibrary-undated		Chinese	營造法式 (Yingzao Fashi) · 卷三十三~卷三十四
6992c9af54b3f8b16b4afd0c	02094393.cn	1303	unknown	universallibrary-undated		Chinese	太乙統宗寶鑑 (Taiyi Comprehensive Divination Mirror)
6992c9b554b3f8b16b4afd81	02094435.cn	1383	unknown	universallibrary-undated		Chinese	天文書 (Book of Astronomy)
6992ca02d4d545ae73fed74b	06050893.cn	1626	unknown	universallibrary-undated		Chinese	道藏目錄詳註 (Daozang Catalogue with Detailed Notes) Vol 2
6992ca048cc847bfb99df969	06050894.cn	1626	unknown	universallibrary-undated		Chinese	道藏目錄詳註 (Daozang Catalogue with Detailed Notes) Vol 3
6992ca56d4d545ae73fedb8a	06057481.cn	1773	unknown	universallibrary-undated		Chinese	九章算術 (Nine Chapters on the Mathematical Art) Vols 1-3
6992ca59d4d545ae73fedcd8	06057483.cn	1773	unknown	universallibrary-undated		Chinese	九章算術 (Nine Chapters on the Mathematical Art) Vols 7-9
6992ca5ad4d545ae73fedda0	06057513.cn	1607	unknown	universallibrary-undated		Chinese	幾何原本 (Jihe Yuanben: Euclids Elements in Chinese) Vol 1
6992ca5cd4d545ae73fede49	06057518.cn	1607	unknown	universallibrary-undated		Chinese	幾何原本 (Jihe Yuanben: Euclids Elements in Chinese) Vol 6
6992ca5fd4d545ae73fedf66	06057441.cn	1744	unknown	universallibrary-undated		Chinese	欽定儀象考成 (Imperial Astronomical Instruments Survey) Vols 1-3
6992ca83d4d545ae73fee34e	06049876.cn	1406	unknown	universallibrary-undated		Chinese	救荒本草 (Jiuhuang Bencao: Famine Relief Herbal) Vol 1
6992ca84d4d545ae73fee3cc	02094083.cn	1592	unknown	universallibrary-undated		Chinese	新編直指算法統宗 (Suanfa Tongzong: Systematic Treatise on Arithmetic) Vol 1
6992ca94d4d545ae73fee548	02093067.cn	1601	unknown	universallibrary-undated		Chinese	針灸大成 (Zhenjiu Dacheng: Great Compendium of Acupuncture) Vol 1
6992ca96d4d545ae73fee5c3	02093068.cn	1601	unknown	universallibrary-undated		Chinese	針灸大成 (Zhenjiu Dacheng: Great Compendium of Acupuncture) Vol 2
6992ca97d4d545ae73fee68a	02093069.cn	1601	unknown	universallibrary-undated		Chinese	針灸大成 (Zhenjiu Dacheng: Great Compendium of Acupuncture) Vol 3
6992ca98d4d545ae73fee720	02093072.cn	1601	unknown	universallibrary-undated		Chinese	針灸大成 (Zhenjiu Dacheng: Great Compendium of Acupuncture) Vol 6
6992ca9ad4d545ae73fee7bc	02093074.cn	1601	unknown	universallibrary-undated		Chinese	針灸大成 (Zhenjiu Dacheng: Great Compendium of Acupuncture) Vol 8
6992cabbd4d545ae73fee88b	02094363.cn	594	unknown	universallibrary-undated		Chinese	五行大義 (Wuxing Dayi: Great Meaning of the Five Elements) Vol 2
6992cabdd4d545ae73fee906	06075336.cn	1663	unknown	universallibrary-undated		Chinese	易象圖說 (Yixiang Tushu: Illustrated Explanation of Yi Hexagram Images)
6992cabed4d545ae73fee99f	06070920.cn	1627	unknown	universallibrary-undated		Chinese	奇器圖說 (Qiqi Tushu: Illustrated Explanation of Marvelous Machines) Vol 1
6992cac0d4d545ae73feea71	02094346.cn	1657	unknown	universallibrary-undated		Chinese	新刊指南臺司袁天罡先生五星三命大全 (Five Stars Three Fates Complete Guide to Astrology) Vol 1
6992cac1d4d545ae73feeac4	02093947.cn	1605	unknown	universallibrary-undated		Chinese	地球圖說 (Diqiu Tushu: Illustrated Explanation of the Earth)
6992caf6d4d545ae73feeb7c	06076375.cn	1778	unknown	universallibrary-undated		Chinese	抱朴子內篇 (Baopuzi Neipian: Inner Chapters of the Master Who Embraces Simplicity) Vol 1
6992cbf1018b80967354c5f6	02094084.cn	1592	unknown	universallibrary-undated		Chinese	新編直指算法統宗 (Suanfa Tongzong: Systematic Treatise on Arithmetic) Vol 2
6992cbf3018b80967354c65f	02094085.cn	1592	unknown	universallibrary-undated		Chinese	新編直指算法統宗 (Suanfa Tongzong: Systematic Treatise on Arithmetic) Vol 3
6992cbf9018b80967354c7b8	02094086.cn	1592	unknown	universallibrary-undated		Chinese	新編直指算法統宗 (Suanfa Tongzong: Systematic Treatise on Arithmetic) Vol 4
6992cbfb018b80967354c976	02094087.cn	1592	unknown	universallibrary-undated		Chinese	新編直指算法統宗 (Suanfa Tongzong: Systematic Treatise on Arithmetic) Vol 5
6992cbfc018b80967354c9d1	02094088.cn	1592	unknown	universallibrary-undated		Chinese	新編直指算法統宗 (Suanfa Tongzong: Systematic Treatise on Arithmetic) Vol 6
6992cbfe018b80967354ca17	02094089.cn	1592	unknown	universallibrary-undated		Chinese	新編直指算法統宗 (Suanfa Tongzong: Systematic Treatise on Arithmetic) Vol 7
6992cbff018b80967354ca60	02094090.cn	1592	unknown	universallibrary-undated		Chinese	新編直指算法統宗 (Suanfa Tongzong: Systematic Treatise on Arithmetic) Vol 8
6992cc02018b80967354caa7	02094091.cn	1592	unknown	universallibrary-undated		Chinese	新編直指算法統宗 (Suanfa Tongzong: Systematic Treatise on Arithmetic) Vol 9
6992cc03018b80967354caf2	02094092.cn	1592	unknown	universallibrary-undated		Chinese	新編直指算法統宗 (Suanfa Tongzong: Systematic Treatise on Arithmetic) Vol 10
6992cc0f018b80967354cb4c	06049858.cn	1773	unknown	universallibrary-undated		Chinese	齊民要術 (Qimin Yaoshu: Essential Techniques for the Welfare of the People) Vols 1-3
6992cc10018b80967354cbfd	06049859.cn	1773	unknown	universallibrary-undated		Chinese	齊民要術 (Qimin Yaoshu: Essential Techniques for the Welfare of the People) Vols 4-6
6992cc12018b80967354cc95	06049860.cn	544	unknown	universallibrary-undated		Chinese	齊民要術 (Qimin Yaoshu: Essential Techniques for the Welfare of the People) Vols 7-8
6992cc13018b80967354cd1f	06049861.cn	1778	unknown	universallibrary-undated		Chinese	齊民要術 (Qimin Yaoshu: Essential Techniques for the Welfare of the People) Vol 9
6992cc14018b80967354cd75	06049862.cn	1782	unknown	universallibrary-undated		Chinese	齊民要術 (Qimin Yaoshu: Essential Techniques for the Welfare of the People) Vol 10
6992cd0cff51f968cf078633	02098269.cn	1609	unknown	universallibrary-undated		Chinese	三才圖會(二)
6992cd13ae978f7d4159839a	02098270.cn	1609	unknown	universallibrary-undated		Chinese	三才圖會(三)
6992cd18ae978f7d41598403	02098271.cn	1609	unknown	universallibrary-undated		Chinese	三才圖會(四)
6992cd1bae978f7d4159844e	02098272.cn	1609	unknown	universallibrary-undated		Chinese	三才圖會(五)
6992cd1fae978f7d415984c6	02098273.cn	1609	unknown	universallibrary-undated		Chinese	三才圖會(六)
6992cd22ae978f7d41598549	02098274.cn	1609	unknown	universallibrary-undated		Chinese	三才圖會(七)
6992cd26ae978f7d415985b3	02098275.cn	1609	unknown	universallibrary-undated		Chinese	三才圖會(八)
6992cd2aae978f7d4159860a	02098276.cn	1609	unknown	universallibrary-undated		Chinese	三才圖會(九)
6992cd2dae978f7d41598661	02098277.cn	1609	unknown	universallibrary-undated		Chinese	三才圖會(十)
6992cd31ae978f7d415986d9	02098278.cn	1609	unknown	universallibrary-undated		Chinese	三才圖會(十一)
6992cd35ae978f7d41598742	02098279.cn	1609	unknown	universallibrary-undated		Chinese	三才圖會(十二)
6992cd3b43713c66ea635917	02098280.cn	1609	unknown	universallibrary-undated		Chinese	三才圖會(十三)
6992cd3e43713c66ea63598e	02098281.cn	1609	unknown	universallibrary-undated		Chinese	三才圖會(十四)
6992cd4243713c66ea635a00	02098282.cn	1609	unknown	universallibrary-undated		Chinese	三才圖會(十五)
6992cd4643713c66ea635a52	02098283.cn	1609	unknown	universallibrary-undated		Chinese	三才圖會(十六)
6992cd4a43713c66ea635aa2	02098284.cn	1609	unknown	universallibrary-undated		Chinese	三才圖會(十七)
6992cd4e43713c66ea635b76	02098285.cn	1609	unknown	universallibrary-undated		Chinese	三才圖會(十八)
6992cd5043713c66ea635bef	06048774.cn	1596	unknown	universallibrary-undated		Chinese	本草綱目·卷上之中
6992cd5243713c66ea635ca7	02098286.cn	1609	unknown	universallibrary-undated		Chinese	三才圖會(十九)
6992cd5443713c66ea635d14	06048775.cn	1596	unknown	universallibrary-undated		Chinese	本草綱目·卷上之下
6992cd5443713c66ea635d8e	02092260.cn	1621	unknown	universallibrary-undated		Chinese	武備志(二)
6992cd5543713c66ea635de5	02098287.cn	1609	unknown	universallibrary-undated		Chinese	三才圖會(二十)
6992cd5743713c66ea635e55	06048776.cn	1596	unknown	universallibrary-undated		Chinese	本草綱目·卷中之上
6992cd5943713c66ea635ed9	02092261.cn	1621	unknown	universallibrary-undated		Chinese	武備志(三)
6992cd5943713c66ea635f25	02098288.cn	1609	unknown	universallibrary-undated		Chinese	三才圖會(二十一)
6992cd5a43713c66ea635f8d	06048777.cn	1596	unknown	universallibrary-undated		Chinese	本草綱目·卷中之中
6992cd5c43713c66ea63600f	02098289.cn	1609	unknown	universallibrary-undated		Chinese	三才圖會(二十二)
6992cd5d43713c66ea636061	02092262.cn	1621	unknown	universallibrary-undated		Chinese	武備志(四)
6992cd5e43713c66ea6360b6	06048778.cn	1596	unknown	universallibrary-undated		Chinese	本草綱目·卷中之下
6992cd6043713c66ea636132	02098290.cn	1609	unknown	universallibrary-undated		Chinese	三才圖會(二十三)
6992cd6143713c66ea636179	06048779.cn	1596	unknown	universallibrary-undated		Chinese	本草綱目·卷下之上
6992cd6243713c66ea636200	02092263.cn	1621	unknown	universallibrary-undated		Chinese	武備志(五)
6992cd6343713c66ea636262	02098291.cn	1609	unknown	universallibrary-undated		Chinese	三才圖會(二十四)
6992cd6443713c66ea6362d0	06048780.cn	1596	unknown	universallibrary-undated		Chinese	本草綱目·卷下之中
6992cd6643713c66ea63635c	02092264.cn	1621	unknown	universallibrary-undated		Chinese	武備志(六)
6992cd6743713c66ea6363c5	02098292.cn	1609	unknown	universallibrary-undated		Chinese	三才圖會(二十五)
6992cd6a43713c66ea6364a0	02098293.cn	1609	unknown	universallibrary-undated		Chinese	三才圖會(二十六)
6992cd6b43713c66ea63650d	02092265.cn	1621	unknown	universallibrary-undated		Chinese	武備志(七)
6992cd6c43713c66ea636575	06048782.cn	1596	unknown	universallibrary-undated		Chinese	本草綱目·卷一上~卷一下
6992cd6e43713c66ea636659	02098294.cn	1609	unknown	universallibrary-undated		Chinese	三才圖會(二十七)
6992cd6f43713c66ea6366c1	06048783.cn	1596	unknown	universallibrary-undated		Chinese	本草綱目·卷二
6992cd7043713c66ea6366c2	02092266.cn	1621	unknown	universallibrary-undated		Chinese	武備志(八)
6992cd7243713c66ea636785	02098295.cn	1609	unknown	universallibrary-undated		Chinese	三才圖會(二十八)
6992cd7343713c66ea63685f	06048784.cn	1596	unknown	universallibrary-undated		Chinese	本草綱目·卷三上
6992cd7443713c66ea636943	02092267.cn	1621	unknown	universallibrary-undated		Chinese	武備志(九)
6992cd7543713c66ea63699e	02098296.cn	1609	unknown	universallibrary-undated		Chinese	三才圖會(二十九)
6992cd7643713c66ea636a11	06048785.cn	1596	unknown	universallibrary-undated		Chinese	本草綱目·卷三下
6992cd7843713c66ea636a91	02092268.cn	1621	unknown	universallibrary-undated		Chinese	武備志(十)
6992cd7943713c66ea636b07	02098297.cn	1609	unknown	universallibrary-undated		Chinese	三才圖會(三十)
6992cd7c43713c66ea636be2	02098298.cn	1609	unknown	universallibrary-undated		Chinese	三才圖會(三十一)
6992cd7d43713c66ea636c41	02092269.cn	1621	unknown	universallibrary-undated		Chinese	武備志(十一)
6992cd7e43713c66ea636d58	06049473.cn	1766	unknown	universallibrary-undated		Chinese	皇朝禮器圖式
6992cd8043713c66ea636ec0	02098299.cn	1609	unknown	universallibrary-undated		Chinese	三才圖會(三十二)
6992cd8143713c66ea636f0c	06048788.cn	1596	unknown	universallibrary-undated		Chinese	本草綱目·卷五~卷六
6992cd8243713c66ea636f6b	02092270.cn	1621	unknown	universallibrary-undated		Chinese	武備志(十二)
6992cd8343713c66ea636fce	02098300.cn	1609	unknown	universallibrary-undated		Chinese	三才圖會(三十三)
6992cd8643713c66ea6370ff	02092271.cn	1621	unknown	universallibrary-undated		Chinese	武備志(十三)
6992cd8743713c66ea637159	02098301.cn	1609	unknown	universallibrary-undated		Chinese	三才圖會(三十四)
6992cd8843713c66ea6371a8	06048790.cn	1596	unknown	universallibrary-undated		Chinese	本草綱目·卷九
6992cd8b43713c66ea637248	02092272.cn	1621	unknown	universallibrary-undated		Chinese	武備志(十四)
6992cd8b43713c66ea637249	02098302.cn	1609	unknown	universallibrary-undated		Chinese	三才圖會(三十五)
6992cd8b43713c66ea637312	06048791.cn	1596	unknown	universallibrary-undated		Chinese	本草綱目·卷十
6992cd8f43713c66ea63737f	02098303.cn	1609	unknown	universallibrary-undated		Chinese	三才圖會(三十六)
6992cd8f43713c66ea637404	02092273.cn	1621	unknown	universallibrary-undated		Chinese	武備志(十五)
6992cd8f43713c66ea637405	06048792.cn	1596	unknown	universallibrary-undated		Chinese	本草綱目·卷十一
6992cd9243713c66ea6374ff	02098304.cn	1609	unknown	universallibrary-undated		Chinese	三才圖會(三十七)
6992cd9443713c66ea63763d	02092274.cn	1621	unknown	universallibrary-undated		Chinese	武備志(十六)
6992cd9643713c66ea63769d	02098305.cn	1609	unknown	universallibrary-undated		Chinese	三才圖會(三十八)
6992cd9843713c66ea637791	02092275.cn	1621	unknown	universallibrary-undated		Chinese	武備志(十七)
6992cd9943713c66ea6377ef	02098306.cn	1609	unknown	universallibrary-undated		Chinese	三才圖會(三十九)
6992cd9d43713c66ea637919	02098307.cn	1609	unknown	universallibrary-undated		Chinese	三才圖會(四十)
6992cd9d43713c66ea63791a	02092276.cn	1621	unknown	universallibrary-undated		Chinese	武備志(十八)
6992cda043713c66ea637aa0	02098308.cn	1609	unknown	universallibrary-undated		Chinese	三才圖會(四十一)
6992cda143713c66ea637ae7	06048797.cn	1596	unknown	universallibrary-undated		Chinese	本草綱目·卷十六
6992cda143713c66ea637bc4	02092277.cn	1621	unknown	universallibrary-undated		Chinese	武備志(十九)
6992cda4ae978f7d415987b1	02098309.cn	1609	unknown	universallibrary-undated		Chinese	三才圖會(四十二)
6992cda543713c66ea637c16	02092278.cn	1621	unknown	universallibrary-undated		Chinese	武備志(二十)
6992cda743713c66ea637c9a	02098310.cn	1609	unknown	universallibrary-undated		Chinese	三才圖會(四十三)
6992cdaa43713c66ea637cfc	02092279.cn	1621	unknown	universallibrary-undated		Chinese	武備志(二十一)
6992cdab43713c66ea637d67	02098311.cn	1609	unknown	universallibrary-undated		Chinese	三才圖會(四十四)
6992cdab43713c66ea637dca	06048799.cn	1596	unknown	universallibrary-undated		Chinese	本草綱目·卷十八上~十八下
6992cdae43713c66ea637ec9	02098312.cn	1609	unknown	universallibrary-undated		Chinese	三才圖會(四十五)
6992cdaf43713c66ea637f22	02092280.cn	1621	unknown	universallibrary-undated		Chinese	武備志(二十二)
6992cdb243713c66ea638041	02098313.cn	1609	unknown	universallibrary-undated		Chinese	三才圖會(四十六)
6992cdb443713c66ea63812e	02092281.cn	1621	unknown	universallibrary-undated		Chinese	武備志(二十三)
6992cdb543713c66ea63818d	02098314.cn	1609	unknown	universallibrary-undated		Chinese	三才圖會(四十七)
6992cdb643713c66ea6381da	06048802.cn	1596	unknown	universallibrary-undated		Chinese	本草綱目·卷二十四~二十五
6992cdb843713c66ea63827c	02092282.cn	1621	unknown	universallibrary-undated		Chinese	武備志(二十四)
6992cdb943713c66ea6382fd	02098315.cn	1609	unknown	universallibrary-undated		Chinese	三才圖會(四十八)
6992cdba43713c66ea638353	06048803.cn	1596	unknown	universallibrary-undated		Chinese	本草綱目·卷二十六
6992cdbc43713c66ea6383f3	02098316.cn	1609	unknown	universallibrary-undated		Chinese	三才圖會(四十九)
6992cdbc43713c66ea6383f4	02092283.cn	1621	unknown	universallibrary-undated		Chinese	武備志(二十五)
6992cdbe43713c66ea6384a8	06048804.cn	1596	unknown	universallibrary-undated		Chinese	本草綱目·卷二十七~卷二十八
6992cdc043713c66ea638565	02098317.cn	1609	unknown	universallibrary-undated		Chinese	三才圖會(五十)
6992cdc143713c66ea6385c1	02092284.cn	1621	unknown	universallibrary-undated		Chinese	武備志(二十六)
6992cdc343713c66ea63870c	02098318.cn	1609	unknown	universallibrary-undated		Chinese	三才圖會(五十一)
6992cdc6e7c91e930c254938	02092285.cn	1621	unknown	universallibrary-undated		Chinese	武備志(二十七)
6992cdc723b3ade43ec14fdd	02098319.cn	1609	unknown	universallibrary-undated		Chinese	三才圖會(五十二)
6992cdc623b3ade43ec14fdc	06048806.cn	1596	unknown	universallibrary-undated		Chinese	本草綱目·卷三十一~卷三十二
6992cdcb23b3ade43ec150d5	02098320.cn	1609	unknown	universallibrary-undated		Chinese	三才圖會(五十三)
6992cdcb23b3ade43ec15144	06048807.cn	1596	unknown	universallibrary-undated		Chinese	本草綱目·卷三十三
6992cdcec8c0c1ab515dcb71	02092286.cn	1621	unknown	universallibrary-undated		Chinese	武備志(二十八)
6992cdcf23b3ade43ec1519b	02098321.cn	1609	unknown	universallibrary-undated		Chinese	三才圖會(五十四)
6992cdcfc8c0c1ab515dcbe0	06048808.cn	1596	unknown	universallibrary-undated		Chinese	本草綱目·卷三十四
6992cdd281c9d7efb84d065f	02098322.cn	1609	unknown	universallibrary-undated		Chinese	三才圖會(五十五)
6992cdd381c9d7efb84d06ab	06048809.cn	1596	unknown	universallibrary-undated		Chinese	本草綱目·卷三十五上~卷三十五下
6992cdd381c9d7efb84d0778	02092287.cn	1621	unknown	universallibrary-undated		Chinese	武備志(二十九)
6992cdd6c8c0c1ab515dcc7a	02098323.cn	1609	unknown	universallibrary-undated		Chinese	三才圖會(五十六)
6992cdd8c8c0c1ab515dccd5	06048810.cn	1596	unknown	universallibrary-undated		Chinese	本草綱目·卷三十六
6992cdd9c8c0c1ab515dcd82	02092288.cn	1621	unknown	universallibrary-undated		Chinese	武備志(三十)
6992cddac8c0c1ab515dcded	02098324.cn	1609	unknown	universallibrary-undated		Chinese	三才圖會(五十七)
6992cdde81c9d7efb84d07c8	02092289.cn	1621	unknown	universallibrary-undated		Chinese	武備志(三十一)
6992cdde81c9d7efb84d0815	02098325.cn	1609	unknown	universallibrary-undated		Chinese	三才圖會(五十八)
6992cddf81c9d7efb84d0873	06048812.cn	1596	unknown	universallibrary-undated		Chinese	本草綱目·卷三十九~卷四十
6992cde181c9d7efb84d0920	02098326.cn	1609	unknown	universallibrary-undated		Chinese	三才圖會(五十九)
6992cde281c9d7efb84d096b	02092290.cn	1621	unknown	universallibrary-undated		Chinese	武備志(三十二)
6992cde281c9d7efb84d09ce	06048813.cn	1596	unknown	universallibrary-undated		Chinese	本草綱目·卷四十一~卷四十二
6992cde581c9d7efb84d0a69	02098327.cn	1609	unknown	universallibrary-undated		Chinese	三才圖會(六十)
6992cde681c9d7efb84d0ab7	06048814.cn	1596	unknown	universallibrary-undated		Chinese	本草綱目·卷四十三~卷四十四
6992cde981c9d7efb84d0ba0	02098328.cn	1609	unknown	universallibrary-undated		Chinese	三才圖會(六十一)
6992cde981c9d7efb84d0bed	06048815.cn	1596	unknown	universallibrary-undated		Chinese	本草綱目·卷四十五~卷四十六
6992cdea81c9d7efb84d0bee	02092291.cn	1621	unknown	universallibrary-undated		Chinese	武備志(三十三)
6992cdec81c9d7efb84d0cea	02098329.cn	1609	unknown	universallibrary-undated		Chinese	三才圖會(六十二)
6992cdee81c9d7efb84d0dee	02092292.cn	1621	unknown	universallibrary-undated		Chinese	武備志(三十四)
6992cdef81c9d7efb84d0e4f	02098330.cn	1609	unknown	universallibrary-undated		Chinese	三才圖會(六十三)
6992cdf081c9d7efb84d0e9a	06048817.cn	1596	unknown	universallibrary-undated		Chinese	本草綱目·卷四十九
6992cdf281c9d7efb84d0ee0	02098331.cn	1609	unknown	universallibrary-undated		Chinese	三才圖會(六十四)
6992cdf381c9d7efb84d0f2f	02092293.cn	1621	unknown	universallibrary-undated		Chinese	武備志(三十五)
6992cdf481c9d7efb84d0fa3	06048818.cn	1596	unknown	universallibrary-undated		Chinese	本草綱目·卷五十上~卷五十下
6992cdf681c9d7efb84d108a	02098332.cn	1609	unknown	universallibrary-undated		Chinese	三才圖會(六十五)
6992cdf781c9d7efb84d10d9	06048819.cn	1596	unknown	universallibrary-undated		Chinese	本草綱目·卷五十一上~卷五十一下
6992cdf781c9d7efb84d11bd	02092294.cn	1621	unknown	universallibrary-undated		Chinese	武備志(三十六)
6992cdfa81c9d7efb84d122b	02098333.cn	1609	unknown	universallibrary-undated		Chinese	三才圖會(六十六)
6992cdfb81c9d7efb84d129c	06048820.cn	1596	unknown	universallibrary-undated		Chinese	本草綱目·卷五十二
6992cdfe00f13b15f3ca3b1f	02093038.cn	1765	unknown	universallibrary-undated		Chinese	本草綱目拾遺(一)
6992cdfe00f13b15f3ca3b20	02092295.cn	1621	unknown	universallibrary-undated		Chinese	武備志(三十七)
6992cdfe00f13b15f3ca3be9	02098334.cn	1609	unknown	universallibrary-undated		Chinese	三才圖會(六十七)
6992ce0100f13b15f3ca3c46	02093039.cn	1765	unknown	universallibrary-undated		Chinese	本草綱目拾遺(二)
6992ce0200f13b15f3ca3ccf	02098335.cn	1609	unknown	universallibrary-undated		Chinese	三才圖會(六十八)
6992ce0200f13b15f3ca3d34	02092296.cn	1621	unknown	universallibrary-undated		Chinese	武備志(三十八)
6992ce053ea667fbac827a00	02093040.cn	1765	unknown	universallibrary-undated		Chinese	本草綱目拾遺(三)
6992ce073ea667fbac827a63	02098336.cn	1609	unknown	universallibrary-undated		Chinese	三才圖會(六十九)
6992ce073ea667fbac827abe	02092297.cn	1621	unknown	universallibrary-undated		Chinese	武備志(三十九)
6992ce0a3ea667fbac827b7f	02098337.cn	1609	unknown	universallibrary-undated		Chinese	三才圖會(七十)
6992ce0c3ea667fbac827c85	02092298.cn	1621	unknown	universallibrary-undated		Chinese	武備志(四十)
6992ce0e3ea667fbac827d0e	02098338.cn	1609	unknown	universallibrary-undated		Chinese	三才圖會(七十一)
6992ce113ea667fbac827ebf	02092299.cn	1621	unknown	universallibrary-undated		Chinese	武備志(四十一)
6992ce113ea667fbac827f2f	02098339.cn	1609	unknown	universallibrary-undated		Chinese	三才圖會(七十二)
6992ce153ea667fbac82803e	02098340.cn	1609	unknown	universallibrary-undated		Chinese	三才圖會(七十三)
6992ce153ea667fbac82809e	02092300.cn	1621	unknown	universallibrary-undated		Chinese	武備志(四十二)
6992ce183ea667fbac8281b4	02098341.cn	1609	unknown	universallibrary-undated		Chinese	三才圖會(七十四)
6992ce1a3ea667fbac828216	02092301.cn	1621	unknown	universallibrary-undated		Chinese	武備志(四十三)
6992ce1d3ea667fbac828320	02098342.cn	1609	unknown	universallibrary-undated		Chinese	三才圖會(七十五)
6992ce1f3ea667fbac82838a	02092302.cn	1621	unknown	universallibrary-undated		Chinese	武備志(四十四)
6992ce203ea667fbac8283ec	02098343.cn	1609	unknown	universallibrary-undated		Chinese	三才圖會(七十六)
6992ce233ea667fbac828452	02092303.cn	1621	unknown	universallibrary-undated		Chinese	武備志(四十五)
6992ce243ea667fbac8284b0	02098344.cn	1609	unknown	universallibrary-undated		Chinese	三才圖會(七十七)
6992ce273ea667fbac8284fd	02097992.cn	1526	unknown	universallibrary-undated		Chinese	新編纂圖增類羣書類要事林廣記
6992ce273ea667fbac82854a	02098345.cn	1609	unknown	universallibrary-undated		Chinese	三才圖會(七十八)
6992ce283ea667fbac828599	02092304.cn	1621	unknown	universallibrary-undated		Chinese	武備志(四十六)
6992ce2b3ea667fbac828609	02098346.cn	1609	unknown	universallibrary-undated		Chinese	三才圖會(七十九)
6992ce2d3ea667fbac82864f	02092305.cn	1621	unknown	universallibrary-undated		Chinese	武備志(四十七)
6992ce2e3ea667fbac8286b2	02098347.cn	1609	unknown	universallibrary-undated		Chinese	三才圖會(八十)
6992ce313ea667fbac8286ff	02092306.cn	1621	unknown	universallibrary-undated		Chinese	武備志(四十八)
6992ce313ea667fbac828700	02098348.cn	1609	unknown	universallibrary-undated		Chinese	三才圖會(八十一)
6992ce353ea667fbac8287cc	02098349.cn	1609	unknown	universallibrary-undated		Chinese	三才圖會(八十二)
6992ce363ea667fbac828821	02092307.cn	1621	unknown	universallibrary-undated		Chinese	武備志(四十九)
6992ce393ea667fbac828874	02098350.cn	1609	unknown	universallibrary-undated		Chinese	三才圖會(八十三)
6992ce3a3ea667fbac8288d4	02092308.cn	1621	unknown	universallibrary-undated		Chinese	武備志(五十)
6992ce3c3ea667fbac828938	02098351.cn	1609	unknown	universallibrary-undated		Chinese	三才圖會(八十四)
6992ce3f3ea667fbac8289ab	02092309.cn	1621	unknown	universallibrary-undated		Chinese	武備志(五十一)
6992ce403ea667fbac828a09	02098352.cn	1609	unknown	universallibrary-undated		Chinese	三才圖會(八十五)
6992ce45749d4e56e0690c46	06050746.cn	1624	unknown	universallibrary-undated		Chinese	類經圖翼
6992ce4500291c2fcb634100	02092310.cn	1621	unknown	universallibrary-undated		Chinese	武備志(五十二)
6992ce452960dc4e5cea8e8a	02098353.cn	1609	unknown	universallibrary-undated		Chinese	三才圖會(八十六)
6992ce492960dc4e5cea8efb	02098354.cn	1609	unknown	universallibrary-undated		Chinese	三才圖會(八十七)
6992ce4a2960dc4e5cea8f7d	02092311.cn	1621	unknown	universallibrary-undated		Chinese	武備志(五十三)
6992ce4d2960dc4e5cea8fdc	02098355.cn	1609	unknown	universallibrary-undated		Chinese	三才圖會(八十八)
6992ce4f2960dc4e5cea9056	02092312.cn	1621	unknown	universallibrary-undated		Chinese	武備志(五十四)
6992ce502960dc4e5cea90bb	02098356.cn	1609	unknown	universallibrary-undated		Chinese	三才圖會(八十九)
6992ce532960dc4e5cea911a	02092313.cn	1621	unknown	universallibrary-undated		Chinese	武備志(五十五)
6992ce542960dc4e5cea9195	02098357.cn	1609	unknown	universallibrary-undated		Chinese	三才圖會(九十)
6992ce582960dc4e5cea91f2	02098358.cn	1609	unknown	universallibrary-undated		Chinese	三才圖會(九十一)
6992ce582960dc4e5cea91f3	02092314.cn	1621	unknown	universallibrary-undated		Chinese	武備志(五十六)
6992ce5c673ee1e40e32030d	02098359.cn	1609	unknown	universallibrary-undated		Chinese	三才圖會(九十二)
6992ce5c673ee1e40e32030e	02092315.cn	1621	unknown	universallibrary-undated		Chinese	武備志(五十七)
6992ce5f673ee1e40e3203b1	06041954.cn	1562	unknown	universallibrary-undated		Chinese	籌海圖編
6992ce5f673ee1e40e320408	06043452.cn	1742	unknown	universallibrary-undated		Chinese	周禮圖說 上
6992ce60673ee1e40e320488	02098360.cn	1609	unknown	universallibrary-undated		Chinese	三才圖會(九十三)
6992ce61673ee1e40e3204ed	02092316.cn	1621	unknown	universallibrary-undated		Chinese	武備志(五十八)
6992ce62673ee1e40e320547	06043453.cn	1742	unknown	universallibrary-undated		Chinese	周禮圖說 下
6992ce63673ee1e40e320633	02098361.cn	1609	unknown	universallibrary-undated		Chinese	三才圖會(九十四)
6992ce66673ee1e40e32081c	02098362.cn	1609	unknown	universallibrary-undated		Chinese	三才圖會(九十五)
6992ce6a673ee1e40e32090d	02098363.cn	1609	unknown	universallibrary-undated		Chinese	三才圖會(九十六)
6992ce6d77d26f9321776d69	02098364.cn	1609	unknown	universallibrary-undated		Chinese	三才圖會(九十七)
6992ce6f77d26f9321776dcb	02092568.cn	1273	unknown	universallibrary-undated		Chinese	農桑輯要
6992ce7177d26f9321776eb3	02098365.cn	1609	unknown	universallibrary-undated		Chinese	三才圖會(九十八)
6992ce7477d26f9321776f6a	02098366.cn	1609	unknown	universallibrary-undated		Chinese	三才圖會(九十九)
6992ce7877d26f9321777352	02098367.cn	1609	unknown	universallibrary-undated		Chinese	三才圖會(一百)
6992ce7877d26f93217773a6	02092321.cn	1621	unknown	universallibrary-undated		Chinese	武備志(六十三)
6992ce78673ee1e40e320af0	02092650.cn	1773	unknown	universallibrary-undated		Chinese	蠶桑輯要
6992ce7c673ee1e40e320b48	02098368.cn	1609	unknown	universallibrary-undated		Chinese	三才圖會(一百一)
6992ce7d673ee1e40e320b97	02092322.cn	1621	unknown	universallibrary-undated		Chinese	武備志(六十四)
6992ce7d673ee1e40e320b98	02073706.cn	1746	unknown	universallibrary-undated		Chinese	考工記圖
6992ce7d673ee1e40e320b99	06076325.cn	1723	unknown	universallibrary-undated		Chinese	御製數理精蘊
6992ce7f673ee1e40e320caa	02098369.cn	1609	unknown	universallibrary-undated		Chinese	三才圖會(一百二)
6992ce81673ee1e40e320cff	02092323.cn	1621	unknown	universallibrary-undated		Chinese	武備志(六十五)
6992ce83673ee1e40e320d58	02098370.cn	1609	unknown	universallibrary-undated		Chinese	三才圖會(一百三)
6992ce86673ee1e40e320e14	02092324.cn	1621	unknown	universallibrary-undated		Chinese	武備志(六十六)
6992ce86673ee1e40e320e15	02098371.cn	1609	unknown	universallibrary-undated		Chinese	三才圖會(一百四)
6992ce8a673ee1e40e320f60	02098372.cn	1609	unknown	universallibrary-undated		Chinese	三才圖會(一百五)
6992ce8b673ee1e40e320fc2	02092325.cn	1621	unknown	universallibrary-undated		Chinese	武備志(六十七)
6992ce8e673ee1e40e32103c	02098373.cn	1609	unknown	universallibrary-undated		Chinese	三才圖會(一百六)
6992ce8f673ee1e40e32109f	02092326.cn	1621	unknown	universallibrary-undated		Chinese	武備志(六十八)
6992ce93673ee1e40e321116	02092327.cn	1621	unknown	universallibrary-undated		Chinese	武備志(六十九)
6992ce98673ee1e40e321167	02092328.cn	1621	unknown	universallibrary-undated		Chinese	武備志(七十)
6992ce9a673ee1e40e321259	02092569.cn	1273	unknown	universallibrary-undated		Chinese	農桑輯要(二)
6992ce9c77d26f93217774e5	02092329.cn	1621	unknown	universallibrary-undated		Chinese	武備志(七十一)
6992ce9e673ee1e40e3212dd	02092571.cn	1273	unknown	universallibrary-undated		Chinese	農桑輯要(四)
6992cea1673ee1e40e32139f	02092330.cn	1621	unknown	universallibrary-undated		Chinese	武備志(七十二)
6992cea3673ee1e40e321401	06076326.cn	1723	unknown	universallibrary-undated		Chinese	御製數理精蘊(2)
6992cea5673ee1e40e3214d8	06076327.cn	1723	unknown	universallibrary-undated		Chinese	御製數理精蘊(3)
6992cea677d26f9321777550	02092331.cn	1621	unknown	universallibrary-undated		Chinese	武備志(七十三)
6992cea877d26f93217775b6	06076328.cn	1723	unknown	universallibrary-undated		Chinese	御製數理精蘊(4)
6992ceaa673ee1e40e321546	02092332.cn	1621	unknown	universallibrary-undated		Chinese	武備志(七十四)
6992ceaf673ee1e40e3215cf	02092333.cn	1621	unknown	universallibrary-undated		Chinese	武備志(七十五)
6992ceb4673ee1e40e32164d	02092334.cn	1621	unknown	universallibrary-undated		Chinese	武備志(七十六)
6992ceb8673ee1e40e3216b0	02092335.cn	1621	unknown	universallibrary-undated		Chinese	武備志(七十七)
6992cebd673ee1e40e32171f	02092336.cn	1621	unknown	universallibrary-undated		Chinese	武備志(七十八)
6992cec1673ee1e40e321770	02092337.cn	1621	unknown	universallibrary-undated		Chinese	武備志(七十九)
6992cec6673ee1e40e3217d6	02092338.cn	1621	unknown	universallibrary-undated		Chinese	武備志(八十)
6992cec7673ee1e40e321834	06067015.cn	1742	unknown	universallibrary-undated		Chinese	御纂醫宗金鑑
6992ceca673ee1e40e321953	02092339.cn	1621	unknown	universallibrary-undated		Chinese	武備志(八十一)
6992cecf673ee1e40e3219c5	02092340.cn	1621	unknown	universallibrary-undated		Chinese	武備志(八十二)
6992ced3673ee1e40e321a34	02092341.cn	1621	unknown	universallibrary-undated		Chinese	武備志(八十三)
6992ced8673ee1e40e321a8b	02092342.cn	1621	unknown	universallibrary-undated		Chinese	武備志(八十四)
6992cedc673ee1e40e321ad7	02092343.cn	1621	unknown	universallibrary-undated		Chinese	武備志(八十五)
6992cee1673ee1e40e321b2b	02092344.cn	1621	unknown	universallibrary-undated		Chinese	武備志(八十六)
6992cee6673ee1e40e321ba4	02092345.cn	1621	unknown	universallibrary-undated		Chinese	武備志(八十七)
6992ceea673ee1e40e321bf3	02092346.cn	1621	unknown	universallibrary-undated		Chinese	武備志(八十八)
6992ceef673ee1e40e321c54	02092347.cn	1621	unknown	universallibrary-undated		Chinese	武備志(八十九)
6992cef3673ee1e40e321cc5	02092348.cn	1621	unknown	universallibrary-undated		Chinese	武備志(九十)
6992cef9b2ff9ac7391f7bff	02092349.cn	1621	unknown	universallibrary-undated		Chinese	武備志(九十一)
6992cefeb2ff9ac7391f7c60	02092350.cn	1621	unknown	universallibrary-undated		Chinese	武備志(九十二)
6992cf02f7519cdd65044bdd	02092351.cn	1621	unknown	universallibrary-undated		Chinese	武備志(九十三)
6992cf0970ab37375554564b	02092352.cn	1621	unknown	universallibrary-undated		Chinese	武備志(九十四)
6992cf0d284cdd19fef46ede	02092353.cn	1621	unknown	universallibrary-undated		Chinese	武備志(九十五)
6992cf1670ab373755545861	02092355.cn	1621	unknown	universallibrary-undated		Chinese	武備志(九十七)
6992cf1b70ab373755545946	02092356.cn	1621	unknown	universallibrary-undated		Chinese	武備志(九十八)
6992cf2070ab373755545a39	02092357.cn	1621	unknown	universallibrary-undated		Chinese	武備志(九十九)
6992cf24f5b4f75c1a4c813d	02092358.cn	1621	unknown	universallibrary-undated		Chinese	武備志(一百)
6992cf29f5b4f75c1a4c8238	02092359.cn	1621	unknown	universallibrary-undated		Chinese	武備志(一百一)
6992cf2ef5b4f75c1a4c8304	02092360.cn	1621	unknown	universallibrary-undated		Chinese	武備志(一百二)
6992cf3227dcac3f8ca1b64e	02092361.cn	1621	unknown	universallibrary-undated		Chinese	武備志(一百三)
6992cf37f5b4f75c1a4c8360	02092362.cn	1621	unknown	universallibrary-undated		Chinese	武備志(一百四)
6992cf3bf5b4f75c1a4c84bd	02092363.cn	1621	unknown	universallibrary-undated		Chinese	武備志(一百五)
6992cf9ff5b4f75c1a4c9516	02094182.cn	1741	unknown	universallibrary-undated		Chinese	觀象玩占
6992cfdaf5b4f75c1a4c9a6b	02098966.cn	1608	unknown	universallibrary-undated		Chinese	新刻出像增補搜神記
6992cff5f5b4f75c1a4c9c50	06050851.cn	1608	unknown	universallibrary-undated		Chinese	搜神記
6992cffef5b4f75c1a4c9ede	02095353.cn	1595	unknown	universallibrary-undated		Chinese	程氏墨苑
6992d03c219cb601da0266eb	06067726.cn	1125	unknown	universallibrary-undated		Chinese	宣和畫譜
6992d04e219cb601da026784	06075341.cn	1701	unknown	universallibrary-undated		Chinese	繪事發微
699998884310a6713945261c	06050852.cn	1782	unknown	universallibrary-undated		Chinese	搜神記 Soushen Ji (Vols. 11-20)
69af0e3abe5fc7f363546705	02094024.cn	1798	unknown	universallibrary-undated		Chinese	九章算術細草圖說 (Jiuzhang Suanshu Xicao Tushuo: Illustrated Commentary on Nine Chapters, Vol. 1)
69af0e45be5fc7f363546782	06054846.cn	1782	unknown	universallibrary-undated		Chinese	周髀算經 (Zhou Bi Suanjing: Arithmetical Classic of the Gnomon, Vol. 1)
69af0e76067c0c26ee26e336	02093065.cn	1026	unknown	universallibrary-undated		Chinese	Bronze Man Acupuncture Atlas Vol 2
69af0e7f067c0c26ee26e3ad	02095376.cn	1637	unknown	universallibrary-undated		Chinese	天工開物 (Tiangong Kaiwu: Exploitation of Works of Nature, Vol. 1)
69af0ea2067c0c26ee26e607	06049884.cn	1782	unknown	universallibrary-undated		Chinese	農政全書 (Nong Zheng Quan Shu: Complete Treatise on Agricultural Administration, Vols. 4-5)
69af0f0cbe5fc7f363547076	02094009.cn	1723	unknown	universallibrary-undated		Chinese	Da Qing Shi Xian Shu (Qing Imperial Calendar)
69af0f1bbe5fc7f363547137	06041886.cn	1782	unknown	universallibrary-undated		Chinese	He Fang Yi Lan (Comprehensive River Defense)
69af0f2566bf67abe07b3f44	02093060.cn	1724	unknown	universallibrary-undated		Chinese	Ben Cao Jing Jie Yao (Essential Pharmacopoeia Commentary)
69af0f37418dfa82c413b53f	02093912.cn	1725	unknown	universallibrary-undated		Chinese	Qin Ding Tian Wen Zheng Yi Vol. 1 (Imperial Compendium of Observational Astronomy)
69c6613501a26ccff09f4ec6	06055243.cn	1596	unknown	universallibrary-undated		Chinese	Yuelü Quanshu (樂律全書) — Complete Works on Music and Tuning, Vol. 1
69c6613f01a26ccff09f4f81	06055244.cn	1596	unknown	universallibrary-undated		Chinese	Yuelü Quanshu (樂律全書) Vols. 2-3
69c6614901a26ccff09f5036	06055245.cn	1596	unknown	universallibrary-undated		Chinese	Yuelü Quanshu (樂律全書) Vols. 4-5
6992cd8443713c66ea63701c	06048789.cn	1596	unknown	universallibrary-undated		Chinese	本草綱目·卷七~卷八
6992cd9a43713c66ea637837	06048795.cn	1596	unknown	universallibrary-undated		Chinese	本草綱目·卷十四
6992cd9343713c66ea637578	06048793.cn	1596	unknown	universallibrary-undated		Chinese	本草綱目·卷十二上~卷十二下
6992cddcc8c0c1ab515dce3f	06048811.cn	1596	unknown	universallibrary-undated		Chinese	本草綱目·卷三十七~卷三十八
6992cd7a43713c66ea636b60	06048786.cn	1596	unknown	universallibrary-undated		Chinese	本草綱目·卷四上
6992cdaf43713c66ea637f79	06048800.cn	1596	unknown	universallibrary-undated		Chinese	本草綱目·卷十九~二十一
6992cd9643713c66ea6376fb	06048794.cn	1596	unknown	universallibrary-undated		Chinese	本草綱目·卷十三
6992cd9d43713c66ea6379cd	06048796.cn	1596	unknown	universallibrary-undated		Chinese	本草綱目·卷十五
6992cd4d43713c66ea635af3	06048773.cn	1596	unknown	universallibrary-undated		Chinese	本草綱目·卷上之上
6992cd6843713c66ea63641a	06048781.cn	1596	unknown	universallibrary-undated		Chinese	本草綱目·卷下之下
6992cd7d43713c66ea636c98	06048787.cn	1596	unknown	universallibrary-undated		Chinese	本草綱目·卷四中~卷四下
6992cdb343713c66ea63809c	06048801.cn	1596	unknown	universallibrary-undated		Chinese	本草綱目·卷二十二~二十三
6992cdc243713c66ea63862e	06048805.cn	1596	unknown	universallibrary-undated		Chinese	本草綱目·卷二十九~卷三十
6992ce98673ee1e40e321168	02093064.cn	1443	unknown	universallibrary-undated		Chinese	銅人腧穴鍼灸圖經
6992cda8dc3a425765bb8c42	06048798.cn	1596	unknown	universallibrary-undated		Chinese	本草綱目·卷十七上~卷十七下
6992cded81c9d7efb84d0d40	06048816.cn	1596	unknown	universallibrary-undated		Chinese	本草綱目·卷四十七~卷四十八
69de9817a92e31b120b6037c	02111087.cn	1616	unknown	universallibrary-undated		Chinese	元曲選 (Selections of Yuan Plays), Vol. 7
69de981fa92e31b120b603cc	02111088.cn	1616	unknown	universallibrary-undated		Chinese	元曲選 (Selections of Yuan Plays), Vol. 8
69de9828b0ba5d86ca72d0e3	02111117.cn	1616	unknown	universallibrary-undated		Chinese	元曲選 (Selections of Yuan Plays), Vol. 37
69de982fb0ba5d86ca72d160	02111126.cn	1616	unknown	universallibrary-undated		Chinese	元曲選 (Selections of Yuan Plays), Vol. 46
69de9836b0ba5d86ca72d1b7	02111127.cn	1616	unknown	universallibrary-undated		Chinese	元曲選 (Selections of Yuan Plays), Vol. 47
69de983db0ba5d86ca72d219	02111130.cn	1616	unknown	universallibrary-undated		Chinese	元曲選 (Selections of Yuan Plays), Vol. 50
69de9843b0ba5d86ca72d28a	02111140.cn	1616	unknown	universallibrary-undated		Chinese	元曲選 (Selections of Yuan Plays), Vol. 60
69de98541b234a773e43842d	02111381.cn	1598	unknown	universallibrary-undated		Chinese	牡丹亭還魂記 (The Peony Pavilion)
69de985b1b234a773e4384de	02111355.cn	1635	unknown	universallibrary-undated		Chinese	六十種曲 (Sixty Plays), sample volume
69de986b1b234a773e438787	02111240.cn	1610	unknown	universallibrary-undated		Chinese	新校注古本西廂記 (Romance of the Western Chamber, annotated)
69de98711b234a773e4387ef	02110809.cn	1200	unknown	universallibrary-undated		Chinese	古本董解元西廂記 (Dong Jieyuan's Western Chamber Romance)
69dea7a3914eeed04ca4b2e4	02111808.cn	1592	unknown	universallibrary-undated		Chinese	李卓吾先生批評西遊記 (Journey to the West), Vol. 1
69dea7aa914eeed04ca4b3d5	02111815.cn	1592	unknown	universallibrary-undated		Chinese	李卓吾先生批評西遊記 (Journey to the West), Vol. 8
69dea7b2914eeed04ca4b42c	02111825.cn	1592	unknown	universallibrary-undated		Chinese	李卓吾先生批評西遊記 (Journey to the West), Vol. 18
69dea7b8914eeed04ca4b485	02111835.cn	1592	unknown	universallibrary-undated		Chinese	李卓吾先生批評西遊記 (Journey to the West), Vol. 28
69dea7c3914eeed04ca4b4db	02111841.cn	1592	unknown	universallibrary-undated		Chinese	李卓吾先生批評西遊記 (Journey to the West), Vol. 34
69dea7ca51267905f92aab6b	02111773.cn	1589	unknown	universallibrary-undated		Chinese	李卓吾先生批評忠義水滸傳 (Water Margin), Vol. 1
69dea7d051267905f92aabe8	02111783.cn	1589	unknown	universallibrary-undated		Chinese	李卓吾先生批評忠義水滸傳 (Water Margin), Vol. 11
69dea7d751267905f92aac44	02111793.cn	1589	unknown	universallibrary-undated		Chinese	李卓吾先生批評忠義水滸傳 (Water Margin), Vol. 21
69dea7dd51267905f92aaca5	02111807.cn	1589	unknown	universallibrary-undated		Chinese	李卓吾先生批評忠義水滸傳 (Water Margin), Vol. 35
69dea7ee51267905f92aacff	02111842.cn	1791	unknown	universallibrary-undated		Chinese	紅樓夢 (Dream of the Red Chamber), Vol. 1
69dea7f451267905f92aad54	02111860.cn	1791	unknown	universallibrary-undated		Chinese	紅樓夢 (Dream of the Red Chamber), Vol. 19
69dea7f951267905f92aad9e	02111880.cn	1791	unknown	universallibrary-undated		Chinese	紅樓夢 (Dream of the Red Chamber), Vol. 39
69dea80051267905f92aadfe	02111647.cn	1628	unknown	universallibrary-undated		Chinese	拍案驚奇 (Slapping the Table in Amazement, First Collection), Vol. 1
69dea80751267905f92aae3e	02111660.cn	1628	unknown	universallibrary-undated		Chinese	拍案驚奇 (Slapping the Table in Amazement, First Collection), Vol. 14
69dea80d51267905f92aae96	02111669.cn	1632	unknown	universallibrary-undated		Chinese	二刻拍案驚奇 (Slapping the Table, Second Collection), Vol. 1
69dff22ff1812b19c55f22f8	02111089.cn	1616	unknown	universallibrary-undated		Chinese	元曲選 (Selected Yuan Plays), Vol. 3
69dff234f1812b19c55f237e	02111090.cn	1616	unknown	universallibrary-undated		Chinese	元曲選 (Selected Yuan Plays), Vol. 4
69dff239f1812b19c55f23c7	02111091.cn	1616	unknown	universallibrary-undated		Chinese	元曲選 (Selected Yuan Plays), Vol. 5
69e4121a937ee36cf27c7585	02097225.cn	1671	unknown	universallibrary-undated		Chinese	閑情偶寄 (Xianqing Ouji, Casual Expressions of Idle Feeling), Vol. 1
69ee6d65a7fe184f2c3bf5ee	06071863.cn	1607	unknown	universallibrary-undated		Chinese	Expanded Record of Diverse Matters, Vols. 3-4
69ee6d6ea7fe184f2c3bf6a0	06071866.cn	1607	unknown	universallibrary-undated		Chinese	Expanded Record of Diverse Matters, Vols. 8-9
69ee6d79a7fe184f2c3bf72f	06071876.cn	1607	unknown	universallibrary-undated		Chinese	Expanded Record of Diverse Matters, Vols. 26-27
6a09ea573ca4edcd1ef01f1c	06053510.cn	1782	unknown	universallibrary-undated		Chinese	周元公集·卷一~卷四 (Collected Works of Zhou Dunyi, juan 1-4) — Siku Quanshu
6a09ea7e3ca4edcd1ef01fdc	06053511.cn	1782	unknown	universallibrary-undated		Chinese	周元公集·卷五~卷九 (Collected Works of Zhou Dunyi, juan 5-9) — Siku Quanshu
6a09ea8c3ca4edcd1ef0207b	06071571.cn	1782	unknown	universallibrary-undated		Chinese	皇極經世書·卷一上 (Book of Supreme World-Ordering Principles, juan 1.1) — Siku Quanshu
6a09f7a6ae0ff9f86740bf88	06073454.cn	1782	unknown	universallibrary-undated		Chinese	淮南鴻烈解·卷一~卷三 (Huainan Hongliejie, juan 1-3 — contains Tianwen, the 12-pitch cosmology chapter) — Siku Quanshu
6a09f7acae0ff9f86740c02b	06073455.cn	1782	unknown	universallibrary-undated		Chinese	淮南鴻烈解·卷四~卷七 (Huainan Hongliejie, juan 4-7 — contains Dixing, the topographic-numerological chapter) — Siku Quanshu
6a0a4e9a7cd8e1e3d0f4964a	06071572.cn	1782	unknown	universallibrary-undated		Chinese	皇極經世書 (Huangji Jingshi Shu, juan slice 1 of 24) — Shao Yong Neo-Confucian cosmic numerology, Siku Quanshu
6a0a4e9f7cd8e1e3d0f496d7	06071573.cn	1782	unknown	universallibrary-undated		Chinese	皇極經世書 (Huangji Jingshi Shu, juan slice 2 of 24) — Shao Yong Neo-Confucian cosmic numerology, Siku Quanshu
6a0a4ea47cd8e1e3d0f49738	06071574.cn	1782	unknown	universallibrary-undated		Chinese	皇極經世書 (Huangji Jingshi Shu, juan slice 3 of 24) — Shao Yong Neo-Confucian cosmic numerology, Siku Quanshu
6a0a4ea97cd8e1e3d0f49799	06071575.cn	1782	unknown	universallibrary-undated		Chinese	皇極經世書 (Huangji Jingshi Shu, juan slice 4 of 24) — Shao Yong Neo-Confucian cosmic numerology, Siku Quanshu
6a0a4eae7cd8e1e3d0f497fa	06071576.cn	1782	unknown	universallibrary-undated		Chinese	皇極經世書 (Huangji Jingshi Shu, juan slice 5 of 24) — Shao Yong Neo-Confucian cosmic numerology, Siku Quanshu
6a0a4eb37cd8e1e3d0f4989b	06071577.cn	1782	unknown	universallibrary-undated		Chinese	皇極經世書 (Huangji Jingshi Shu, juan slice 6 of 24) — Shao Yong Neo-Confucian cosmic numerology, Siku Quanshu
6a0a4eb87cd8e1e3d0f49900	06071578.cn	1782	unknown	universallibrary-undated		Chinese	皇極經世書 (Huangji Jingshi Shu, juan slice 7 of 24) — Shao Yong Neo-Confucian cosmic numerology, Siku Quanshu
6a0a4ebe7cd8e1e3d0f49965	06071579.cn	1782	unknown	universallibrary-undated		Chinese	皇極經世書 (Huangji Jingshi Shu, juan slice 8 of 24) — Shao Yong Neo-Confucian cosmic numerology, Siku Quanshu
6a0a4ec57cd8e1e3d0f499ca	06071580.cn	1782	unknown	universallibrary-undated		Chinese	皇極經世書 (Huangji Jingshi Shu, juan slice 9 of 24) — Shao Yong Neo-Confucian cosmic numerology, Siku Quanshu
6a0a4ecb7cd8e1e3d0f49a3f	06071581.cn	1782	unknown	universallibrary-undated		Chinese	皇極經世書 (Huangji Jingshi Shu, juan slice 10 of 24) — Shao Yong Neo-Confucian cosmic numerology, Siku Quanshu
6a0a4ed07cd8e1e3d0f49aea	06071582.cn	1782	unknown	universallibrary-undated		Chinese	皇極經世書 (Huangji Jingshi Shu, juan slice 11 of 24) — Shao Yong Neo-Confucian cosmic numerology, Siku Quanshu
6a0a4ed67cd8e1e3d0f49b69	06071583.cn	1782	unknown	universallibrary-undated		Chinese	皇極經世書 (Huangji Jingshi Shu, juan slice 12 of 24) — Shao Yong Neo-Confucian cosmic numerology, Siku Quanshu
6a0a4edb7cd8e1e3d0f49c02	06071584.cn	1782	unknown	universallibrary-undated		Chinese	皇極經世書 (Huangji Jingshi Shu, juan slice 13 of 24) — Shao Yong Neo-Confucian cosmic numerology, Siku Quanshu
6a0a4ee17cd8e1e3d0f49c73	06071585.cn	1782	unknown	universallibrary-undated		Chinese	皇極經世書 (Huangji Jingshi Shu, juan slice 14 of 24) — Shao Yong Neo-Confucian cosmic numerology, Siku Quanshu
6a0a4eec7cd8e1e3d0f49ce0	06071586.cn	1782	unknown	universallibrary-undated		Chinese	皇極經世書 (Huangji Jingshi Shu, juan slice 15 of 24) — Shao Yong Neo-Confucian cosmic numerology, Siku Quanshu
6a0a4ef57cd8e1e3d0f49d6d	06071587.cn	1782	unknown	universallibrary-undated		Chinese	皇極經世書 (Huangji Jingshi Shu, juan slice 16 of 24) — Shao Yong Neo-Confucian cosmic numerology, Siku Quanshu
6a0a4efc7cd8e1e3d0f49dfe	06071588.cn	1782	unknown	universallibrary-undated		Chinese	皇極經世書 (Huangji Jingshi Shu, juan slice 17 of 24) — Shao Yong Neo-Confucian cosmic numerology, Siku Quanshu
6a0a4f007cd8e1e3d0f49e8f	06071589.cn	1782	unknown	universallibrary-undated		Chinese	皇極經世書 (Huangji Jingshi Shu, juan slice 18 of 24) — Shao Yong Neo-Confucian cosmic numerology, Siku Quanshu
6a0a4f057cd8e1e3d0f49f20	06071590.cn	1782	unknown	universallibrary-undated		Chinese	皇極經世書 (Huangji Jingshi Shu, juan slice 19 of 24) — Shao Yong Neo-Confucian cosmic numerology, Siku Quanshu
6a0a4f0c7cd8e1e3d0f49fb1	06071591.cn	1782	unknown	universallibrary-undated		Chinese	皇極經世書 (Huangji Jingshi Shu, juan slice 20 of 24) — Shao Yong Neo-Confucian cosmic numerology, Siku Quanshu
6a0a4f117cd8e1e3d0f4a042	06071592.cn	1782	unknown	universallibrary-undated		Chinese	皇極經世書 (Huangji Jingshi Shu, juan slice 21 of 24) — Shao Yong Neo-Confucian cosmic numerology, Siku Quanshu
6a0a4f167cd8e1e3d0f4a0d3	06071593.cn	1782	unknown	universallibrary-undated		Chinese	皇極經世書 (Huangji Jingshi Shu, juan slice 22 of 24) — Shao Yong Neo-Confucian cosmic numerology, Siku Quanshu
6a0a4f1c7cd8e1e3d0f4a164	06071594.cn	1782	unknown	universallibrary-undated		Chinese	皇極經世書 (Huangji Jingshi Shu, juan slice 23 of 24) — Shao Yong Neo-Confucian cosmic numerology, Siku Quanshu
6a0a4f207cd8e1e3d0f4a1b9	06071595.cn	1782	unknown	universallibrary-undated		Chinese	皇極經世書 (Huangji Jingshi Shu, juan slice 24 of 24) — Shao Yong Neo-Confucian cosmic numerology, Siku Quanshu
6a1d6047d274b9630ccf8a5f	06048999.cn	1779	unknown	universallibrary-undated		Chinese	周易參同契分章注 (卷上) — Cantong qi, Chapter-Divided Commentary, vol.1
6a1d609ed274b9630ccf8b5a	06049001.cn	1781	unknown	universallibrary-undated		Chinese	古文參同契集解 (卷上) — Ancient-Text Cantong qi, Collected Explanations, vol.1
6a1d60a5d274b9630ccf8c2f	06049002.cn	1782	unknown	universallibrary-undated		Chinese	古文參同契集解 (卷中) — Ancient-Text Cantong qi, Collected Explanations, vol.2
6a1d60abd274b9630ccf8ce6	06049003.cn	1782	unknown	universallibrary-undated		Chinese	古文參同契集解 (卷下) — Ancient-Text Cantong qi, Collected Explanations, vol.3
6a1d60b0d274b9630ccf8d6f	06076379.cn	1773	unknown	universallibrary-undated		Chinese	抱朴子外篇 (卷一) — Baopuzi, Outer Chapters, vol.1
6a1d60b6d274b9630ccf8de9	06076380.cn	1781	unknown	universallibrary-undated		Chinese	抱朴子外篇 (卷二) — Baopuzi, Outer Chapters, vol.2
6a1d60bcd274b9630ccf8e65	06076381.cn	1782	unknown	universallibrary-undated		Chinese	抱朴子外篇 (卷三) — Baopuzi, Outer Chapters, vol.3
6a1d60c1d274b9630ccf8edd	06076382.cn	1782	unknown	universallibrary-undated		Chinese	抱朴子外篇 (卷四) — Baopuzi, Outer Chapters, vol.4
6a1d60c7d274b9630ccf8f75	06050867.cn	1776	unknown	universallibrary-undated		Chinese	神仙傳 (卷一~卷五) — Biographies of Divine Immortals, vol.1
6a1d6126d274b9630ccf9818	02093830.cn	1539	unknown	universallibrary-undated		Chinese	泰定養生主論 — Treatise on Nurturing Life
6a1d612bd274b9630ccf9870	02093825.cn	1474	unknown	universallibrary-undated		Chinese	養生類纂 — Classified Compendium on Nurturing Life
6a1d6131d274b9630ccf98d9	02093829.cn	1222	unknown	universallibrary-undated		Chinese	養生月覽 — Monthly Almanac for Nurturing Life
6a1d682cb764c55231287ca6	06050869.cn	1779	unknown	universallibrary-undated		Chinese	真誥 (卷一~卷四) — Zhen'gao (Declarations of the Perfected), vol.1
6a1d6833b764c55231287d4d	06050870.cn	1782	unknown	universallibrary-undated		Chinese	真誥 (卷五~卷八) — Zhen'gao, vol.2
6a1d684e013dfd9d9e18ed06	06050873.cn	1782	unknown	universallibrary-undated		Chinese	真誥 (卷十七~卷二十) — Zhen'gao, vol.5
6a1d6855013dfd9d9e18ed9b	06048997.cn	1782	unknown	universallibrary-undated		Chinese	周易參同契發揮 (卷中) — Cantong qi, Elucidation (Yu Yan), vol.2
6a1d6869013dfd9d9e18eee4	02093831.cn	1320	unknown	universallibrary-undated		Chinese	泰定養生主論 (二) — Treatise on Nurturing Life, vol.2
6a1d6873013dfd9d9e18ef3a	02093832.cn	1324	unknown	universallibrary-undated		Chinese	泰定養生主論 (三) — Treatise on Nurturing Life, vol.3
6a1d6886013dfd9d9e18efee	02093834.cn	1320	unknown	universallibrary-undated		Chinese	泰定養生主論 (五) — Treatise on Nurturing Life, vol.5
6a3c60f140c88a541d8ec180	06072724.cn	1722	unknown	universallibrary-undated		Chinese	御定駢字類編·卷八十四 — Imperial Parallel Characters (vol 266)
6a3c63554daf85677d1712d1	06060390.cn	1711	unknown	universallibrary-undated		Chinese	御定佩文韻府·卷一百之四 (vol 262)
6a3c63740339d4df9abcbe44	06074385.cn	1711	unknown	universallibrary-undated		Chinese	御定佩文韻府·卷一之三 (vol 293)
6a3c6b4832c130954a19adae	06055677.cn	1782	unknown	universallibrary-undated		Chinese	駢志·卷十七~卷十八 (vol 10)
6a3c6b93af3c49b59c5ed723	06065942.cn	1782	unknown	universallibrary-undated		Chinese	易通變·卷十三~卷十五 (vol 21)
6a3c6b93af3c49b59c5ed724	06065941.cn	1781	unknown	universallibrary-undated		Chinese	易通變·卷十~卷十二 (vol 20)
6a3c7b7439b4508b04e62755	06049923.cn	1781	unknown	universallibrary-undated		Chinese	靈樞經·卷一~卷四 (vol 1)
6a3c800d01fe4f593c21f401	06064299.cn	1782	unknown	universallibrary-undated		Chinese	童溪易傳·卷十九~卷二十一 (vol 7)
6a3cb7c357c1f37219c52aaf	06079492.cn	1773	unknown	universallibrary-undated		Chinese	欽定禮記義疏·卷四十九 (vol 68)
6a3cc0aaf9474f825c1711bb	06062737.cn	1782	unknown	universallibrary-undated		Chinese	紫巖易傳·卷二~卷三 (vol 2)
6a3cc0acf9474f825c171345	06062738.cn	1781	unknown	universallibrary-undated		Chinese	紫巖易傳·卷四 (vol 3)
6a3cc0acf9474f825c1713da	06062739.cn	1782	unknown	universallibrary-undated		Chinese	紫巖易傳·卷五 (vol 4)
6a3cc0b4f9474f825c1718f5	06062805.cn	1781	unknown	universallibrary-undated		Chinese	趙氏易說·卷一~卷二 (vol 1)
6a3cc0b7f9474f825c1719ef	06062832.cn	1781	unknown	universallibrary-undated		Chinese	易學啟蒙通釋·卷上 (vol 1)
6a3cc0c0f9474f825c171eab	06072878.cn	1782	unknown	universallibrary-undated		Chinese	三易備遺·卷六~卷十 (vol 7)
6a3cc0c3f9474f825c172227	06062871.cn	1782	unknown	universallibrary-undated		Chinese	周易本義通釋·卷三~卷四 (vol 3)
6a3cc0c6f9474f825c1723f1	06075278.cn	1776	unknown	universallibrary-undated		Chinese	周易本義通釋·卷一上 (vol 6)
6a3cc0c8f9474f825c172543	06075280.cn	1782	unknown	universallibrary-undated		Chinese	周易本義通釋·卷二上 (vol 8)
6a3cc0cbf9474f825c172630	06075281.cn	1773	unknown	universallibrary-undated		Chinese	周易本義通釋·卷二下 (vol 9)
6a3cc0ceec254ff6cae068b1	06075285.cn	1782	unknown	universallibrary-undated		Chinese	周易本義通釋·卷十一~卷十二 (vol 13)
6a3cc0d0ec254ff6cae069ad	06081013.cn	1782	unknown	universallibrary-undated		Chinese	周易本義通釋·卷二上 (vol 16)
6a3cc0d2ec254ff6cae06bb5	06081015.cn	1773	unknown	universallibrary-undated		Chinese	周易本義通釋·卷三~卷四 (vol 18)
6a3cc0d5ec254ff6cae06d1d	06081018.cn	1782	unknown	universallibrary-undated		Chinese	周易本義通釋·卷十一~卷十二 (vol 21)
6a3cc0d6ec254ff6cae06d8b	06062887.cn	1550	unknown	universallibrary-undated		Chinese	易象鈎解·卷一~卷二 (vol 1)
6a3cc0d7ec254ff6cae06e25	06062888.cn	1573	unknown	universallibrary-undated		Chinese	易象鈎解·卷三~卷四 (vol 2)
6a3cc0dfec254ff6cae07353	06062897.cn	1773	unknown	universallibrary-undated		Chinese	周易集註·卷十三 (vol 9)
6a3cc0e1ec254ff6cae07492	06062899.cn	1773	unknown	universallibrary-undated		Chinese	周易集註·卷十五~卷十六 (vol 11)
6a3cc0e4ec254ff6cae0758b	06062927.cn	1782	unknown	universallibrary-undated		Chinese	像象管見·卷二上~卷二下 (vol 2)
6a3cc0e4ec254ff6cae07650	06062926.cn	1781	unknown	universallibrary-undated		Chinese	像象管見·卷一上~卷一下 (vol 1)
6a3cc0e5ec254ff6cae0773b	06062929.cn	1782	unknown	universallibrary-undated		Chinese	像象管見·卷四上~卷四下 (vol 4)
6a3cc0e7ec254ff6cae078bd	06062930.cn	1782	unknown	universallibrary-undated		Chinese	像象管見·卷五 (vol 5)
6a3cc0e9ec254ff6cae07982	06062934.cn	1781	unknown	universallibrary-undated		Chinese	周易易簡說·卷一 (vol 1)
6a3cc0ecec254ff6cae07b29	06062949.cn	1781	unknown	universallibrary-undated		Chinese	易用·卷一 (vol 1)
6a3cc0eeec254ff6cae07cbb	06062962.cn	1780	unknown	universallibrary-undated		Chinese	兒易內儀以·卷一~卷三 (vol 1)
6a3cc0f2ec254ff6cae07e3f	06062979.cn	1781	unknown	universallibrary-undated		Chinese	周易玩辭困學記·卷三~卷四 (vol 3)
6a3cc0f8ec254ff6cae0812d	06062982.cn	1773	unknown	universallibrary-undated		Chinese	周易玩辭困學記·卷七~卷八 (vol 6)
6a3cc0f8ec254ff6cae0812e	06062983.cn	1773	unknown	universallibrary-undated		Chinese	周易玩辭困學記·卷九 (vol 7)
6a3cc0feec254ff6cae08494	06062989.cn	1782	unknown	universallibrary-undated		Chinese	周易玩辭困學記·卷十五 (vol 13)
6a3cc0ffec254ff6cae08502	06062988.cn	1773	unknown	universallibrary-undated		Chinese	周易玩辭困學記·卷十四 (vol 12)
6a3cc0ffec254ff6cae08503	06062990.cn	1777	unknown	universallibrary-undated		Chinese	易經通注·卷一 (vol 1)
6a3cc103ec254ff6cae08749	06062993.cn	1773	unknown	universallibrary-undated		Chinese	易經通注·卷六~卷七 (vol 4)
6a3cc105ec254ff6cae08802	06063012.cn	1715	unknown	universallibrary-undated		Chinese	御纂周易折中·卷三 (vol 2)
6a3cc105ec254ff6cae08803	06062994.cn	1773	unknown	universallibrary-undated		Chinese	易經通注·卷八~卷九 (vol 5)
6a3cc107ec254ff6cae088f2	06063013.cn	1715	unknown	universallibrary-undated		Chinese	御纂周易折中·卷四~卷五 (vol 3)
6a3cc108ec254ff6cae08a74	06063014.cn	1715	unknown	universallibrary-undated		Chinese	御纂周易折中·卷六 (vol 4)
6a3cc10aec254ff6cae08add	06063015.cn	1715	unknown	universallibrary-undated		Chinese	御纂周易折中·卷七~卷八 (vol 5)
6a3cc10bec254ff6cae08ba9	06063016.cn	1715	unknown	universallibrary-undated		Chinese	御纂周易折中·卷九~卷十 (vol 6)
6a3cc10bec254ff6cae08c79	06063017.cn	1715	unknown	universallibrary-undated		Chinese	御纂周易折中·卷十一 (vol 7)
6a3cc10dec254ff6cae08db5	06063019.cn	1715	unknown	universallibrary-undated		Chinese	御纂周易折中·卷十三~卷十四 (vol 9)
6a3cc114ec254ff6cae09184	06063023.cn	1715	unknown	universallibrary-undated		Chinese	御纂周易折中·卷二十一~卷二十二 (vol 13)
6a3cc118ec254ff6cae092f6	06075376.cn	1715	unknown	universallibrary-undated		Chinese	御纂周易折中·卷十一 (vol 20)
6a3cc11aec254ff6cae09466	06075374.cn	1715	unknown	universallibrary-undated		Chinese	御纂周易折中·卷七~卷八 (vol 18)
6a3cc11aec254ff6cae09465	06075373.cn	1715	unknown	universallibrary-undated		Chinese	御纂周易折中·卷五~卷六 (vol 17)
6a3cc11bec254ff6cae0960f	06075378.cn	1715	unknown	universallibrary-undated		Chinese	御纂周易折中·卷十三~卷十四 (vol 22)
6a3cc11cec254ff6cae0969d	06075377.cn	1715	unknown	universallibrary-undated		Chinese	御纂周易折中·卷十二 (vol 21)
6a3cc11eec254ff6cae09745	06075379.cn	1715	unknown	universallibrary-undated		Chinese	御纂周易折中·卷十五~卷十六 (vol 23)
6a3cc11fec254ff6cae098ae	06075381.cn	1715	unknown	universallibrary-undated		Chinese	御纂周易折中·卷二十 (vol 25)
6a3cc120ec254ff6cae09924	06075382.cn	1715	unknown	universallibrary-undated		Chinese	御纂周易折中·卷二十一~卷二十二 (vol 26)
6a3cc122ec254ff6cae099d8	06063024.cn	1755	unknown	universallibrary-undated		Chinese	御纂周易述義·卷一 (vol 1)
6a3cc124ec254ff6cae09b2c	06063026.cn	1773	unknown	universallibrary-undated		Chinese	御纂周易述義·卷四~卷五 (vol 3)
6a3cc125ec254ff6cae09c98	06063029.cn	1773	unknown	universallibrary-undated		Chinese	御纂周易述義·卷十 (vol 6)
6a3cc125ec254ff6cae09cf0	06063028.cn	1773	unknown	universallibrary-undated		Chinese	御纂周易述義·卷八~卷九 (vol 5)
6a3cc126ec254ff6cae09d73	06075329.cn	1773	unknown	universallibrary-undated		Chinese	御纂周易述義·卷二 (vol 8)
6a3cc128ec254ff6cae09ed2	06075331.cn	1773	unknown	universallibrary-undated		Chinese	御纂周易述義·卷四 (vol 10)
6a3cc12aec254ff6cae09f46	06075332.cn	1773	unknown	universallibrary-undated		Chinese	御纂周易述義·卷五 (vol 11)
6a3cc12bec254ff6cae09fb4	06075333.cn	1773	unknown	universallibrary-undated		Chinese	御纂周易述義·卷六~卷七 (vol 12)
6a3cc12cec254ff6cae09fb5	06075334.cn	1773	unknown	universallibrary-undated		Chinese	御纂周易述義·卷八~卷十 (vol 13)
6a3cc12dec254ff6cae0a1a6	06081281.cn	1773	unknown	universallibrary-undated		Chinese	御纂周易述義·卷二~卷三 (vol 15)
6a3cc12fec254ff6cae0a283	06081283.cn	1773	unknown	universallibrary-undated		Chinese	御纂周易述義·卷六~卷七 (vol 17)
6a3cc132ec254ff6cae0a47f	06081285.cn	1775	unknown	universallibrary-undated		Chinese	御纂周易述義·卷十 (vol 19)
6a3cc133ec254ff6cae0a4db	06063030.cn	1778	unknown	universallibrary-undated		Chinese	讀易大旨·卷一 (vol 1)
6a3cc135ec254ff6cae0a586	06063032.cn	1782	unknown	universallibrary-undated		Chinese	讀易大旨·卷三 (vol 3)
6a3cc135ec254ff6cae0a587	06063031.cn	1773	unknown	universallibrary-undated		Chinese	讀易大旨·卷二 (vol 2)
6a3cc136ec254ff6cae0a686	06063048.cn	1779	unknown	universallibrary-undated		Chinese	田間易學·卷首上 (vol 1)
6a3cc13bec254ff6cae0a8ae	06063050.cn	1782	unknown	universallibrary-undated		Chinese	田間易學·卷一 (vol 3)
6a3cc13dec254ff6cae0a935	06063052.cn	1773	unknown	universallibrary-undated		Chinese	田間易學·卷三 (vol 5)
6a3cc13fec254ff6cae0aa41	06063054.cn	1773	unknown	universallibrary-undated		Chinese	田間易學·卷五 (vol 7)
6a3cc13fec254ff6cae0aae6	06063055.cn	1773	unknown	universallibrary-undated		Chinese	田間易學·卷六 (vol 8)
6a3cc143ec254ff6cae0ab53	06063058.cn	1781	unknown	universallibrary-undated		Chinese	易學象數論·卷一 (vol 1)
6a3cc144ec254ff6cae0ac33	06063057.cn	1773	unknown	universallibrary-undated		Chinese	田間易學·卷八~卷十 (vol 10)
6a3cc14cec254ff6cae0b068	06063131.cn	1773	unknown	universallibrary-undated		Chinese	易圖明辨·卷六~卷七 (vol 4)
6a3cc152ec254ff6cae0b406	06063206.cn	1782	unknown	universallibrary-undated		Chinese	春渚紀聞·卷八~卷十 (vol 3)
6a3cc154ec254ff6cae0b4f6	06063208.cn	1782	unknown	universallibrary-undated		Chinese	石林燕語·卷五~卷七 (vol 2)
6a3cc158ec254ff6cae0b748	06063223.cn	1777	unknown	universallibrary-undated		Chinese	鶴林玉露·卷一~卷四 (vol 1)
6a3cc162ec254ff6cae0bcea	06063291.cn	1780	unknown	universallibrary-undated		Chinese	居易錄·卷一~卷三 (vol 1)
6a3cc164ec254ff6cae0bd85	06063292.cn	1700	unknown	universallibrary-undated		Chinese	居易錄·卷四~卷六 (vol 2)
6a3cc166ec254ff6cae0bf45	06063295.cn	1782	unknown	universallibrary-undated		Chinese	居易錄·卷十三~卷十五 (vol 5)
6a3cc169ec254ff6cae0c07a	06063298.cn	1694	unknown	universallibrary-undated		Chinese	居易錄·卷二十二~卷二十四 (vol 8)
6a3cc16bec254ff6cae0c25c	06063300.cn	1700	unknown	universallibrary-undated		Chinese	居易錄·卷二十八~卷三十 (vol 10)
6a3cc16fec254ff6cae0c3b8	06063313.cn	1781	unknown	universallibrary-undated		Chinese	香祖筆記·卷一~卷三 (vol 1)
6a3cc174ec254ff6cae0c6f2	06063318.cn	1707	unknown	universallibrary-undated		Chinese	分甘餘話·卷三~卷四 (vol 2)
6a3cc175ec254ff6cae0c75d	06063319.cn	1781	unknown	universallibrary-undated		Chinese	古夫于亭雜錄·卷一~卷三 (vol 1)
6a3cc178ec254ff6cae0c8f0	06063325.cn	1500	unknown	universallibrary-undated		Chinese	竹嶼山房雜部·卷三~卷四 (vol 2)
6a3cc17aec254ff6cae0c96f	06063328.cn	1500	unknown	universallibrary-undated		Chinese	竹嶼山房雜部·卷十一~卷十三 (vol 5)
6a3cc17aec254ff6cae0c970	06063327.cn	1500	unknown	universallibrary-undated		Chinese	竹嶼山房雜部·卷八~卷十 (vol 4)
6a3cc197ec254ff6cae0d996	06063366.cn	1782	unknown	universallibrary-undated		Chinese	仕學規範·卷三十三~卷四十 (vol 6)
6a3cc19aec254ff6cae0db9e	06063369.cn	1175	unknown	universallibrary-undated		Chinese	自警編·卷五 (vol 3)
6a3cc1a1ec254ff6cae0df8d	06063376.cn	1781	unknown	universallibrary-undated		Chinese	儼山外集·卷一~卷三 (vol 1)
6a3cc1abec254ff6cae0e449	06063404.cn	1590	unknown	universallibrary-undated		Chinese	少室山房筆叢·卷七~卷十 (vol 3)
6a3cc1acec254ff6cae0e4e8	06063405.cn	1782	unknown	universallibrary-undated		Chinese	少室山房筆叢·卷十一~卷十四 (vol 4)
6a3cc1afec254ff6cae0e616	06063407.cn	1590	unknown	universallibrary-undated		Chinese	少室山房筆叢·卷十八~卷二十 (vol 6)
6a3cc1b3ec254ff6cae0e732	06063409.cn	1773	unknown	universallibrary-undated		Chinese	少室山房筆叢·卷二十四~卷二十六 (vol 8)
6a3cc1beec254ff6cae0ebb5	06063776.cn	1773	unknown	universallibrary-undated		Chinese	五燈會元·卷四 (vol 4)
6a3cc1c1ec254ff6cae0edc2	06063777.cn	1773	unknown	universallibrary-undated		Chinese	五燈會元·卷五 (vol 5)
6a3cc1c2ec254ff6cae0ee53	06063780.cn	1773	unknown	universallibrary-undated		Chinese	五燈會元·卷八 (vol 8)
6a3cc1c7ec254ff6cae0f042	06063782.cn	1773	unknown	universallibrary-undated		Chinese	五燈會元·卷十 (vol 10)
6a3cc1cbf9474f825c17281e	06063783.cn	1773	unknown	universallibrary-undated		Chinese	五燈會元·卷十一 (vol 11)
6a3cc1ccec254ff6cae0f113	06063785.cn	1782	unknown	universallibrary-undated		Chinese	五燈會元·卷十三 (vol 13)
6a3cc1d0f9474f825c172a4c	06063790.cn	1773	unknown	universallibrary-undated		Chinese	五燈會元·卷十八 (vol 18)
6a3cc1d8f9474f825c172f3e	06064039.cn	1773	unknown	universallibrary-undated		Chinese	醫門法律·卷五~卷六 (vol 4)
6a3cc1d8f9474f825c172f3f	06064038.cn	1773	unknown	universallibrary-undated		Chinese	醫門法律·卷三~卷四 (vol 3)
6a3cc1d9f9474f825c17309a	06064040.cn	1773	unknown	universallibrary-undated		Chinese	醫門法律·卷七~卷八 (vol 5)
6a3cc1daf9474f825c173166	06064041.cn	1773	unknown	universallibrary-undated		Chinese	醫門法律·卷九~卷十 (vol 6)
6a3cc1dbf9474f825c173240	06064042.cn	1782	unknown	universallibrary-undated		Chinese	醫門法律·卷十一 (vol 7)
6a3cc1e1f9474f825c1735f2	06064303.cn	1781	unknown	universallibrary-undated		Chinese	周易總義·卷一~卷二 (vol 1)
6a3cc1e5f9474f825c1738cf	06064308.cn	1782	unknown	universallibrary-undated		Chinese	周易總義·卷十六~卷十八 (vol 6)
6a3cc1e7f9474f825c1739ca	06064310.cn	1781	unknown	universallibrary-undated		Chinese	西谿易說·卷一~卷三 (vol 1)
6a3cc1efec254ff6cae0f399	06064321.cn	1777	unknown	universallibrary-undated		Chinese	周易要義·卷一上~卷一下 (vol 1)
6a3cc1f3ec254ff6cae0f595	06065899.cn	1773	unknown	universallibrary-undated		Chinese	周易要義·卷七上~卷七下 (vol 7)
6a3cc1f7f9474f825c173c55	06064352.cn	1782	unknown	universallibrary-undated		Chinese	用易詳解·卷三~卷四 (vol 2)
6a3cc1f9f9474f825c173cc2	06064355.cn	1782	unknown	universallibrary-undated		Chinese	用易詳解·卷十~卷十二 (vol 5)
6a3cc1f9f9474f825c173d64	06064356.cn	1782	unknown	universallibrary-undated		Chinese	用易詳解·卷十三~卷十四 (vol 6)
6a3cc1faf9474f825c173dc1	06064354.cn	1782	unknown	universallibrary-undated		Chinese	用易詳解·卷七~卷九 (vol 4)
6a3cc206f9474f825c174313	06064385.cn	1773	unknown	universallibrary-undated		Chinese	易象義·卷十四~卷十五 (vol 7)
6a3cc207f9474f825c1743cb	06064403.cn	1781	unknown	universallibrary-undated		Chinese	周易衍義·卷五~卷六 (vol 3)
6a3cc20eec254ff6cae0f9a0	06064408.cn	1781	unknown	universallibrary-undated		Chinese	周易衍義·卷十三 (vol 8)
6a3cc219f9474f825c1747c3	06064437.cn	1700	unknown	universallibrary-undated		Chinese	易俟·卷十四~卷十五 (vol 7)
6a3cc21af9474f825c1748b3	06064439.cn	1779	unknown	universallibrary-undated		Chinese	讀易日鈔·卷一 (vol 1)
6a3cc21ef9474f825c174a70	06064443.cn	1773	unknown	universallibrary-undated		Chinese	讀易日鈔·卷五 (vol 5)
6a3cc222f9474f825c174b04	06064444.cn	1781	unknown	universallibrary-undated		Chinese	讀易日鈔·卷六~卷七 (vol 6)
6a3cc223f9474f825c174d07	06064446.cn	1781	unknown	universallibrary-undated		Chinese	周易通論·卷一~卷二 (vol 1)
6a3cc226f9474f825c174da9	06064447.cn	1782	unknown	universallibrary-undated		Chinese	周易通論·卷三~卷四 (vol 2)
6a3cc226f9474f825c174e37	06064467.cn	1773	unknown	universallibrary-undated		Chinese	周易玩辭集解·卷二~卷三 (vol 2)
6a3cc227f9474f825c174ef0	06064468.cn	1773	unknown	universallibrary-undated		Chinese	周易玩辭集解·卷四~卷五 (vol 3)
6a3cc227f9474f825c174fa7	06064466.cn	1779	unknown	universallibrary-undated		Chinese	周易玩辭集解·卷一 (vol 1)
6a3cc22af9474f825c175022	06064470.cn	1773	unknown	universallibrary-undated		Chinese	周易玩辭集解·卷八~卷九 (vol 5)
6a3cc22ef9474f825c1752e8	06064509.cn	1773	unknown	universallibrary-undated		Chinese	易翼宗·卷三~卷四 (vol 2)
6a3cc22ef9474f825c1753dc	06064510.cn	1773	unknown	universallibrary-undated		Chinese	易翼宗·卷五~卷六 (vol 3)
6a3cc234f9474f825c17580c	06064515.cn	1773	unknown	universallibrary-undated		Chinese	易翼說·卷八 (vol 5)
6a3cc236f9474f825c1759cc	06064539.cn	1782	unknown	universallibrary-undated		Chinese	周易淺釋·卷三 (vol 3)
6a3cc239f9474f825c175c31	06064549.cn	1773	unknown	universallibrary-undated		Chinese	豐川易說·卷四 (vol 3)
6a3cc23cf9474f825c175e1e	06064551.cn	1773	unknown	universallibrary-undated		Chinese	豐川易說·卷七~卷八 (vol 5)
6a3cc23df9474f825c175ed5	06064552.cn	1773	unknown	universallibrary-undated		Chinese	豐川易說·卷九~卷十 (vol 6)
6a3cc23df9474f825c175f94	06064553.cn	1778	unknown	universallibrary-undated		Chinese	周易述·卷一~卷二 (vol 1)
6a3cc23ef9474f825c176009	06064554.cn	1781	unknown	universallibrary-undated		Chinese	周易述·卷三~卷五 (vol 2)
6a3cc245f9474f825c176383	06064560.cn	1782	unknown	universallibrary-undated		Chinese	周易述·卷二十一~卷二十三 (vol 8)
6a3cc247f9474f825c1764dd	06064561.cn	1781	unknown	universallibrary-undated		Chinese	易漢學·卷一~卷三 (vol 1)
6a3cc248f9474f825c176569	06064599.cn	1782	unknown	universallibrary-undated		Chinese	禹貢指南·卷三~卷四 (vol 2)
6a3cc248f9474f825c17656a	06064598.cn	1778	unknown	universallibrary-undated		Chinese	禹貢指南·卷一~卷二 (vol 1)
6a3cc249f9474f825c17663f	06081034.cn	1777	unknown	universallibrary-undated		Chinese	禹貢指南·卷一~卷二 (vol 3)
6a3cc24af9474f825c1766c3	06081035.cn	1782	unknown	universallibrary-undated		Chinese	禹貢指南·卷三~卷四 (vol 4)
6a3cc24eec254ff6cae0ff5c	06064628.cn	1782	unknown	universallibrary-undated		Chinese	禹貢說斷·卷四 (vol 4)
6a3cc250f9474f825c17688b	06080625.cn	1773	unknown	universallibrary-undated		Chinese	禹貢說斷·卷二 (vol 6)
6a3cc259ec254ff6cae10468	06081044.cn	1775	unknown	universallibrary-undated		Chinese	書經集傳·卷一~卷二 (vol 7)
6a3cc25cec254ff6cae1075b	06064694.cn	1782	unknown	universallibrary-undated		Chinese	書集傳或問·卷下 (vol 2)
6a3cc261ec254ff6cae10a60	06064704.cn	1779	unknown	universallibrary-undated		Chinese	書集傳纂疏·卷一 (vol 1)
6a3cc269ec254ff6cae10fda	06072901.cn	1773	unknown	universallibrary-undated		Chinese	書集傳纂疏·卷三 (vol 10)
6a3cc26aec254ff6cae1106e	06072902.cn	1773	unknown	universallibrary-undated		Chinese	書集傳纂疏·卷四上 (vol 11)
6a3cc26eec254ff6cae11229	06064711.cn	1781	unknown	universallibrary-undated		Chinese	讀書叢說·卷一~卷二 (vol 1)
6a3cc270ec254ff6cae112b6	06064712.cn	1782	unknown	universallibrary-undated		Chinese	讀書叢說·卷三~卷六 (vol 2)
6a3cc271ec254ff6cae11370	06064713.cn	1781	unknown	universallibrary-undated		Chinese	書傳輯錄纂註·卷首上~卷首下 (vol 1)
6a3cc277ec254ff6cae117c7	06064731.cn	1775	unknown	universallibrary-undated		Chinese	讀書管見·卷上 (vol 1)
6a3cc27cec254ff6cae119f7	06064734.cn	1782	unknown	universallibrary-undated		Chinese	書義斷法·卷四~卷六 (vol 2)
6a3cc282ec254ff6cae11d9d	06064759.cn	1779	unknown	universallibrary-undated		Chinese	洪範正論·卷一~卷二 (vol 1)
6a3cc282af74b230c6907181	06072896.cn	1775	unknown	universallibrary-undated		Chinese	尚書句解·卷一~卷三 (vol 4)
6a3cc287af74b230c690731f	06064761.cn	1700	unknown	universallibrary-undated		Chinese	洪範正論·卷五 (vol 3)
6a3cc288af74b230c69074b7	06064778.cn	1782	unknown	universallibrary-undated		Chinese	陸氏詩疏廣要·卷下之下 (vol 3)
6a3cc289af74b230c6907572	06080773.cn	1776	unknown	universallibrary-undated		Chinese	陸氏詩疏廣要·卷上之上 (vol 4)
6a3cc28caf74b230c690769e	06080775.cn	1782	unknown	universallibrary-undated		Chinese	陸氏詩疏廣要·卷下之上 (vol 6)
6a3cc291af74b230c6907900	06081094.cn	1781	unknown	universallibrary-undated		Chinese	陸氏詩疏廣要·卷下之上 (vol 10)
6a3cc291af74b230c6907901	06081095.cn	1782	unknown	universallibrary-undated		Chinese	陸氏詩疏廣要·卷下之下 (vol 11)
6a3cc292af74b230c6907aaf	06064795.cn	1782	unknown	universallibrary-undated		Chinese	毛詩講義·卷三~卷四 (vol 2)
6a3cc295af74b230c6907b42	06064798.cn	1782	unknown	universallibrary-undated		Chinese	毛詩講義·卷八~卷九 (vol 5)
6a3cc298af74b230c6907cb9	06064797.cn	1773	unknown	universallibrary-undated		Chinese	毛詩講義·卷六~卷七 (vol 4)
6a3cc299af74b230c6907d7e	06064800.cn	1782	unknown	universallibrary-undated		Chinese	毛詩講義·卷十二 (vol 7)
6a3cc29aaf74b230c6907dce	06064830.cn	1780	unknown	universallibrary-undated		Chinese	詩傳遺說·卷一~卷二 (vol 1)
6a3cc29baf74b230c6907e55	06064831.cn	1782	unknown	universallibrary-undated		Chinese	詩傳遺說·卷三~卷四 (vol 2)
6a3cc29daf74b230c6907ece	06080711.cn	1774	unknown	universallibrary-undated		Chinese	詩傳遺說·卷一~卷二 (vol 4)
6a3cc2a5af74b230c69082a8	06065053.cn	1782	unknown	universallibrary-undated		Chinese	墨莊漫錄·卷八~卷十 (vol 4)
6a3cc2a8af74b230c6908428	06065059.cn	1782	unknown	universallibrary-undated		Chinese	雲麓漫抄·卷四~卷六 (vol 2)
6a3cc2abaf74b230c6908548	06065062.cn	1780	unknown	universallibrary-undated		Chinese	示兒編·卷一~卷六 (vol 1)
6a3cc2abaf74b230c6908549	06065061.cn	1782	unknown	universallibrary-undated		Chinese	雲麓漫抄·卷十一~卷十五 (vol 4)
6a3cc2abaf74b230c6908729	06065063.cn	1782	unknown	universallibrary-undated		Chinese	示兒編·卷七~卷十 (vol 2)
6a3cc2aeaf74b230c690883b	06065066.cn	1782	unknown	universallibrary-undated		Chinese	示兒編·卷二十一~卷二十三 (vol 5)
6a3cc2b0af74b230c690892b	06065088.cn	1781	unknown	universallibrary-undated		Chinese	元和姓纂·卷二~卷三 (vol 2)
6a3cc2b2af74b230c6908a67	06065089.cn	812	unknown	universallibrary-undated		Chinese	元和姓纂·卷四 (vol 3)
6a3cc2b3af74b230c6908b46	06065091.cn	1781	unknown	universallibrary-undated		Chinese	元和姓纂·卷六 (vol 5)
6a3cc2b5af74b230c6908c68	06065093.cn	812	unknown	universallibrary-undated		Chinese	元和姓纂·卷九 (vol 7)
6a3cc2b7af74b230c6908cbc	06065094.cn	1773	unknown	universallibrary-undated		Chinese	元和姓纂·卷十 (vol 8)
6a3cc2b7af74b230c6908cbd	06065098.cn	1778	unknown	universallibrary-undated		Chinese	事類賦·卷一~卷三 (vol 1)
6a3cc2bfaf74b230c6908e89	06065102.cn	1782	unknown	universallibrary-undated		Chinese	事類賦·卷十六~卷十九 (vol 5)
6a3cc2c8af74b230c69094f1	06066368.cn	1773	unknown	universallibrary-undated		Chinese	毛詩注疏·卷八~卷九 (vol 7)
6a3cc2d0af74b230c6909902	06066375.cn	1782	unknown	universallibrary-undated		Chinese	毛詩注疏·卷十九 (vol 14)
6a3cc2d2af74b230c69099c1	06066376.cn	1782	unknown	universallibrary-undated		Chinese	毛詩注疏·卷二十 (vol 15)
6a3cc2d8af74b230c6909cce	06070842.cn	1782	unknown	universallibrary-undated		Chinese	毛詩注疏·卷二十四 (vol 19)
6a3cc2daaf74b230c6909ee3	06070846.cn	1782	unknown	universallibrary-undated		Chinese	毛詩注疏·卷二十九 (vol 23)
6a3cc2deaf74b230c690a152	06080628.cn	1781	unknown	universallibrary-undated		Chinese	毛詩注疏·卷一 (vol 27)
6a3cc2dfaf74b230c690a2a6	06080631.cn	1782	unknown	universallibrary-undated		Chinese	毛詩注疏·卷四~卷五 (vol 30)
6a3cc2e9af74b230c690a8f4	06080641.cn	1773	unknown	universallibrary-undated		Chinese	毛詩注疏·卷二十一 (vol 40)
6a3cc2eeaf74b230c690ac3b	06080646.cn	1773	unknown	universallibrary-undated		Chinese	毛詩注疏·卷二十六~卷二十七 (vol 45)
6a3cc2efaf74b230c690ace7	06080645.cn	1782	unknown	universallibrary-undated		Chinese	毛詩注疏·卷二十五 (vol 44)
6a3cc2f3af74b230c690afa4	06081052.cn	1775	unknown	universallibrary-undated		Chinese	毛詩注疏·毛詩譜上 (vol 48)
6a3cc2f6af74b230c690b19a	06081056.cn	1782	unknown	universallibrary-undated		Chinese	毛詩注疏·卷三 (vol 52)
6a3cc2fcaf74b230c690b4d4	06081063.cn	1780	unknown	universallibrary-undated		Chinese	毛詩注疏·卷十六 (vol 59)
6a3cc2fcaf74b230c690b4d5	06081062.cn	1780	unknown	universallibrary-undated		Chinese	毛詩注疏·卷十五 (vol 58)
6a3cc301af74b230c690b73a	06081068.cn	1781	unknown	universallibrary-undated		Chinese	毛詩注疏·卷二十一 (vol 64)
6a3cc301af74b230c690b73b	06081066.cn	1780	unknown	universallibrary-undated		Chinese	毛詩注疏·卷十九 (vol 62)
6a3cc302af74b230c690b89c	06081067.cn	1782	unknown	universallibrary-undated		Chinese	毛詩注疏·卷二十 (vol 63)
6a3cc305af74b230c690b9de	06081070.cn	1773	unknown	universallibrary-undated		Chinese	毛詩注疏·卷二十三 (vol 66)
6a3cc307af74b230c690bbe5	06081072.cn	1782	unknown	universallibrary-undated		Chinese	毛詩注疏·卷二十五 (vol 68)
6a3cc30daf74b230c690bef1	06071393.cn	1779	unknown	universallibrary-undated		Chinese	潛夫論·卷一~卷五 (vol 1)
6a3cc30daf74b230c690bef2	06073471.cn	1776	unknown	universallibrary-undated		Chinese	潛夫論·卷一~卷四 (vol 3)
6a3cc316af74b230c690c436	06082290.cn	1777	unknown	universallibrary-undated		Chinese	中說·卷一~卷六 (vol 5)
6a3cc316af74b230c690c550	06072311.cn	1777	unknown	universallibrary-undated		Chinese	中說·卷一~卷五 (vol 3)
6a3cc318af74b230c690c5d9	06071411.cn	1777	unknown	universallibrary-undated		Chinese	通書述解·卷上 (vol 1)
6a3cc31baf74b230c690c700	06071412.cn	1782	unknown	universallibrary-undated		Chinese	通書述解·卷下 (vol 2)
6a3cc31daf74b230c690c878	06071416.cn	1782	unknown	universallibrary-undated		Chinese	張子全書·卷九 (vol 4)
6a3cc31eaf74b230c690c905	06071417.cn	1782	unknown	universallibrary-undated		Chinese	張子全書·卷十 (vol 5)
6a3cc31faf74b230c690c98a	06071418.cn	1782	unknown	universallibrary-undated		Chinese	張子全書·卷十一~卷十二 (vol 6)
6a3cc320af74b230c690cac5	06071420.cn	1777	unknown	universallibrary-undated		Chinese	注解正蒙·卷上 (vol 1)
6a3cc322af74b230c690cb68	06071422.cn	1779	unknown	universallibrary-undated		Chinese	正蒙初義·卷一 (vol 1)
6a3cc323af74b230c690cc01	06071421.cn	1773	unknown	universallibrary-undated		Chinese	注解正蒙·卷下 (vol 2)
6a3cc325af74b230c690cd4f	06071425.cn	1773	unknown	universallibrary-undated		Chinese	正蒙初義·卷七~卷八 (vol 4)
6a3cc325af74b230c690cd50	06071423.cn	1773	unknown	universallibrary-undated		Chinese	正蒙初義·卷二~卷三 (vol 2)
6a3cc32aaf74b230c690d124	06066823.cn	1773	unknown	universallibrary-undated		Chinese	三傳辨疑·卷二~卷四 (vol 2)
6a3cc32caf74b230c690d268	06066825.cn	1782	unknown	universallibrary-undated		Chinese	三傳辨疑·卷六~卷七 (vol 4)
6a3cc332af74b230c690d4f0	06066830.cn	1773	unknown	universallibrary-undated		Chinese	三傳辨疑·卷十三~卷十四 (vol 9)
6a3cc332af74b230c690d58d	06066831.cn	1782	unknown	universallibrary-undated		Chinese	三傳辨疑·卷十五~卷十六 (vol 10)
6a3cc333af74b230c690d689	06066829.cn	1781	unknown	universallibrary-undated		Chinese	三傳辨疑·卷十二 (vol 8)
6a3ce56f4d296ea5432b1beb	06066239.cn	1781	unknown	universallibrary-undated		Chinese	易經蒙引 (vol 22)
6a3ce5753492db60d70681cd	06066240.cn	1782	unknown	universallibrary-undated		Chinese	易經蒙引·卷十二下 (vol 23)
6a3ce58de5d6f5d35f26e6d3	06066243.cn	1680	unknown	universallibrary-undated		Chinese	合訂刪補大易集義粹言·卷四~卷五 (vol 3)
6a3ce881552d34d98411c37c	06066524.cn	1773	unknown	universallibrary-undated		Chinese	欽定儀禮義疏·卷二十四 (vol 22)
6a3ce9140a0011cb4bc0ec67	06079574.cn	1773	unknown	universallibrary-undated		Chinese	欽定儀禮義疏·卷三十六 (vol 77)
6a3ce9790a0011cb4bc102b0	06066568.cn	1773	unknown	universallibrary-undated		Chinese	儀禮集編·卷二十五 (vol 24)
6a3ce9890a0011cb4bc10643	06066573.cn	1773	unknown	universallibrary-undated		Chinese	儀禮集編·卷三十一 (vol 29)
6a3ce9900a0011cb4bc10883	06066578.cn	1782	unknown	universallibrary-undated		Chinese	儀禮集編·卷三十九 (vol 34)
6a3ce9b00a0011cb4bc10f6b	06066584.cn	1773	unknown	universallibrary-undated		Chinese	日講禮記解義·卷七~卷九 (vol 3)
6a3cea170a0011cb4bc12541	06073298.cn	1733	unknown	universallibrary-undated		Chinese	日講禮記解義·卷六十三~卷六十四 (vol 41)
6a3cea360a0011cb4bc12cbc	06066610.cn	1782	unknown	universallibrary-undated		Chinese	儀禮經傳通解·卷二十一 (vol 8)
6a3cea3b0a0011cb4bc12db4	06068009.cn	1780	unknown	universallibrary-undated		Chinese	禹貢長箋·卷一 (vol 1)
6a3cea3f0a0011cb4bc12fe6	06068011.cn	1773	unknown	universallibrary-undated		Chinese	禹貢長箋·卷五~卷六 (vol 3)
6a3cea4bdb5eb2b676734d75	06066835.cn	1737	unknown	universallibrary-undated		Chinese	日講春秋解義·卷一 (vol 1)
6a3cea4d0a0011cb4bc1316d	06068012.cn	1773	unknown	universallibrary-undated		Chinese	禹貢長箋·卷七~卷九 (vol 4)
6a3cea4edb5eb2b676734ebe	06066837.cn	1773	unknown	universallibrary-undated		Chinese	日講春秋解義·卷六~卷八 (vol 3)
6a3cea5edb5eb2b67673564e	06066849.cn	1773	unknown	universallibrary-undated		Chinese	日講春秋解義·卷四十三~卷四十五 (vol 15)
6a3cea62db5eb2b676735846	06066853.cn	1773	unknown	universallibrary-undated		Chinese	日講春秋解義·卷五十四~卷五十六 (vol 19)
6a3cea65db5eb2b676735a19	06066855.cn	1773	unknown	universallibrary-undated		Chinese	日講春秋解義·卷六十~卷六十二 (vol 21)
6a3cea68db5eb2b676735b26	06074761.cn	1782	unknown	universallibrary-undated		Chinese	日講春秋解義·卷二~卷四 (vol 24)
6a3cea68db5eb2b676735b25	06074760.cn	1737	unknown	universallibrary-undated		Chinese	日講春秋解義·卷一 (vol 23)
6a3cea69db5eb2b676735c34	06074762.cn	1773	unknown	universallibrary-undated		Chinese	日講春秋解義·卷五~卷七 (vol 25)
6a3cea6e1b8b95f7c4221e2a	06074765.cn	1773	unknown	universallibrary-undated		Chinese	日講春秋解義·卷十四~卷十五 (vol 28)
6a3cea6fd0af635450f35234	06074764.cn	1773	unknown	universallibrary-undated		Chinese	日講春秋解義·卷十一~卷十三 (vol 27)
6a3cea74a2e82dc281659d3f	06074768.cn	1773	unknown	universallibrary-undated		Chinese	日講春秋解義·卷二十一~卷二十二 (vol 31)
6a3cea74a2e82dc281659d40	06074767.cn	1773	unknown	universallibrary-undated		Chinese	日講春秋解義·卷十八~卷二十 (vol 30)
6a3cea7bc895e71c6023bbf3	06074763.cn	1773	unknown	universallibrary-undated		Chinese	日講春秋解義·卷八~卷十 (vol 26)
6a3ceaa1c895e71c6023c2db	06066921.cn	1780	unknown	universallibrary-undated		Chinese	十三經注疏正字·卷一~卷三 (vol 1)
6a3ceabfc895e71c6023c8d5	06066930.cn	1773	unknown	universallibrary-undated		Chinese	十三經注疏正字·卷二十八~卷三十 (vol 10)
6a3ceac2c895e71c6023c98a	06066932.cn	1773	unknown	universallibrary-undated		Chinese	十三經注疏正字·卷三十四~卷三十六 (vol 12)
6a3ceac4c895e71c6023ca2f	06066933.cn	1773	unknown	universallibrary-undated		Chinese	十三經注疏正字·卷三十七~卷四十 (vol 13)
6a3ceaeec895e71c6023d335	06066993.cn	1789	unknown	universallibrary-undated		Chinese	欽定詩經樂譜全書·卷一 (vol 1)
6a3ceaf295fcd45563051f96	06066995.cn	1773	unknown	universallibrary-undated		Chinese	欽定詩經樂譜全書·卷三 (vol 3)
6a3ceaf595fcd4556305229e	06066999.cn	1773	unknown	universallibrary-undated		Chinese	欽定詩經樂譜全書·卷十~卷十一 (vol 7)
6a3ceaf795fcd45563052360	06067000.cn	1773	unknown	universallibrary-undated		Chinese	欽定詩經樂譜全書·卷十二~卷十三 (vol 8)
6a3ceaf795fcd455630523dd	06067001.cn	1773	unknown	universallibrary-undated		Chinese	欽定詩經樂譜全書·卷十四 (vol 9)
6a3ceaff95fcd455630527e6	06067008.cn	1773	unknown	universallibrary-undated		Chinese	欽定詩經樂譜全書·卷二十一 (vol 16)
6a3ceaff95fcd455630527e7	06067009.cn	1773	unknown	universallibrary-undated		Chinese	欽定詩經樂譜全書·卷二十二 (vol 17)
6a3ceb04bea37be90d20ef73	06067010.cn	1770	unknown	universallibrary-undated		Chinese	欽定詩經樂譜全書·卷二十三 (vol 18)
6a3ceb0595fcd45563052a46	06067012.cn	1773	unknown	universallibrary-undated		Chinese	欽定詩經樂譜全書·卷二十五 (vol 20)
6a3ceb0595fcd45563052b9b	06067014.cn	1773	unknown	universallibrary-undated		Chinese	欽定詩經樂譜全書·卷二十九~卷三十 (vol 22)
6a3ceb0595fcd45563052c52	06067097.cn	1778	unknown	universallibrary-undated		Chinese	庚子銷夏記·卷一 (vol 1)
6a3ceb0895fcd45563052c8b	06067098.cn	1660	unknown	universallibrary-undated		Chinese	庚子銷夏記·卷二~卷四 (vol 2)
6a3ceb0895fcd45563052d25	06067099.cn	1660	unknown	universallibrary-undated		Chinese	庚子銷夏記·卷五~卷八 (vol 3)
6a3ceb0c95fcd45563052e60	06067101.cn	1782	unknown	universallibrary-undated		Chinese	繪事備考·卷三~卷四 (vol 2)
6a3ceb0c95fcd45563052fe0	06067103.cn	1781	unknown	universallibrary-undated		Chinese	繪事備考·卷五下 (vol 4)
6a3ceb0d95fcd45563053041	06067104.cn	1782	unknown	universallibrary-undated		Chinese	繪事備考·卷六 (vol 5)
6a3ceb1c95fcd4556305387a	06067719.cn	1782	unknown	universallibrary-undated		Chinese	墨池編·卷三 (vol 3)
6a3ceb2395fcd45563053e07	06067734.cn	1777	unknown	universallibrary-undated		Chinese	廣川書跋·卷一~卷三 (vol 1)
6a3ceb2795fcd45563053fcd	06067738.cn	1782	unknown	universallibrary-undated		Chinese	廣川畫跋·卷五~卷六 (vol 2)
6a3ceb2a95fcd455630540b9	06067752.cn	1781	unknown	universallibrary-undated		Chinese	書苑菁華·卷一~卷三 (vol 1)
6a3ceb2c95fcd45563054321	06067757.cn	1782	unknown	universallibrary-undated		Chinese	書苑菁華·卷十九~卷二十 (vol 6)
6a3ceb2e95fcd45563054370	06067756.cn	1773	unknown	universallibrary-undated		Chinese	書苑菁華·卷十六~卷十八 (vol 5)
6a3ceb3095fcd4556305448b	06067758.cn	1781	unknown	universallibrary-undated		Chinese	書小史·卷一~卷五 (vol 1)
6a3ceb3895fcd45563054945	06068081.cn	1781	unknown	universallibrary-undated		Chinese	書史會要·卷一 (vol 4)
6a3ceb3a95fcd45563054a8d	06067772.cn	1782	unknown	universallibrary-undated		Chinese	書史會要·卷七~卷九 (vol 3)
6a3ceb3d95fcd45563054bf6	06068084.cn	1782	unknown	universallibrary-undated		Chinese	書史會要·卷四 (vol 7)
6a3ceb3d95fcd45563054cb0	06068085.cn	1631	unknown	universallibrary-undated		Chinese	書史會要·卷五 (vol 8)
6a3ceb4395fcd45563054f38	06067987.cn	1773	unknown	universallibrary-undated		Chinese	周易辨畫·卷十七~卷二十 (vol 6)
6a3ceb4495fcd45563054fd8	06067986.cn	1773	unknown	universallibrary-undated		Chinese	周易辨畫·卷十四~卷十六 (vol 5)
6a3ceb4695fcd45563055055	06067989.cn	1782	unknown	universallibrary-undated		Chinese	周易辨畫·卷二十四~卷二十六 (vol 8)
6a3ceb4795fcd455630550d2	06067988.cn	1782	unknown	universallibrary-undated		Chinese	周易辨畫·卷二十一~卷二十三 (vol 7)
6a3ceb4a95fcd45563055274	06067992.cn	1782	unknown	universallibrary-undated		Chinese	周易辨畫·卷三十四~卷三十七 (vol 11)
6a3ceb4d95fcd455630553b4	06067994.cn	1781	unknown	universallibrary-undated		Chinese	周易圖書質疑·卷一~卷二 (vol 1)
6a3ceb4e95fcd455630554cb	06067996.cn	1782	unknown	universallibrary-undated		Chinese	周易圖書質疑·卷六~卷八 (vol 3)
6a3ceb4f95fcd4556305555e	06067997.cn	1782	unknown	universallibrary-undated		Chinese	周易圖書質疑·卷九~卷十一 (vol 4)
6a3ceb5195fcd455630555fc	06067999.cn	1782	unknown	universallibrary-undated		Chinese	周易圖書質疑·卷十五~卷二十 (vol 6)
6a3ceb5395fcd45563055734	06068001.cn	1780	unknown	universallibrary-undated		Chinese	周易章句證異·卷一 (vol 1)
6a3ceb5995fcd45563055a08	06068015.cn	1706	unknown	universallibrary-undated		Chinese	禹貢錐指·卷一 (vol 1)
6a3ceb5a95fcd45563055ae2	06068017.cn	1705	unknown	universallibrary-undated		Chinese	禹貢錐指·卷三~卷四 (vol 3)
6a3ceb5a95fcd45563055ae1	06068016.cn	1706	unknown	universallibrary-undated		Chinese	禹貢錐指·卷二 (vol 2)
6a3ceb5c95fcd45563055c44	06068018.cn	1707	unknown	universallibrary-undated		Chinese	禹貢錐指·卷五 (vol 4)
6a3ceb5d95fcd45563055cb1	06068019.cn	1782	unknown	universallibrary-undated		Chinese	禹貢錐指·卷六 (vol 5)
6a3ceb5f95fcd45563055deb	06068021.cn	1781	unknown	universallibrary-undated		Chinese	禹貢錐指·卷八~卷九 (vol 7)
6a3ceb6095fcd45563055ebb	06068022.cn	1782	unknown	universallibrary-undated		Chinese	禹貢錐指·卷十 (vol 8)
6a3ceb6395fcd455630560a3	06068026.cn	1782	unknown	universallibrary-undated		Chinese	禹貢錐指·卷十四上 (vol 12)
6a3ceb6795fcd455630562de	06068029.cn	1705	unknown	universallibrary-undated		Chinese	禹貢錐指·卷十九~卷二十 (vol 15)
6a3ceb6895fcd4556305641c	06068077.cn	1777	unknown	universallibrary-undated		Chinese	寒山帚談·卷上 (vol 1)
6a3ceb6f4701a906f10d9847	06071530.cn	1782	unknown	universallibrary-undated		Chinese	宣明方論·卷十三~卷十五 (vol 3)
6a3ceb6f8642f0445b15451b	06071528.cn	1781	unknown	universallibrary-undated		Chinese	宣明方論·卷一~卷六 (vol 1)
6a3ceb748642f0445b1545d2	06071851.cn	1782	unknown	universallibrary-undated		Chinese	古儷府·卷二 (vol 2)
6a3ceb758642f0445b154740	06071853.cn	1782	unknown	universallibrary-undated		Chinese	古儷府·卷四 (vol 4)
6a3ceb758642f0445b154741	06071852.cn	1782	unknown	universallibrary-undated		Chinese	古儷府·卷三 (vol 3)
6a3ceb7b8642f0445b154880	06071854.cn	1781	unknown	universallibrary-undated		Chinese	古儷府·卷五 (vol 5)
6a3ceb7d8642f0445b154b25	06071855.cn	1782	unknown	universallibrary-undated		Chinese	古儷府·卷六 (vol 6)
6a3ceb828642f0445b154ce7	06071858.cn	1782	unknown	universallibrary-undated		Chinese	古儷府·卷九 (vol 9)
6a3ceb828642f0445b154ce8	06071860.cn	1782	unknown	universallibrary-undated		Chinese	古儷府·卷十一 (vol 11)
6a3ceb868642f0445b1550c6	06068774.cn	1782	unknown	universallibrary-undated		Chinese	子夏易傳·卷五~卷七 (vol 3)
6a3ceb898642f0445b155288	06068778.cn	1781	unknown	universallibrary-undated		Chinese	周易註·卷一~卷四 (vol 1)
6a3ceb8a8642f0445b15531e	06068780.cn	1747	unknown	universallibrary-undated		Chinese	周易註疏·卷一 (vol 1)
6a3ceb948642f0445b1557e0	06068789.cn	1773	unknown	universallibrary-undated		Chinese	周易集解·卷五~卷六 (vol 3)
6a3ceb968642f0445b15590f	06068791.cn	1781	unknown	universallibrary-undated		Chinese	周易集解·卷九~卷十一 (vol 5)
6a3ceb968642f0445b1559d3	06068790.cn	1781	unknown	universallibrary-undated		Chinese	周易集解·卷七~卷八 (vol 4)
6a3ceb9d8642f0445b155bee	06072305.cn	1777	unknown	universallibrary-undated		Chinese	白虎通義·卷上 (vol 1)
6a3ceba28642f0445b155e4e	06069776.cn	1777	unknown	universallibrary-undated		Chinese	尚書疏衍·卷一~卷二 (vol 1)
6a3ceba88642f0445b1560fc	06069761.cn	1782	unknown	universallibrary-undated		Chinese	尚書疑義·卷三~卷四 (vol 2)
6a3ceba98642f0445b156195	06069762.cn	1773	unknown	universallibrary-undated		Chinese	尚書疑義·卷五~卷六 (vol 3)
6a3cebae8642f0445b1564ed	06069765.cn	1782	unknown	universallibrary-undated		Chinese	尚書日記·卷五 (vol 3)
6a3cebaf8642f0445b1565de	06069768.cn	1773	unknown	universallibrary-undated		Chinese	尚書日記·卷九 (vol 6)
6a3cebb18642f0445b15668f	06069766.cn	1782	unknown	universallibrary-undated		Chinese	尚書日記·卷六~卷七 (vol 4)
6a3cebb38642f0445b156873	06069770.cn	1773	unknown	universallibrary-undated		Chinese	尚書日記·卷十二~卷十三 (vol 8)
6a3cebb38642f0445b15692c	06069772.cn	1781	unknown	universallibrary-undated		Chinese	尚書日記·卷十五 (vol 10)
6a3cebbf8642f0445b156d8f	06070799.cn	1782	unknown	universallibrary-undated		Chinese	周易傳義大全·卷四~卷五 (vol 2)
6a3cebc28642f0445b156eff	06070802.cn	1415	unknown	universallibrary-undated		Chinese	周易傳義大全·卷十~卷十一 (vol 5)
6a3cebc48642f0445b157073	06070803.cn	1773	unknown	universallibrary-undated		Chinese	周易傳義大全·卷十二~卷十三 (vol 6)
6a3cebc98642f0445b1573c2	06070807.cn	1773	unknown	universallibrary-undated		Chinese	周易傳義大全·卷二十~卷二十一 (vol 10)
6a3cebcd8642f0445b157597	06070808.cn	1773	unknown	universallibrary-undated		Chinese	周易傳義大全·卷二十二 (vol 11)
6a3cebd88642f0445b157a74	06070830.cn	1781	unknown	universallibrary-undated		Chinese	周易經傳集解·卷二十三~卷二十五 (vol 9)
6a3cebda8642f0445b157c97	06070832.cn	1782	unknown	universallibrary-undated		Chinese	周易經傳集解·卷二十九~卷三十二 (vol 11)
6a3cebdf8642f0445b157df4	06070833.cn	1782	unknown	universallibrary-undated		Chinese	周易經傳集解·卷三十三~卷三十六 (vol 12)
6a3cebe08642f0445b157ef6	06070835.cn	1781	unknown	universallibrary-undated		Chinese	易原·卷四~卷五 (vol 2)
6a3cebe68642f0445b158085	06070850.cn	1782	unknown	universallibrary-undated		Chinese	欽定西域同文志·卷四~卷五 (vol 3)
6a3cebe68642f0445b158136	06070849.cn	1782	unknown	universallibrary-undated		Chinese	欽定西域同文志·卷二~卷三 (vol 2)
6a3cebea8642f0445b1582e2	06070851.cn	1782	unknown	universallibrary-undated		Chinese	欽定西域同文志·卷六~卷七 (vol 4)
6a3cebee8642f0445b158487	06070854.cn	1763	unknown	universallibrary-undated		Chinese	欽定西域同文志·卷十二~卷十三 (vol 7)
6a3cebf48642f0445b158724	06070858.cn	1782	unknown	universallibrary-undated		Chinese	欽定西域同文志·卷二十一~卷二十三 (vol 11)
6a3cebf58642f0445b1587d6	06078134.cn	1782	unknown	universallibrary-undated		Chinese	欽定西域同文志·卷二~卷三 (vol 14)
6a3cebf58642f0445b1587d5	06070859.cn	1771	unknown	universallibrary-undated		Chinese	欽定西域同文志·卷二十四 (vol 12)
6a3cebf88642f0445b158935	06078135.cn	1782	unknown	universallibrary-undated		Chinese	欽定西域同文志·卷四 (vol 15)
6a3cebfa8642f0445b158a17	06078136.cn	1782	unknown	universallibrary-undated		Chinese	欽定西域同文志·卷五~卷六 (vol 16)
6a3cebfc8642f0445b158b3c	06078140.cn	1782	unknown	universallibrary-undated		Chinese	欽定西域同文志·卷十三~卷十四 (vol 20)
6a3cebfc8642f0445b158b3b	06078139.cn	1782	unknown	universallibrary-undated		Chinese	欽定西域同文志·卷十一~卷十二 (vol 19)
6a3cebff8642f0445b158c5e	06078142.cn	1771	unknown	universallibrary-undated		Chinese	欽定西域同文志·卷十七~卷十八 (vol 22)
6a3cec018642f0445b158d83	06078143.cn	1782	unknown	universallibrary-undated		Chinese	欽定西域同文志·卷十九~卷二十 (vol 23)
6a3cec048642f0445b158f17	06070868.cn	1781	unknown	universallibrary-undated		Chinese	篆隸考異·卷一~卷二 (vol 1)
6a3cec0c8642f0445b159225	06070894.cn	1781	unknown	universallibrary-undated		Chinese	琴史·卷一~卷三 (vol 1)
6a3cec0d8642f0445b1592ba	06070899.cn	1789	unknown	universallibrary-undated		Chinese	琴譜合璧·卷一 (vol 1)
6a3cec108642f0445b1594d6	06070904.cn	1773	unknown	universallibrary-undated		Chinese	琴譜合璧·卷六 (vol 6)
6a3cec148642f0445b15961f	06070906.cn	1773	unknown	universallibrary-undated		Chinese	琴譜合璧·卷九 (vol 8)
6a3cec178642f0445b1596fe	06070912.cn	1773	unknown	universallibrary-undated		Chinese	琴譜合璧·卷十五~卷十六 (vol 14)
6a3cec1c8642f0445b159931	06070916.cn	1777	unknown	universallibrary-undated		Chinese	印典·卷一~卷三 (vol 1)
6a3cec2c8642f0445b15a30c	06070945.cn	1778	unknown	universallibrary-undated		Chinese	百菊集譜·卷首~卷三 (vol 1)
6a3cec358642f0445b15a739	06070956.cn	1708	unknown	universallibrary-undated		Chinese	御定佩文齋廣羣芳譜·卷十二~卷十三 (vol 7)
6a3cec354701a906f10d993b	06070955.cn	1708	unknown	universallibrary-undated		Chinese	御定佩文齋廣羣芳譜·卷十~卷十一 (vol 6)
6a3cec398642f0445b15a914	06070959.cn	1712	unknown	universallibrary-undated		Chinese	御定佩文齋廣羣芳譜·卷十八~卷十九 (vol 10)
6a3cec3a8642f0445b15aa47	06070961.cn	1708	unknown	universallibrary-undated		Chinese	御定佩文齋廣羣芳譜·卷二十二~卷二十三 (vol 12)
6a3cec3a8642f0445b15aa46	06070960.cn	1708	unknown	universallibrary-undated		Chinese	御定佩文齋廣羣芳譜·卷二十~卷二十一 (vol 11)
6a3cec3c8642f0445b15ab88	06070962.cn	1708	unknown	universallibrary-undated		Chinese	御定佩文齋廣羣芳譜·卷二十四 (vol 13)
6a3cec3d8642f0445b15abda	06070963.cn	1778	unknown	universallibrary-undated		Chinese	事物紀原·卷一 (vol 1)
6a3cec3e8642f0445b15ac57	06070964.cn	1782	unknown	universallibrary-undated		Chinese	事物紀原·卷二 (vol 2)
6a3cec3f8642f0445b15ace4	06070965.cn	1782	unknown	universallibrary-undated		Chinese	事物紀原·卷三~卷四 (vol 3)
6a3cec498642f0445b15b2c9	06070978.cn	1773	unknown	universallibrary-undated		Chinese	書叙指南·卷十八~卷二十 (vol 5)
6a3cec498642f0445b15b330	06070980.cn	1134	unknown	universallibrary-undated		Chinese	古今姓氏書辯證·卷二~卷四 (vol 2)
6a3cec4a8642f0445b15b3b7	06070981.cn	1782	unknown	universallibrary-undated		Chinese	古今姓氏書辯證·卷五~卷八 (vol 3)
6a3cec4c8642f0445b15b44b	06070982.cn	1782	unknown	universallibrary-undated		Chinese	古今姓氏書辯證·卷九~卷十二 (vol 4)
6a3cec598642f0445b15ba69	06070995.cn	1781	unknown	universallibrary-undated		Chinese	帝王經世圖譜·卷九~卷十 (vol 5)
6a3cec5b8642f0445b15bbb8	06070997.cn	1782	unknown	universallibrary-undated		Chinese	帝王經世圖譜·卷十三~卷十六 (vol 7)
6a3cec5e8642f0445b15bd7b	06072272.cn	1777	unknown	universallibrary-undated		Chinese	帝王經世圖譜·卷一~卷三 (vol 8)
6a3cec618642f0445b15bebe	06072274.cn	1782	unknown	universallibrary-undated		Chinese	帝王經世圖譜·卷六~卷七 (vol 10)
6a3cec628642f0445b15bf6d	06072276.cn	1781	unknown	universallibrary-undated		Chinese	帝王經世圖譜·卷十~卷十一 (vol 12)
6a3cec628642f0445b15c029	06070998.cn	1781	unknown	universallibrary-undated		Chinese	職官分紀·卷一~卷二 (vol 1)
6a3cec658642f0445b15c2ed	06071001.cn	1782	unknown	universallibrary-undated		Chinese	職官分紀·卷六 (vol 4)
6a3cec668642f0445b15c394	06071002.cn	1782	unknown	universallibrary-undated		Chinese	職官分紀·卷七 (vol 5)
6a3cec698642f0445b15c3f4	06071004.cn	1782	unknown	universallibrary-undated		Chinese	職官分紀·卷九 (vol 7)
6a3cec798642f0445b15cde0	06071020.cn	1782	unknown	universallibrary-undated		Chinese	職官分紀·卷四十三~卷四十七 (vol 23)
6a3cec7a8642f0445b15ce6c	06071022.cn	1776	unknown	universallibrary-undated		Chinese	厯代制度詳說·卷一~卷三 (vol 1)
6a3cec7c8642f0445b15cf9a	06071024.cn	1782	unknown	universallibrary-undated		Chinese	厯代制度詳說·卷九~卷十二 (vol 3)
6a3cec7e8642f0445b15d095	06071025.cn	1778	unknown	universallibrary-undated		Chinese	八面鋒·卷一~卷四 (vol 1)
6a3cec808642f0445b15d192	06071027.cn	1782	unknown	universallibrary-undated		Chinese	八面鋒·卷十~卷十三 (vol 3)
6a3ceca14701a906f10d9c09	06071055.cn	1782	unknown	universallibrary-undated		Chinese	玉海·卷四十九~卷五十 (vol 28)
6a3ceca24701a906f10d9ca8	06071056.cn	1782	unknown	universallibrary-undated		Chinese	玉海·卷五十一~卷五十二 (vol 29)
6a3ceca34701a906f10d9d78	06071057.cn	1781	unknown	universallibrary-undated		Chinese	玉海·卷五十三~卷五十四 (vol 30)
6a3ceca64701a906f10d9ed8	06071060.cn	1782	unknown	universallibrary-undated		Chinese	玉海·卷五十九~卷六十 (vol 33)
6a3ceca74701a906f10d9f96	06071061.cn	1782	unknown	universallibrary-undated		Chinese	玉海·卷六十一~卷六十二 (vol 34)
6a3ceca74701a906f10da01f	06071059.cn	1781	unknown	universallibrary-undated		Chinese	玉海·卷五十七~卷五十八 (vol 32)
6a3cecae4701a906f10da353	06071066.cn	1782	unknown	universallibrary-undated		Chinese	玉海·卷七十~卷七十二 (vol 39)
6a3cecb34701a906f10da6ef	06071072.cn	1782	unknown	universallibrary-undated		Chinese	玉海·卷八十四~卷八十六 (vol 45)
6a3cecb84701a906f10daaf6	06071078.cn	1782	unknown	universallibrary-undated		Chinese	玉海·卷九十七 (vol 51)
6a3cecba4701a906f10dac09	06071079.cn	1782	unknown	universallibrary-undated		Chinese	玉海·卷九十八~卷九十九 (vol 52)
6a3cecc84701a906f10db2d6	06071092.cn	1782	unknown	universallibrary-undated		Chinese	玉海·卷一百二十 (vol 65)
6a3cecce8642f0445b15e17a	06071095.cn	1782	unknown	universallibrary-undated		Chinese	玉海·卷一百二十三 (vol 68)
6a3cecd34701a906f10db788	06071100.cn	1782	unknown	universallibrary-undated		Chinese	玉海·卷一百三十一~卷一百三十二 (vol 73)
6a3cecd74701a906f10db96f	06071104.cn	1781	unknown	universallibrary-undated		Chinese	玉海·卷一百三十八~卷一百三十九 (vol 77)
6a3cecd74701a906f10db970	06071103.cn	1782	unknown	universallibrary-undated		Chinese	玉海·卷一百三十六~卷一百三十七 (vol 76)
6a3cece94701a906f10dc26d	06071119.cn	1781	unknown	universallibrary-undated		Chinese	玉海·卷一百六十三~卷一百六十四 (vol 92)
6a3cecf54701a906f10dc690	06071127.cn	1773	unknown	universallibrary-undated		Chinese	玉海·卷一百七十七 (vol 100)
6a3cecf74701a906f10dc774	06071128.cn	1781	unknown	universallibrary-undated		Chinese	玉海·卷一百七十八~卷一百七十九 (vol 101)
6a3cecfb4701a906f10dc9fc	06071130.cn	1781	unknown	universallibrary-undated		Chinese	玉海·卷一百八十二~卷一百八十四 (vol 103)
6a3ced014701a906f10dcb35	06071136.cn	1782	unknown	universallibrary-undated		Chinese	玉海·卷一百九十三上~卷一百九十四 (vol 109)
6a3ced054701a906f10dcd97	06071139.cn	1773	unknown	universallibrary-undated		Chinese	玉海·卷一百九十八~卷一百九十九 (vol 112)
6a3ced0d4701a906f10dd10b	06071158.cn	1773	unknown	universallibrary-undated		Chinese	韻府羣玉·卷三 (vol 3)
6a3ced114701a906f10dd359	06071160.cn	1782	unknown	universallibrary-undated		Chinese	韻府羣玉·卷五 (vol 5)
6a3ced1c4701a906f10dd8f8	06071168.cn	1773	unknown	universallibrary-undated		Chinese	韻府羣玉·卷十三 (vol 13)
6a3ced284701a906f10ddef3	06071149.cn	1782	unknown	universallibrary-undated		Chinese	小學紺珠·卷十 (vol 7)
6a3ced2d4701a906f10de0fc	06071153.cn	1776	unknown	universallibrary-undated		Chinese	六帖補·卷一~卷七 (vol 1)
6a3ced3c4701a906f10de8a9	06082270.cn	1778	unknown	universallibrary-undated		Chinese	說苑·卷一~卷四 (vol 11)
6a3ced604701a906f10dfb24	06080816.cn	1773	unknown	universallibrary-undated		Chinese	春秋公羊傳注疏·卷二十五~卷二十六 (vol 13)
6a3ced674701a906f10dfff5	06081146.cn	1773	unknown	universallibrary-undated		Chinese	春秋公羊傳注疏·卷十二 (vol 21)
6a3ced6f4701a906f10e03e8	06081153.cn	1782	unknown	universallibrary-undated		Chinese	春秋公羊傳注疏·卷二十五~卷二十六 (vol 28)
6a3ced704701a906f10e047a	06081152.cn	1782	unknown	universallibrary-undated		Chinese	春秋公羊傳注疏·卷二十三~卷二十四 (vol 27)
6a3ced7f4701a906f10e0c96	06071464.cn	1782	unknown	universallibrary-undated		Chinese	先聖大訓·卷五 (vol 5)
6a3ced994701a906f10e1c35	06071547.cn	1661	unknown	universallibrary-undated		Chinese	數度衍·卷二十一~卷二十三 (vol 9)
6a3ceda24701a906f10e1edb	06071558.cn	1781	unknown	universallibrary-undated		Chinese	九章錄要·卷一~卷五 (vol 1)
6a3ceda54701a906f10e21b3	06071809.cn	1773	unknown	universallibrary-undated		Chinese	珊瑚木難·卷三 (vol 3)
6a3ceda74701a906f10e2357	06071811.cn	1781	unknown	universallibrary-undated		Chinese	珊瑚木難·卷五 (vol 5)
6a3cedb14701a906f10e2893	06071984.cn	1712	unknown	universallibrary-undated		Chinese	御定淵鑑類函·卷十一~卷十二 (vol 7)
6a3cedca4701a906f10e37e5	06072006.cn	1711	unknown	universallibrary-undated		Chinese	御定淵鑑類函·卷五十一 (vol 29)
6a3cedf54701a906f10e4d91	06072040.cn	1722	unknown	universallibrary-undated		Chinese	御定淵鑑類函·卷一百十一~卷一百十二 (vol 63)
6a3cee024701a906f10e5547	06072052.cn	1706	unknown	universallibrary-undated		Chinese	御定淵鑑類函·卷一百三十二 (vol 75)
6a3cee024701a906f10e55d0	06072053.cn	1706	unknown	universallibrary-undated		Chinese	御定淵鑑類函·卷一百三十三 (vol 76)
6a3cee034701a906f10e5660	06072054.cn	1706	unknown	universallibrary-undated		Chinese	御定淵鑑類函·卷一百三十四 (vol 77)
6a3cee054701a906f10e5760	06072055.cn	1710	unknown	universallibrary-undated		Chinese	御定淵鑑類函·卷一百三十五~卷一百三十六 (vol 78)
6a3cee124701a906f10e5ee9	06072068.cn	1706	unknown	universallibrary-undated		Chinese	御定淵鑑類函·卷一百六十一~卷一百六十二 (vol 91)
6a3cee2d4701a906f10e6cfa	06072090.cn	1705	unknown	universallibrary-undated		Chinese	御定淵鑑類函·卷二百 (vol 113)
6a3cee3f4701a906f10e7799	06072106.cn	1701	unknown	universallibrary-undated		Chinese	御定淵鑑類函·卷二百三十一 (vol 129)
6a3cee754701a906f10e9674	06072156.cn	1712	unknown	universallibrary-undated		Chinese	御定淵鑑類函·卷三百二十一~卷三百二十二 (vol 179)
6a3cee834701a906f10e9f62	06072168.cn	1722	unknown	universallibrary-undated		Chinese	御定淵鑑類函·卷三百四十四~卷三百四十五 (vol 191)
6a3cee894701a906f10ea354	06072174.cn	1726	unknown	universallibrary-undated		Chinese	御定淵鑑類函·卷三百五十五~卷五十六 (vol 197)
6a3cee8a4701a906f10ea497	06072177.cn	1701	unknown	universallibrary-undated		Chinese	御定淵鑑類函·卷三百六十一~卷六十二 (vol 200)
6a3cee914701a906f10ea7d5	06072183.cn	1710	unknown	universallibrary-undated		Chinese	御定淵鑑類函·卷三百七十一~卷三百七十二 (vol 206)
6a3cee984701a906f10eacef	06072189.cn	1701	unknown	universallibrary-undated		Chinese	御定淵鑑類函·卷三百八十三~卷三百八十四 (vol 212)
6a3ceea74701a906f10eb4d2	06072202.cn	1706	unknown	universallibrary-undated		Chinese	御定淵鑑類函·卷四百十~卷四百十一 (vol 225)
6a3ceea94701a906f10eb5ee	06072204.cn	1726	unknown	universallibrary-undated		Chinese	御定淵鑑類函·卷四百十四~卷四百十五 (vol 227)
6a3ceeb68642f0445b15e4ab	06072218.cn	1712	unknown	universallibrary-undated		Chinese	御定淵鑑類函·卷四百四十一~卷四百四十二 (vol 241)
6a3ceeba8642f0445b15e6e3	06072219.cn	1711	unknown	universallibrary-undated		Chinese	御定淵鑑類函·卷四百四十三~卷四百四十四 (vol 242)
6a3ceebf8642f0445b15e88e	06072495.cn	1700	unknown	universallibrary-undated		Chinese	御定淵鑑類函·卷一百九十三 (vol 247)
6a3ceec78642f0445b15ed4f	06072501.cn	1706	unknown	universallibrary-undated		Chinese	御定淵鑑類函·卷二百 (vol 253)
6a3ceee38642f0445b15fd8b	06072531.cn	1712	unknown	universallibrary-undated		Chinese	御定淵鑑類函·卷二百五十五~卷二百五十六 (vol 283)
6a3ceee58642f0445b15fe17	06072532.cn	1722	unknown	universallibrary-undated		Chinese	御定淵鑑類函·卷二百五十七~卷二百五十八 (vol 284)
6a3cef324701a906f10eda34	06072606.cn	1726	unknown	universallibrary-undated		Chinese	御定淵鑑類函·卷三百八十二~卷三百八十三 (vol 358)
6a3cef374701a906f10edcfa	06072609.cn	1726	unknown	universallibrary-undated		Chinese	御定淵鑑類函·卷三百八十七 (vol 361)
6a3cef374701a906f10edd82	06072611.cn	1726	unknown	universallibrary-undated		Chinese	御定淵鑑類函·卷三百九十~卷三百九十一 (vol 363)
6a3cef444701a906f10ee242	06072619.cn	1710	unknown	universallibrary-undated		Chinese	御定淵鑑類函·卷四百八~卷四百九 (vol 371)
6a3cef444701a906f10ee352	06072620.cn	1710	unknown	universallibrary-undated		Chinese	御定淵鑑類函·卷四百十~卷四百十一 (vol 372)
6a3cef534701a906f10ee961	06072630.cn	1726	unknown	universallibrary-undated		Chinese	御定淵鑑類函·卷四百二十九~卷四百三十 (vol 382)
6a3cef684701a906f10ef4ce	06073615.cn	1712	unknown	universallibrary-undated		Chinese	御定淵鑑類函·卷十一~卷十二 (vol 401)
6a3cef844701a906f10f03f7	06073640.cn	1710	unknown	universallibrary-undated		Chinese	御定淵鑑類函·卷五十一 (vol 426)
6a3cef8d4701a906f10f0a33	06073650.cn	1700	unknown	universallibrary-undated		Chinese	御定淵鑑類函·卷六十三~卷六十四 (vol 436)
6a3cef914701a906f10f0beb	06073652.cn	1710	unknown	universallibrary-undated		Chinese	御定淵鑑類函·卷六十七~卷六十八 (vol 438)
6a3cef914701a906f10f0bec	06073654.cn	1710	unknown	universallibrary-undated		Chinese	御定淵鑑類函·卷七十~卷七十二 (vol 440)
6a3cef9e4701a906f10f1436	06073667.cn	1711	unknown	universallibrary-undated		Chinese	御定淵鑑類函·卷九十三 (vol 453)
6a3cefbc4701a906f10f2310	06073692.cn	1706	unknown	universallibrary-undated		Chinese	御定淵鑑類函·卷一百三十 (vol 478)
6a3cefc44701a906f10f278f	06073701.cn	1710	unknown	universallibrary-undated		Chinese	御定淵鑑類函·卷一百四十三~卷一百四十四 (vol 487)
6a3cefc54701a906f10f28bd	06073703.cn	1726	unknown	universallibrary-undated		Chinese	御定淵鑑類函·卷一百四十七~卷一百四十九 (vol 489)
6a3cefcd8642f0445b16105a	06073708.cn	1701	unknown	universallibrary-undated		Chinese	御定淵鑑類函·卷一百五十六 (vol 494)
6a3cefcf8642f0445b16120f	06073709.cn	1706	unknown	universallibrary-undated		Chinese	御定淵鑑類函·卷一百五十七~卷一百五十八 (vol 495)
6a3cefd18642f0445b16129b	06073712.cn	1711	unknown	universallibrary-undated		Chinese	御定淵鑑類函·卷一百六十二~卷一百六十三 (vol 498)
6a3cefee4701a906f10f31d7	06081663.cn	1778	unknown	universallibrary-undated		Chinese	西陽雜俎·卷一~卷四 (vol 5)
6a3cf0068642f0445b161d90	06076258.cn	1742	unknown	universallibrary-undated		Chinese	御製歷象考成·上編·卷八 (vol 6)
6a3cf0088642f0445b161e72	06076259.cn	1723	unknown	universallibrary-undated		Chinese	御製歷象考成·上編·卷九~卷十一 (vol 7)
6a3cf0128642f0445b16239a	06076267.cn	1744	unknown	universallibrary-undated		Chinese	御製歷象考成·表·卷三之一~卷三之三 (vol 15)
6a3cf0168642f0445b16265d	06076272.cn	1744	unknown	universallibrary-undated		Chinese	御製歷象考成·表·卷八 (vol 20)
6a3cf0338642f0445b1634a1	06076425.cn	1773	unknown	universallibrary-undated		Chinese	御製律呂正義後編·卷二十六~卷二十七 (vol 14)
6a3cf0438642f0445b163d49	06076440.cn	1746	unknown	universallibrary-undated		Chinese	御製律呂正義後編·卷五十四~卷五十五 (vol 29)
6a3cf0478642f0445b1640ed	06076444.cn	1761	unknown	universallibrary-undated		Chinese	御製律呂正義後編·卷六十二 (vol 33)
6a3cf0a88642f0445b16653d	06079258.cn	1487	unknown	universallibrary-undated		Chinese	大學衍義補·卷五~卷七 (vol 3)
6a3cf0d08642f0445b167a9d	06079297.cn	1487	unknown	universallibrary-undated		Chinese	大學衍義補·卷一百三十二~卷一百三十四 (vol 42)
6a3cf0ee4701a906f10f41f6	06081453.cn	1782	unknown	universallibrary-undated		Chinese	四書集編·孟子集編·卷十二~卷十四 (vol 18)
6a3cf1104701a906f10f4a4a	06080600.cn	1678	unknown	universallibrary-undated		Chinese	日講書經解義·卷八 (vol 7)
6992cffcf5b4f75c1a4c9dfb	06050867.cn	1445	unknown	universallibrary-undated		Chinese	神仙傳
6992ce0e3ea667fbac827d0f	06046338.cn	1751	unknown	universallibrary-undated		Chinese	皇清職貢圖
69c6612d01a26ccff09f4e6e	06057512.cn	1614	unknown	universallibrary-undated		Chinese	Tongwen Suanzhi (同文算指) — Chinese-Western Arithmetic, Vol. 8
69c6615501a26ccff09f50ca	06076279.cn	1724	unknown	universallibrary-undated		Chinese	Lülü Zhengyi (律呂正義) — Correct Meaning of the Pitch Pipes, Vol. 1
69c6611f01a26ccff09f4e17	06049910.cn	1612	unknown	universallibrary-undated		Chinese	Taixi Shuifa (泰西水法) — Western Hydraulics, Vols. 4-6
69c6617201a26ccff09f52df	06076283.cn	1724	unknown	universallibrary-undated		Chinese	Lülü Zhengyi Xubian (律呂正義續編) — Western Music Theory Supplement
69c6611501a26ccff09f4db2	06049909.cn	1612	unknown	universallibrary-undated		Chinese	Taixi Shuifa (泰西水法) — Western Hydraulics, Vols. 1-3
69c6618401a26ccff09f5397	06048609.cn	1199	unknown	universallibrary-undated		Chinese	Yueshu (樂書) — Encyclopedia of Music, Vols. 137-141 (Instrument Illustrations)
69c6617b01a26ccff09f5378	06048590.cn	1199	unknown	universallibrary-undated		Chinese	Yueshu (樂書) — Encyclopedia of Music, Vol. 1
69c6616001a26ccff09f5172	06076280.cn	1724	unknown	universallibrary-undated		Chinese	Lülü Zhengyi (律呂正義) Vol. 2
69c6616a01a26ccff09f521e	06076281.cn	1724	unknown	universallibrary-undated		Chinese	Lülü Zhengyi (律呂正義) — Lower Section Vol. 1
6a05f0776a888f57ebd77176	06049004.cn	343	unknown	universallibrary-undated		Classical Chinese	抱朴子 Baopuzi (Inner Chapters, vol. 1) — 四庫全書 Siku Quanshu edition
6a05f07e6a888f57ebd77205	06049005.cn	343	unknown	universallibrary-undated		Classical Chinese	抱朴子 Baopuzi (Inner Chapters, vol. 2)
6a05f0836a888f57ebd7727e	06049006.cn	343	unknown	universallibrary-undated		Classical Chinese	抱朴子 Baopuzi (Inner Chapters, vol. 3)
6a05f08d6a888f57ebd772f9	06049007.cn	343	unknown	universallibrary-undated		Classical Chinese	抱朴子 Baopuzi (Inner Chapters, vol. 4)
6a05f0a06a888f57ebd7736c	06051985.cn	652	unknown	universallibrary-undated		Classical Chinese	備急千金要方 Beiji Qianjin Yaofang (juan 26-31, containing 養性 Yangxing & 房中補益 Fangzhong buyi)
