page_id	vol	page_number	reason
6abeb159896ea18127c8268b	96	7	chatter:conversational opener; plan-mode:implementation plan
6abeb159896ea18127c8268f	96	11	plan-mode:implementation plan
6abeb159896ea18127c8268e	96	10	chatter:conversational opener; plan-mode:implementation plan
6abeb159896ea18127c82691	96	13	chatter:conversational opener; plan-mode:implementation plan
6abeb159896ea18127c8269a	96	22	chatter:conversational opener; plan-mode:implementation plan
6abeb159896ea18127c8269c	96	24	chatter:conversational opener; plan-mode:implementation plan
6abeb159896ea18127c8269f	96	27	chatter:conversational opener; plan-mode:implementation plan
6abeb159896ea18127c826a1	96	29	chatter:conversational opener; plan-mode:implementation plan
6abeb159896ea18127c826a5	96	33	chatter:conversational opener; plan-mode:implementation plan
6abeb159896ea18127c826ab	96	39	chatter:conversational opener; plan-mode:implementation plan
6abeb159896ea18127c826bd	96	57	chatter:conversational opener; plan-mode:implementation plan
6abeb159896ea18127c826bf	96	59	plan-mode:The user prompt
6abeb159896ea18127c826c2	96	62	plan-mode:Please review
6abeb159896ea18127c826c6	96	66	chatter:conversational opener; plan-mode:implementation plan
6abeb159896ea18127c826d2	96	78	chatter:conversational opener; plan-mode:implementation plan
6abeb159896ea18127c826d7	96	83	chatter:conversational opener; plan-mode:implementation plan
6abeb159896ea18127c826e3	96	95	chatter:conversational opener; plan-mode:translation_plan
6abeb159896ea18127c826e4	96	96	chatter:conversational opener; plan-mode:implementation plan
6abeb159896ea18127c826f9	96	117	chatter:conversational opener; plan-mode:translation_plan
6abeb159896ea18127c826fb	96	119	chatter:conversational opener; plan-mode:implementation plan
6abeb159896ea18127c826ff	96	123	chatter:conversational opener; plan-mode:implementation plan
6abeb159896ea18127c82708	96	132	chatter:conversational opener; plan-mode:implementation plan
6abeb159896ea18127c8270a	96	134	chatter:conversational opener; plan-mode:implementation plan
6abeb159896ea18127c82717	96	147	chatter:conversational opener; plan-mode:implementation plan
6abeb159896ea18127c82719	96	149	chatter:conversational opener; plan-mode:implementation plan
6abeb159896ea18127c82720	96	156	chatter:conversational opener; plan-mode:translation_plan
6abeb159896ea18127c82723	96	159	chatter:conversational opener; plan-mode:implementation plan
6abeb159896ea18127c82727	96	163	chatter:conversational opener; plan-mode:implementation plan
6abeb159896ea18127c82729	96	165	chatter:conversational opener; plan-mode:implementation plan
6abeb159896ea18127c8272c	96	168	chatter:conversational opener; plan-mode:translation_plan
6abeb159896ea18127c8272d	96	169	chatter:conversational opener; plan-mode:implementation plan
6abeb159896ea18127c82689	96	5	stage1-failed:denied_tool
6abeb159896ea18127c82698	96	20	stage1-failed:denied_tool
6abeb159896ea18127c82690	96	12	stage1-failed:denied_tool
6abeb159896ea18127c826b4	96	48	stage1-failed:denied_tool
6abeb159896ea18127c82688	96	4	chatter:conversational opener; plan-mode:implementation plan
6abeb159896ea18127c826c5	96	65	chatter:conversational opener; plan-mode:implementation plan
6abeb159896ea18127c826cb	96	71	chatter:conversational opener; plan-mode:implementation plan
6abeb159896ea18127c826df	96	91	chatter:conversational opener; plan-mode:implementation plan
6abeb159896ea18127c826ee	96	106	chatter:conversational opener; plan-mode:implementation plan
6abeb159896ea18127c826f1	96	109	chatter:conversational opener; plan-mode:implementation plan
6abeb159896ea18127c82728	96	164	chatter:conversational opener; plan-mode:implementation plan
6abeb159896ea18127c82736	96	178	chatter:conversational opener; plan-mode:implementation plan
6abeb159896ea18127c8273a	96	182	chatter:conversational opener; plan-mode:implementation plan
6abeb159896ea18127c82740	96	188	chatter:conversational opener; plan-mode:implementation plan
6abeb159896ea18127c82748	96	196	chatter:conversational opener; plan-mode:translation_plan
6abeb159896ea18127c82749	96	197	chatter:conversational opener; plan-mode:implementation plan
6abeb159896ea18127c8274f	96	203	chatter:conversational opener; plan-mode:implementation plan
6abeb159896ea18127c8274e	96	202	chatter:conversational opener; plan-mode:Please review
6abeb159896ea18127c82752	96	206	chatter:conversational opener; plan-mode:implementation plan
6abeb159896ea18127c82757	96	211	chatter:conversational opener; plan-mode:translation_plan
6abeb159896ea18127c82763	96	223	chatter:conversational opener; plan-mode:implementation plan
6abeb159896ea18127c8276f	96	235	chatter:conversational opener; plan-mode:implementation plan
6abeb159896ea18127c82772	96	238	chatter:conversational opener; plan-mode:implementation plan
6abeb159896ea18127c82774	96	240	chatter:conversational opener; plan-mode:implementation plan
6abeb159896ea18127c82780	96	252	chatter:conversational opener; plan-mode:implementation plan
6abeb159896ea18127c82788	96	260	chatter:conversational opener; plan-mode:implementation plan
6abeb159896ea18127c8278d	96	265	chatter:conversational opener; plan-mode:implementation plan
6abeb159896ea18127c8278e	96	266	chatter:conversational opener; plan-mode:implementation plan
6abeb159896ea18127c82792	96	270	chatter:conversational opener; plan-mode:implementation plan
6abeb159896ea18127c82793	96	271	chatter:conversational opener; plan-mode:translation_plan
6abeb159896ea18127c827a4	96	288	chatter:conversational opener; plan-mode:implementation plan
6abeb159896ea18127c827a9	96	293	chatter:conversational opener; plan-mode:translation_plan
6abeb159896ea18127c827ad	96	297	chatter:conversational opener; plan-mode:translation_plan
6abeb159896ea18127c827b0	96	300	chatter:conversational opener; plan-mode:implementation plan
6abeb159896ea18127c827af	96	299	chatter:conversational opener; plan-mode:implementation plan
6abeb159896ea18127c827b4	96	304	chatter:conversational opener; plan-mode:translation_plan
6abeb159896ea18127c827bf	96	315	chatter:conversational opener; plan-mode:implementation plan
6abeb159896ea18127c827d6	96	338	chatter:conversational opener; plan-mode:translation_plan
6abeb159896ea18127c827d8	96	340	door:runaway
6abeb159896ea18127c827d7	96	339	chatter:conversational opener; plan-mode:implementation plan
6abeb159896ea18127c827e0	96	348	chatter:conversational opener; plan-mode:translation_plan
6abeb159896ea18127c827e1	96	349	chatter:conversational opener; plan-mode:implementation plan
6abeb159896ea18127c827e7	96	355	chatter:conversational opener; plan-mode:implementation plan
6abeb159896ea18127c827eb	96	359	chatter:conversational opener; plan-mode:implementation plan
6abeb159896ea18127c827ec	96	360	chatter:conversational opener; plan-mode:implementation plan
6abeb159896ea18127c827f0	96	364	chatter:conversational opener; plan-mode:implementation plan
6abeb159896ea18127c827f5	96	369	chatter:conversational opener; plan-mode:implementation plan
6abeb159896ea18127c827f8	96	372	chatter:conversational opener; plan-mode:implementation plan
6abeb159896ea18127c827f9	96	373	chatter:conversational opener; plan-mode:implementation plan
6abeb159896ea18127c82805	96	385	chatter:conversational opener; plan-mode:implementation plan
6abeb159896ea18127c8280a	96	390	chatter:conversational opener; plan-mode:implementation plan
6abeb159896ea18127c82810	96	396	chatter:conversational opener; plan-mode:implementation plan
6abeb159896ea18127c82811	96	397	chatter:conversational opener; plan-mode:implementation plan
6abeb159896ea18127c8281a	96	406	chatter:conversational opener; plan-mode:implementation plan
6abeb159896ea18127c8281c	96	408	chatter:conversational opener; plan-mode:implementation plan
6abeb159896ea18127c82829	96	421	chatter:conversational opener; plan-mode:implementation plan
6abeb159896ea18127c8282d	96	425	chatter:conversational opener; plan-mode:implementation plan
6abeb159896ea18127c8283f	96	443	chatter:conversational opener; plan-mode:implementation plan
6abeb159896ea18127c82848	96	452	chatter:conversational opener; plan-mode:implementation plan
6abeb159896ea18127c82849	96	453	door:runaway
6abeb159896ea18127c82850	96	460	chatter:conversational opener; plan-mode:implementation plan
6abeb159896ea18127c82868	96	484	chatter:conversational opener; plan-mode:implementation plan
6abeb159896ea18127c8286d	96	489	chatter:conversational opener; plan-mode:implementation plan
6abeb159896ea18127c82872	96	494	chatter:conversational opener; plan-mode:implementation plan
6abeb159896ea18127c82875	96	497	chatter:conversational opener; plan-mode:translation_plan
6abeb159896ea18127c82888	96	516	chatter:conversational opener; plan-mode:implementation plan
6abeb159896ea18127c8288a	96	518	chatter:conversational opener; plan-mode:implementation plan
6abeb159896ea18127c8288c	96	520	chatter:conversational opener; plan-mode:implementation plan
6abeb159896ea18127c82895	96	529	chatter:conversational opener; plan-mode:implementation plan
6abeb159896ea18127c8289e	96	538	chatter:conversational opener; plan-mode:implementation plan
6abeb159896ea18127c828a4	96	544	chatter:conversational opener; plan-mode:implementation plan
6abeb159896ea18127c828a9	96	549	plan-mode:Please review
6abeb159896ea18127c828b4	96	560	chatter:conversational opener; plan-mode:implementation plan
6abeb159896ea18127c828b7	96	563	chatter:conversational opener; plan-mode:implementation plan
6abeb159896ea18127c828b8	96	564	chatter:conversational opener; plan-mode:translation_plan
6abeb1dd896ea18127c828c0	97	2	chatter:conversational opener; plan-mode:implementation plan
6abeb159896ea18127c828ba	96	566	chatter:conversational opener; plan-mode:implementation plan
6abeb1dd896ea18127c828c6	97	8	chatter:conversational opener; plan-mode:implementation plan
6abeb1dd896ea18127c828c9	97	11	chatter:conversational opener; plan-mode:implementation plan
6abeb1dd896ea18127c828cb	97	13	chatter:conversational opener; plan-mode:translation_plan
6abeb1dd896ea18127c828d4	97	22	chatter:conversational opener; plan-mode:implementation plan
6abeb1dd896ea18127c828d6	97	24	chatter:conversational opener; plan-mode:translation_plan
6abeb1dd896ea18127c828db	97	29	chatter:conversational opener; plan-mode:implementation plan
6abeb1dd896ea18127c828de	97	32	chatter:conversational opener; plan-mode:implementation plan
6abeb1dd896ea18127c828e9	97	43	chatter:conversational opener; plan-mode:translation_plan; door:collapsed
6abeb1dd896ea18127c828e8	97	42	chatter:conversational opener; plan-mode:implementation plan
6abeb1dd896ea18127c828f3	97	53	chatter:conversational opener; plan-mode:implementation plan
6abeb1dd896ea18127c828fe	97	64	chatter:conversational opener; plan-mode:implementation plan
6abeb1dd896ea18127c82908	97	74	chatter:conversational opener; plan-mode:translation_plan
6abeb1dd896ea18127c8291d	97	95	chatter:conversational opener; plan-mode:implementation plan
6abeb1dd896ea18127c82920	97	98	chatter:conversational opener; plan-mode:implementation plan
6abeb1dd896ea18127c82924	97	102	chatter:conversational opener; plan-mode:implementation plan
6abeb1dd896ea18127c82928	97	106	chatter:conversational opener; plan-mode:implementation plan
6abeb1dd896ea18127c82934	97	118	chatter:conversational opener; plan-mode:implementation plan
6abeb1dd896ea18127c82938	97	122	chatter:conversational opener; plan-mode:implementation plan
6abeb1dd896ea18127c82941	97	131	chatter:conversational opener; plan-mode:implementation plan
6abeb1dd896ea18127c82945	97	135	chatter:conversational opener; plan-mode:implementation plan
6abeb1dd896ea18127c82959	97	155	chatter:conversational opener; plan-mode:implementation plan
6abeb1dd896ea18127c8295c	97	158	chatter:conversational opener; plan-mode:implementation plan
6abeb1dd896ea18127c8295d	97	159	chatter:conversational opener; plan-mode:implementation plan
6abeb1dd896ea18127c8296a	97	172	chatter:conversational opener; plan-mode:implementation plan
6abeb1dd896ea18127c8296b	97	173	chatter:conversational opener; plan-mode:implementation plan
6abeb1dd896ea18127c8296c	97	174	chatter:conversational opener; plan-mode:implementation plan
6abeb1dd896ea18127c8296e	97	176	chatter:conversational opener; plan-mode:translation_plan
6abeb1dd896ea18127c82970	97	178	chatter:conversational opener; plan-mode:implementation plan
6abeb1dd896ea18127c82972	97	180	chatter:conversational opener; plan-mode:implementation plan
6abeb1dd896ea18127c8297b	97	189	chatter:conversational opener; plan-mode:implementation plan
6abeb1dd896ea18127c82979	97	187	chatter:conversational opener; plan-mode:implementation plan
6abeb1dd896ea18127c8297e	97	192	chatter:conversational opener; plan-mode:implementation plan
6abeb1dd896ea18127c82980	97	194	chatter:conversational opener; plan-mode:implementation plan
6abeb1dd896ea18127c82993	97	213	chatter:conversational opener; plan-mode:implementation plan
6abeb1dd896ea18127c829a6	97	232	chatter:conversational opener; plan-mode:implementation plan
6abeb1dd896ea18127c829a9	97	235	chatter:conversational opener; plan-mode:implementation plan
6abeb1dd896ea18127c829ab	97	237	chatter:conversational opener; plan-mode:implementation plan
6abeb1dd896ea18127c829ac	97	238	chatter:conversational opener; plan-mode:implementation plan
6abeb1dd896ea18127c829b2	97	244	chatter:conversational opener; plan-mode:implementation plan
6abeb1dd896ea18127c829b3	97	245	chatter:conversational opener; plan-mode:implementation plan
6abeb1dd896ea18127c829b7	97	249	chatter:conversational opener; plan-mode:implementation plan
6abeb1dd896ea18127c829ba	97	252	chatter:conversational opener; plan-mode:implementation plan
6abeb1dd896ea18127c829bf	97	257	plan-mode:Please review
6abeb1dd896ea18127c829c3	97	261	chatter:conversational opener; plan-mode:implementation plan
6abeb1dd896ea18127c829d4	97	278	chatter:conversational opener; plan-mode:implementation plan
6abeb1dd896ea18127c829e3	97	293	chatter:conversational opener; plan-mode:translation_plan
6abeb1dd896ea18127c829e4	97	294	chatter:conversational opener; plan-mode:implementation plan
6abeb1dd896ea18127c829e8	97	298	chatter:conversational opener; plan-mode:implementation plan
6abeb1dd896ea18127c829f2	97	308	chatter:conversational opener; plan-mode:implementation plan
6abeb1dd896ea18127c829f7	97	313	chatter:conversational opener; plan-mode:implementation plan
6abeb1dd896ea18127c82a00	97	322	chatter:conversational opener; plan-mode:implementation plan
6abeb1dd896ea18127c82a03	97	325	chatter:conversational opener; plan-mode:implementation plan
6abeb1dd896ea18127c82a0d	97	335	chatter:conversational opener; plan-mode:translation_plan
6abeb1dd896ea18127c82a1d	97	351	chatter:conversational opener; plan-mode:implementation plan
6abeb1dd896ea18127c82a22	97	356	chatter:conversational opener; plan-mode:implementation plan
6abeb1dd896ea18127c82a23	97	357	chatter:conversational opener; plan-mode:implementation plan
6abeb1dd896ea18127c82a29	97	363	chatter:conversational opener; plan-mode:implementation plan
6abeb1dd896ea18127c82a31	97	371	chatter:conversational opener; plan-mode:implementation plan
6abeb1dd896ea18127c82a32	97	372	chatter:conversational opener; plan-mode:implementation plan
6abeb1dd896ea18127c82a35	97	375	chatter:conversational opener; plan-mode:implementation plan
6abeb1dd896ea18127c82a3a	97	380	chatter:conversational opener; plan-mode:implementation plan
6abeb1dd896ea18127c82a3d	97	383	chatter:conversational opener; plan-mode:implementation plan
6abeb1dd896ea18127c82a40	97	386	chatter:conversational opener; plan-mode:implementation plan
6abeb1dd896ea18127c82a45	97	391	chatter:conversational opener; plan-mode:implementation plan
6abeb1dd896ea18127c82a46	97	392	chatter:conversational opener; plan-mode:implementation plan
6abeb1dd896ea18127c82a48	97	394	chatter:conversational opener; plan-mode:implementation plan
6abeb1dd896ea18127c82a49	97	395	chatter:conversational opener; plan-mode:implementation plan
6abeb1dd896ea18127c82a4a	97	396	chatter:conversational opener; plan-mode:implementation plan
6abeb1dd896ea18127c82a50	97	402	chatter:conversational opener; plan-mode:implementation plan
6abeb1dd896ea18127c82a5e	97	416	chatter:conversational opener; plan-mode:translation_plan
6abeb1dd896ea18127c82a60	97	418	chatter:conversational opener; plan-mode:implementation plan
6abeb1dd896ea18127c82a66	97	424	chatter:conversational opener; plan-mode:translation_plan
6abeb1dd896ea18127c82a71	97	435	chatter:conversational opener; plan-mode:implementation plan
6abeb1dd896ea18127c82a76	97	440	chatter:conversational opener; plan-mode:translation_plan
6abeb1dd896ea18127c82a78	97	442	chatter:conversational opener; plan-mode:implementation plan
6abeb1dd896ea18127c82a7b	97	445	chatter:conversational opener; plan-mode:implementation plan
6abeb1dd896ea18127c82a7f	97	449	chatter:conversational opener; plan-mode:implementation plan
6abeb1dd896ea18127c82a81	97	451	chatter:conversational opener; plan-mode:implementation plan
6abeb1dd896ea18127c82a83	97	453	chatter:conversational opener; plan-mode:translation_plan
6abeb1dd896ea18127c82a91	97	467	chatter:conversational opener; plan-mode:implementation plan
6abeb1dd896ea18127c82a98	97	474	chatter:conversational opener; plan-mode:implementation plan
6abeb1dd896ea18127c82aa9	97	491	chatter:conversational opener; plan-mode:implementation plan
6abeb1dd896ea18127c82aaf	97	497	chatter:conversational opener; plan-mode:implementation plan
6abeb1dd896ea18127c82ab6	97	504	chatter:conversational opener; plan-mode:implementation plan
6abeb1dd896ea18127c82abb	97	509	chatter:conversational opener; plan-mode:implementation plan
6abeb1dd896ea18127c82ac5	97	519	chatter:conversational opener; plan-mode:implementation plan
6abeb1dd896ea18127c82acc	97	526	chatter:conversational opener; plan-mode:implementation plan
6abeb1dd896ea18127c82aca	97	524	chatter:conversational opener; plan-mode:translation_plan
6abeb1dd896ea18127c82ad4	97	534	chatter:conversational opener; plan-mode:translation_plan
6abeb1dd896ea18127c82ad7	97	537	chatter:conversational opener; plan-mode:implementation plan
6abeb1dd896ea18127c82ad9	97	539	chatter:conversational opener; plan-mode:implementation plan
6abeb1dd896ea18127c82aec	97	558	chatter:conversational opener; plan-mode:implementation plan
6abeb20c896ea18127c82b04	98	1	chatter:conversational opener; plan-mode:implementation plan
6abeb20c896ea18127c82b09	98	6	chatter:conversational opener; plan-mode:implementation plan
6abeb20c896ea18127c82b0d	98	10	chatter:conversational opener; plan-mode:implementation plan
6abeb20c896ea18127c82b0e	98	11	chatter:conversational opener; plan-mode:implementation plan
6abeb20c896ea18127c82b1f	98	28	chatter:conversational opener; plan-mode:implementation plan
6abeb20c896ea18127c82b29	98	38	chatter:conversational opener; plan-mode:implementation plan
6abeb20c896ea18127c82b3e	98	59	reasoning-leak:reasoning:the prompt specifies; plan-mode:Output contract; door:reasoning-leak
6abeb20c896ea18127c82b4a	98	71	chatter:conversational opener; plan-mode:implementation plan
6abeb20c896ea18127c82b4e	98	75	chatter:conversational opener; plan-mode:implementation plan
6abeb20c896ea18127c82b52	98	79	chatter:conversational opener; plan-mode:implementation plan
6abeb20c896ea18127c82b56	98	83	chatter:conversational opener; plan-mode:implementation plan
6abeb20c896ea18127c82b5c	98	89	chatter:conversational opener; plan-mode:implementation plan
6abeb20c896ea18127c82b5e	98	91	chatter:conversational opener; plan-mode:implementation plan
6abeb20c896ea18127c82b6e	98	107	chatter:conversational opener; plan-mode:implementation plan
6abeb20c896ea18127c82b77	98	116	chatter:conversational opener; plan-mode:implementation plan
6abeb20c896ea18127c82b81	98	126	chatter:conversational opener; plan-mode:Please review
6abeb20c896ea18127c82b89	98	134	chatter:conversational opener; plan-mode:translation_plan
6abeb20c896ea18127c82b92	98	143	chatter:conversational opener; plan-mode:implementation plan
6abeb20c896ea18127c82b96	98	147	chatter:conversational opener; plan-mode:translation_plan
6abeb20c896ea18127c82b99	98	150	chatter:conversational opener; plan-mode:implementation plan
6abeb20c896ea18127c82b9e	98	155	chatter:conversational opener; plan-mode:translation_plan
6abeb20c896ea18127c82ba7	98	164	chatter:conversational opener; plan-mode:implementation plan
6abeb20c896ea18127c82baa	98	167	chatter:conversational opener; plan-mode:implementation plan
6abeb20c896ea18127c82bb8	98	181	chatter:conversational opener; plan-mode:implementation plan
6abeb20c896ea18127c82bbb	98	184	chatter:conversational opener; plan-mode:implementation plan
6abeb20c896ea18127c82bc1	98	190	chatter:conversational opener; plan-mode:implementation plan
6abeb20c896ea18127c82bc3	98	192	chatter:conversational opener; plan-mode:implementation plan
6abeb20c896ea18127c82bea	98	231	chatter:conversational opener; plan-mode:implementation plan
6abeb20c896ea18127c82beb	98	232	chatter:conversational opener; plan-mode:plan.md
6abeb20c896ea18127c82bef	98	236	chatter:conversational opener; plan-mode:implementation plan
6abeb20c896ea18127c82bf6	98	243	chatter:conversational opener; plan-mode:implementation plan
6abeb20c896ea18127c82bf5	98	242	chatter:conversational opener; plan-mode:implementation plan
6abeb20c896ea18127c82c0a	98	263	chatter:conversational opener; plan-mode:translation_plan
6abeb20c896ea18127c82c12	98	271	chatter:conversational opener; plan-mode:implementation plan
6abeb20c896ea18127c82c17	98	276	chatter:conversational opener; plan-mode:output contract
6abeb20c896ea18127c82c18	98	277	chatter:conversational opener; plan-mode:implementation plan
6abeb20c896ea18127c82c19	98	278	chatter:conversational opener; plan-mode:translation_plan
6abeb20c896ea18127c82c1e	98	283	chatter:conversational opener; plan-mode:implementation plan
6abeb20c896ea18127c82c1f	98	284	chatter:conversational opener; plan-mode:implementation plan
6abeb20c896ea18127c82c22	98	287	chatter:conversational opener; plan-mode:implementation plan
6abeb20c896ea18127c82c2d	98	298	chatter:conversational opener; plan-mode:implementation plan
6abeb20c896ea18127c82c2b	98	296	chatter:conversational opener; plan-mode:implementation plan
6abeb20c896ea18127c82c2e	98	299	chatter:conversational opener; plan-mode:implementation plan; door:collapsed
6abeb20c896ea18127c82c45	98	322	chatter:conversational opener; plan-mode:implementation plan
6abeb20c896ea18127c82c50	98	333	chatter:conversational opener; plan-mode:implementation plan
6abeb20c896ea18127c82c52	98	335	chatter:conversational opener; plan-mode:implementation plan
6abeb20c896ea18127c82c61	98	350	chatter:conversational opener; plan-mode:implementation plan
6abeb20c896ea18127c82c62	98	351	chatter:conversational opener; plan-mode:implementation plan
6abeb20c896ea18127c82c6d	98	362	chatter:conversational opener; plan-mode:implementation plan
6abeb20c896ea18127c82c6c	98	361	chatter:conversational opener; plan-mode:implementation plan
6abeb20c896ea18127c82c74	98	369	chatter:conversational opener; plan-mode:translation_plan
6abeb20c896ea18127c82c75	98	370	chatter:conversational opener; plan-mode:implementation plan
6abeb20c896ea18127c82c78	98	373	chatter:conversational opener; plan-mode:implementation plan
6abeb20c896ea18127c82c80	98	381	chatter:conversational opener; plan-mode:translation_plan
6abeb20c896ea18127c82c8b	98	392	chatter:conversational opener; plan-mode:implementation plan
6abeb20c896ea18127c82c8d	98	394	chatter:conversational opener; plan-mode:implementation plan
6abeb20c896ea18127c82c91	98	398	chatter:conversational opener; plan-mode:plan.md
6abeb20c896ea18127c82c94	98	401	chatter:conversational opener; plan-mode:translation_plan
6abeb20c896ea18127c82c99	98	406	chatter:conversational opener; plan-mode:implementation plan
6abeb20c896ea18127c82ca2	98	415	chatter:conversational opener; plan-mode:implementation plan
6abeb20c896ea18127c82ca5	98	418	chatter:conversational opener; plan-mode:implementation plan
6abeb20c896ea18127c82ca6	98	419	chatter:conversational opener; plan-mode:implementation plan
6abeb20c896ea18127c82caf	98	428	chatter:conversational opener; plan-mode:implementation plan
6abeb20c896ea18127c82cb0	98	429	chatter:conversational opener; plan-mode:implementation plan
6abeb20c896ea18127c82cb7	98	436	chatter:conversational opener; plan-mode:implementation plan
6abeb20c896ea18127c82cc8	98	453	chatter:conversational opener; plan-mode:implementation plan
6abeb20c896ea18127c82cca	98	455	chatter:conversational opener; plan-mode:implementation plan
6abeb20c896ea18127c82ccb	98	456	chatter:conversational opener; plan-mode:implementation plan
6abeb20c896ea18127c82cd2	98	463	chatter:conversational opener; plan-mode:translation_plan
6abeb20c896ea18127c82cd7	98	468	chatter:conversational opener; plan-mode:implementation plan
6abeb20c896ea18127c82cdb	98	472	chatter:conversational opener; plan-mode:implementation plan
6abeb20c896ea18127c82ce6	98	483	chatter:conversational opener; plan-mode:implementation plan
6abeb20c896ea18127c82ceb	98	488	chatter:conversational opener; plan-mode:implementation plan
6abeb20c896ea18127c82cf7	98	500	chatter:conversational opener; plan-mode:implementation plan
6abeb20c896ea18127c82cfa	98	503	chatter:conversational opener; plan-mode:implementation plan
6abeb20c896ea18127c82d07	98	516	chatter:conversational opener; plan-mode:implementation plan
6abeb20c896ea18127c82d0a	98	519	chatter:conversational opener; plan-mode:implementation plan
6abeb20c896ea18127c82d10	98	525	chatter:conversational opener; plan-mode:implementation plan
6abeb20c896ea18127c82d16	98	531	chatter:conversational opener; plan-mode:implementation plan
6abeb20c896ea18127c82d19	98	534	chatter:conversational opener; plan-mode:implementation plan
6abeb20c896ea18127c82d21	98	542	chatter:conversational opener; plan-mode:implementation plan
6abeb20c896ea18127c82d26	98	547	chatter:conversational opener; plan-mode:implementation plan
6abeb20c896ea18127c82d30	98	557	chatter:conversational opener; plan-mode:implementation plan
6abeb20c896ea18127c82d36	98	563	chatter:conversational opener; plan-mode:implementation plan
6abeb20c896ea18127c82d3c	98	569	chatter:conversational opener; plan-mode:implementation plan
6abeb20c896ea18127c82d3f	98	572	chatter:conversational opener; plan-mode:implementation plan
6abeb20c896ea18127c82d54	98	593	chatter:conversational opener; plan-mode:implementation plan
6abeb20c896ea18127c82d5f	98	604	chatter:conversational opener; plan-mode:implementation plan
6abeb20c896ea18127c82d68	98	613	chatter:conversational opener; plan-mode:implementation plan
6abeb20c896ea18127c82d6e	98	619	chatter:conversational opener; plan-mode:implementation plan
6abeb20c896ea18127c82d78	98	629	plan-mode:output contract
6abeb20c896ea18127c82d80	98	637	chatter:conversational opener; plan-mode:implementation plan
6abeb20c896ea18127c82d7f	98	636	chatter:conversational opener; plan-mode:translation_plan; door:collapsed
6abeb20c896ea18127c82d89	98	646	chatter:conversational opener; plan-mode:implementation plan
6abeb20c896ea18127c82d93	98	656	chatter:conversational opener; plan-mode:implementation plan
6abeb20c896ea18127c82d94	98	657	chatter:conversational opener; plan-mode:implementation plan
6abeb247896ea18127c82da4	99	11	chatter:conversational opener; plan-mode:implementation plan
6abeb247896ea18127c82da6	99	13	chatter:conversational opener; plan-mode:translation_plan
6abeb247896ea18127c82dac	99	19	chatter:conversational opener; plan-mode:translation_plan
6abeb247896ea18127c82db4	99	27	chatter:conversational opener; plan-mode:implementation plan
6abeb247896ea18127c82dc0	99	39	chatter:conversational opener; plan-mode:translation_plan
6abeb247896ea18127c82dd5	99	60	chatter:conversational opener; plan-mode:implementation plan
6abeb247896ea18127c82dd9	99	64	chatter:conversational opener; plan-mode:implementation plan
6abeb247896ea18127c82dda	99	65	plan-mode:output contract; door:runaway
6abeb247896ea18127c82ddb	99	66	chatter:conversational opener; plan-mode:implementation plan
6abeb247896ea18127c82ddf	99	70	chatter:conversational opener; plan-mode:implementation plan
6abeb247896ea18127c82de1	99	72	chatter:conversational opener; plan-mode:translation_plan
6abeb247896ea18127c82de6	99	77	chatter:conversational opener; plan-mode:implementation plan
6abeb247896ea18127c82df5	99	92	chatter:conversational opener; plan-mode:implementation plan
6abeb247896ea18127c82df8	99	95	chatter:conversational opener; plan-mode:implementation plan
6abeb247896ea18127c82e15	99	124	chatter:conversational opener; plan-mode:implementation plan
6abeb247896ea18127c82e1e	99	133	chatter:conversational opener; plan-mode:implementation plan
6abeb247896ea18127c82e22	99	137	chatter:conversational opener; plan-mode:implementation plan
6abeb247896ea18127c82e25	99	140	chatter:conversational opener; plan-mode:translation_plan
6abeb247896ea18127c82e36	99	157	chatter:conversational opener; plan-mode:implementation plan
6abeb247896ea18127c82e4e	99	181	chatter:conversational opener; plan-mode:implementation plan
6abeb247896ea18127c82e55	99	188	chatter:conversational opener; plan-mode:implementation plan
6abeb247896ea18127c82e5b	99	194	chatter:conversational opener; plan-mode:implementation plan
6abeb247896ea18127c82e5f	99	198	chatter:conversational opener; plan-mode:implementation plan
6abeb247896ea18127c82e60	99	199	chatter:conversational opener; plan-mode:implementation plan; door:collapsed
6abeb247896ea18127c82e65	99	204	chatter:conversational opener; plan-mode:implementation plan
6abeb247896ea18127c82e67	99	206	chatter:conversational opener; plan-mode:implementation plan
6abeb247896ea18127c82e68	99	207	reasoning-leak:reasoning:The prompt specifies; plan-mode:output contract; door:reasoning-leak
6abeb247896ea18127c82e6b	99	210	chatter:conversational opener; plan-mode:implementation plan
6abeb247896ea18127c82e69	99	208	chatter:conversational opener; plan-mode:implementation plan
6abeb247896ea18127c82e73	99	218	chatter:conversational opener; plan-mode:implementation plan
6abeb247896ea18127c82e77	99	222	chatter:conversational opener; plan-mode:implementation plan
6abeb247896ea18127c82e7c	99	227	chatter:conversational opener; plan-mode:translation_plan
6abeb247896ea18127c82e81	99	232	chatter:conversational opener; plan-mode:implementation plan
6abeb247896ea18127c82e89	99	240	chatter:conversational opener; plan-mode:implementation plan
6abeb247896ea18127c82e9c	99	259	chatter:conversational opener; plan-mode:implementation plan
6abeb247896ea18127c82ea3	99	266	chatter:conversational opener; plan-mode:implementation plan
6abeb247896ea18127c82ebc	99	291	chatter:conversational opener; plan-mode:implementation plan
6abeb247896ea18127c82ebd	99	292	chatter:conversational opener; plan-mode:implementation plan
6abeb247896ea18127c82ebe	99	293	plan-mode:Output contract; door:runaway
6abeb247896ea18127c82ec8	99	303	chatter:conversational opener; plan-mode:implementation plan
6abeb247896ea18127c82ed2	99	313	chatter:conversational opener; plan-mode:implementation plan
6abeb247896ea18127c82eda	99	321	chatter:conversational opener; plan-mode:output contract
6abeb247896ea18127c82edb	99	322	chatter:conversational opener; plan-mode:implementation plan
6abeb247896ea18127c82edf	99	326	chatter:conversational opener; plan-mode:implementation plan
6abeb247896ea18127c82ee2	99	329	chatter:conversational opener; plan-mode:implementation plan
6abeb247896ea18127c82ee3	99	330	chatter:conversational opener; plan-mode:implementation plan
6abeb247896ea18127c82ee6	99	333	chatter:conversational opener; plan-mode:implementation plan
6abeb247896ea18127c82ee5	99	332	chatter:conversational opener; plan-mode:implementation plan; door:collapsed
6abeb247896ea18127c82ef1	99	344	chatter:conversational opener; plan-mode:implementation plan
6abeb247896ea18127c82ef2	99	345	chatter:conversational opener; plan-mode:implementation plan
6abeb247896ea18127c82efe	99	357	chatter:conversational opener; plan-mode:implementation plan
6abeb247896ea18127c82f05	99	364	chatter:conversational opener; plan-mode:implementation plan
6abeb247896ea18127c82f07	99	366	chatter:conversational opener; plan-mode:implementation plan
6abeb247896ea18127c82f0d	99	372	chatter:conversational opener; plan-mode:implementation plan
6abeb247896ea18127c82f12	99	377	chatter:conversational opener; plan-mode:implementation plan
6abeb247896ea18127c82f33	99	410	chatter:conversational opener; plan-mode:translation_plan
6abeb247896ea18127c82f48	99	431	chatter:conversational opener; plan-mode:implementation plan
6abeb247896ea18127c82f50	99	439	chatter:conversational opener; plan-mode:implementation plan
6abeb247896ea18127c82f6e	99	469	chatter:conversational opener; plan-mode:implementation plan
6abeb247896ea18127c82f70	99	471	chatter:conversational opener; plan-mode:implementation plan
6abeb247896ea18127c82f71	99	472	chatter:conversational opener; plan-mode:implementation plan
6abeb247896ea18127c82f77	99	478	chatter:conversational opener; plan-mode:implementation plan
6abeb247896ea18127c82f85	99	492	chatter:conversational opener; plan-mode:implementation plan
6abeb247896ea18127c82f87	99	494	chatter:conversational opener; plan-mode:implementation plan
6abeb247896ea18127c82f9a	99	513	chatter:conversational opener; plan-mode:implementation plan
6abeb247896ea18127c82f9b	99	514	chatter:conversational opener; plan-mode:implementation plan
6abeb247896ea18127c82f9f	99	518	chatter:conversational opener; plan-mode:implementation plan
6abeb247896ea18127c82fa0	99	519	chatter:conversational opener; plan-mode:implementation plan
6abeb247896ea18127c82fa5	99	524	chatter:conversational opener; plan-mode:implementation plan
6abeb247896ea18127c82fb1	99	536	chatter:conversational opener; plan-mode:implementation plan
6abeb247896ea18127c82fc0	99	551	chatter:conversational opener; plan-mode:implementation plan
6abeb247896ea18127c82fce	99	565	chatter:conversational opener; plan-mode:implementation plan
6abeb247896ea18127c82fd0	99	567	chatter:conversational opener; plan-mode:implementation plan
6abeb247896ea18127c82fd2	99	569	chatter:conversational opener; plan-mode:implementation plan
6abeb289896ea18127c82fda	100	1	door:runaway
6abeb289896ea18127c82fe4	100	11	chatter:conversational opener; plan-mode:implementation plan
6abeb289896ea18127c82fec	100	19	chatter:conversational opener; plan-mode:implementation plan
6abeb289896ea18127c82ff5	100	28	chatter:conversational opener; plan-mode:implementation plan
6abeb289896ea18127c82ffc	100	35	chatter:conversational opener; plan-mode:implementation plan
6abeb289896ea18127c83003	100	42	chatter:conversational opener; plan-mode:implementation plan
6abeb289896ea18127c83006	100	45	chatter:conversational opener; plan-mode:implementation plan
6abeb289896ea18127c8300e	100	53	chatter:conversational opener; plan-mode:implementation plan
6abeb289896ea18127c83010	100	55	chatter:conversational opener; plan-mode:implementation plan
6abeb289896ea18127c83015	100	60	chatter:conversational opener; plan-mode:implementation plan
6abeb289896ea18127c83028	100	79	chatter:conversational opener; plan-mode:implementation plan
6abeb289896ea18127c8302f	100	86	chatter:conversational opener; plan-mode:translation_plan
6abeb289896ea18127c83039	100	96	chatter:conversational opener; plan-mode:implementation plan
6abeb289896ea18127c83040	100	103	chatter:conversational opener; plan-mode:implementation plan
6abeb289896ea18127c83042	100	105	chatter:conversational opener; plan-mode:implementation plan
6abeb289896ea18127c83044	100	107	chatter:conversational opener; plan-mode:implementation plan
6abeb289896ea18127c8304b	100	114	chatter:conversational opener; plan-mode:implementation plan
6abeb289896ea18127c8304c	100	115	chatter:conversational opener; plan-mode:implementation plan
6abeb289896ea18127c83055	100	124	chatter:conversational opener; plan-mode:implementation plan
6abeb289896ea18127c8305b	100	130	chatter:conversational opener; plan-mode:implementation plan
6abeb289896ea18127c8305c	100	131	chatter:conversational opener; plan-mode:implementation plan
6abeb289896ea18127c83061	100	136	chatter:conversational opener; plan-mode:implementation plan
6abeb289896ea18127c83062	100	137	chatter:conversational opener; plan-mode:implementation plan
6abeb289896ea18127c83065	100	140	chatter:conversational opener; plan-mode:translation_plan
6abeb289896ea18127c8306e	100	149	chatter:conversational opener; plan-mode:implementation plan
6abeb289896ea18127c83078	100	159	chatter:conversational opener; plan-mode:implementation plan
6abeb289896ea18127c83097	100	190	chatter:conversational opener; plan-mode:implementation plan
6abeb289896ea18127c830a6	100	205	chatter:conversational opener; plan-mode:implementation plan
6abeb289896ea18127c830b9	100	224	chatter:conversational opener; plan-mode:implementation plan
6abeb289896ea18127c830ba	100	225	chatter:conversational opener; plan-mode:implementation plan
6abeb289896ea18127c830c1	100	232	chatter:conversational opener; plan-mode:translation_plan
6abeb289896ea18127c830c6	100	237	chatter:conversational opener; plan-mode:implementation plan
6abeb289896ea18127c830cc	100	243	chatter:conversational opener; plan-mode:implementation plan
6abeb289896ea18127c830cb	100	242	chatter:conversational opener; plan-mode:implementation plan
6abeb289896ea18127c830cf	100	246	chatter:conversational opener; plan-mode:translation_plan
6abeb289896ea18127c830ea	100	273	chatter:conversational opener; plan-mode:implementation plan
6abeb289896ea18127c830f2	100	281	chatter:conversational opener; plan-mode:implementation plan; door:collapsed
6abeb289896ea18127c830fa	100	289	chatter:conversational opener; plan-mode:implementation plan
6abeb289896ea18127c8310e	100	309	chatter:conversational opener; plan-mode:implementation plan
6abeb289896ea18127c8311b	100	322	chatter:conversational opener; plan-mode:implementation plan
6abeb289896ea18127c8311e	100	325	chatter:conversational opener; plan-mode:implementation plan
6abeb289896ea18127c8311f	100	326	chatter:conversational opener; plan-mode:implementation plan
6abeb289896ea18127c83125	100	332	chatter:conversational opener; plan-mode:implementation plan
6abeb289896ea18127c8312c	100	339	chatter:conversational opener; plan-mode:implementation plan
6abeb289896ea18127c83134	100	347	chatter:conversational opener; plan-mode:implementation plan
6abeb289896ea18127c83135	100	348	chatter:conversational opener; plan-mode:implementation plan
6abeb289896ea18127c83139	100	352	chatter:conversational opener; plan-mode:translation_plan
6abeb289896ea18127c83145	100	364	chatter:conversational opener; plan-mode:implementation plan
6abeb289896ea18127c83148	100	367	chatter:conversational opener; plan-mode:implementation plan
6abeb289896ea18127c8314b	100	370	chatter:conversational opener; plan-mode:implementation plan
6abeb289896ea18127c8314c	100	371	chatter:conversational opener; plan-mode:translation_plan
6abeb289896ea18127c8314e	100	373	chatter:conversational opener; plan-mode:implementation plan
6abeb289896ea18127c8314f	100	374	chatter:conversational opener; plan-mode:implementation plan
6abeb289896ea18127c83157	100	382	chatter:conversational opener; plan-mode:implementation plan
6abeb289896ea18127c83162	100	393	chatter:conversational opener; plan-mode:implementation plan
6abeb289896ea18127c8316d	100	404	chatter:conversational opener; plan-mode:implementation plan
6abeb289896ea18127c83176	100	413	chatter:conversational opener; plan-mode:implementation plan
6abeb289896ea18127c83180	100	423	chatter:conversational opener; plan-mode:implementation plan
6abeb289896ea18127c83189	100	432	chatter:conversational opener; plan-mode:implementation plan
6abeb289896ea18127c8318d	100	436	chatter:conversational opener; plan-mode:implementation plan
6abeb289896ea18127c83192	100	441	chatter:conversational opener; plan-mode:implementation plan
6abeb289896ea18127c8319a	100	449	chatter:conversational opener; plan-mode:implementation plan
6abeb289896ea18127c8319d	100	452	chatter:conversational opener; plan-mode:implementation plan
6abeb289896ea18127c8319e	100	453	chatter:conversational opener; plan-mode:implementation plan
6abeb289896ea18127c831a5	100	460	chatter:conversational opener; plan-mode:implementation plan
6abeb289896ea18127c831bf	100	486	chatter:conversational opener; plan-mode:implementation plan
6abeb289896ea18127c831c4	100	491	chatter:conversational opener; plan-mode:translation_plan
6abeb289896ea18127c831cf	100	502	chatter:conversational opener; plan-mode:implementation plan
6abeb289896ea18127c831dd	100	516	chatter:conversational opener; plan-mode:implementation plan
6abeb289896ea18127c831de	100	517	chatter:conversational opener; plan-mode:implementation plan
6abeb289896ea18127c831df	100	518	chatter:conversational opener; plan-mode:plan.md
6abeb289896ea18127c831f7	100	542	chatter:conversational opener; plan-mode:implementation plan
6abeb289896ea18127c831fa	100	545	chatter:conversational opener; plan-mode:implementation plan
6abeb289896ea18127c83203	100	554	chatter:conversational opener; plan-mode:implementation plan
6abeb289896ea18127c83214	100	571	chatter:conversational opener; plan-mode:implementation plan
6abeb289896ea18127c8321b	100	578	chatter:conversational opener; plan-mode:implementation plan
6abeb289896ea18127c8321e	100	581	chatter:conversational opener; plan-mode:translation_plan
6abeb289896ea18127c83225	100	588	chatter:conversational opener; plan-mode:implementation plan
6abeb289896ea18127c83233	100	602	chatter:conversational opener; plan-mode:implementation plan
6abeb289896ea18127c83238	100	607	plan-mode:output contract
6abeb289896ea18127c83236	100	605	chatter:conversational opener; plan-mode:implementation plan
6abeb289896ea18127c8323a	100	609	chatter:conversational opener; plan-mode:implementation plan
6abeb289896ea18127c8323b	100	610	chatter:conversational opener; plan-mode:implementation plan
6abeb289896ea18127c83245	100	620	chatter:conversational opener; plan-mode:implementation plan
6abeb289896ea18127c83258	100	639	chatter:conversational opener; plan-mode:implementation plan
6abeb289896ea18127c8325c	100	643	chatter:conversational opener; plan-mode:translation_plan
6abeb289896ea18127c8325f	100	646	chatter:conversational opener; plan-mode:implementation plan
6abeb289896ea18127c8326d	100	660	chatter:conversational opener; plan-mode:implementation plan
6abeb289896ea18127c83277	100	670	chatter:conversational opener; plan-mode:translation_plan
6abeb2b4896ea18127c8328a	101	11	chatter:conversational opener; plan-mode:translation_plan
6abeb2b4896ea18127c8329a	101	27	chatter:conversational opener; plan-mode:implementation plan
6abeb2b4896ea18127c832c3	101	68	chatter:conversational opener; plan-mode:translation_plan
6abeb2b4896ea18127c832ce	101	79	chatter:conversational opener; plan-mode:implementation plan
6abeb2b4896ea18127c832d4	101	85	chatter:conversational opener; plan-mode:implementation plan
6abeb2b4896ea18127c832d5	101	86	chatter:conversational opener; plan-mode:implementation plan
6abeb2b4896ea18127c832d6	101	87	chatter:conversational opener; plan-mode:implementation plan
6abeb2b4896ea18127c832d9	101	90	chatter:conversational opener; plan-mode:implementation plan
6abeb2b4896ea18127c832e5	101	102	chatter:conversational opener; plan-mode:implementation plan
6abeb2b4896ea18127c832eb	101	108	chatter:conversational opener; plan-mode:implementation plan
6abeb2b4896ea18127c832f0	101	113	chatter:conversational opener; plan-mode:implementation plan
6abeb2b4896ea18127c832f6	101	119	chatter:conversational opener; plan-mode:translation_plan
6abeb2b4896ea18127c832f7	101	120	chatter:conversational opener; plan-mode:implementation plan
6abeb2b4896ea18127c832fc	101	125	chatter:conversational opener; plan-mode:translation_plan
6abeb2b4896ea18127c83303	101	132	chatter:conversational opener; plan-mode:implementation plan
6abeb2b4896ea18127c83308	101	137	chatter:conversational opener; plan-mode:implementation plan
6abeb2b4896ea18127c8330a	101	139	chatter:conversational opener; plan-mode:implementation plan
6abeb2b4896ea18127c8331e	101	159	chatter:conversational opener; plan-mode:implementation plan
6abeb2b4896ea18127c83326	101	167	chatter:conversational opener; plan-mode:implementation plan
6abeb2b4896ea18127c8332b	101	172	chatter:conversational opener; plan-mode:implementation plan; door:collapsed
6abeb2b4896ea18127c83335	101	182	chatter:conversational opener; plan-mode:implementation plan
6abeb2b4896ea18127c83343	101	196	chatter:conversational opener; plan-mode:implementation plan
6abeb2b4896ea18127c8334b	101	204	chatter:conversational opener; plan-mode:translation_plan
6abeb2b4896ea18127c8334c	101	205	chatter:conversational opener; plan-mode:implementation plan
6abeb2b4896ea18127c8334d	101	206	chatter:conversational opener; plan-mode:implementation plan
6abeb2b4896ea18127c83352	101	211	chatter:conversational opener; plan-mode:implementation plan
6abeb2b4896ea18127c83353	101	212	chatter:conversational opener; plan-mode:implementation plan
6abeb2b4896ea18127c83361	101	226	chatter:conversational opener; plan-mode:translation_plan
6abeb2b4896ea18127c83366	101	231	chatter:conversational opener; plan-mode:implementation plan
6abeb2b4896ea18127c8336c	101	237	chatter:conversational opener; plan-mode:implementation plan
6abeb2b4896ea18127c8336d	101	238	chatter:conversational opener; plan-mode:implementation plan
6abeb2b4896ea18127c83371	101	242	chatter:conversational opener; plan-mode:implementation plan
6abeb2b4896ea18127c83376	101	247	chatter:conversational opener; plan-mode:implementation plan
6abeb2b4896ea18127c83378	101	249	chatter:conversational opener; plan-mode:implementation plan
6abeb2b4896ea18127c8337d	101	254	chatter:conversational opener; plan-mode:translation_plan
6abeb2b4896ea18127c83380	101	257	chatter:conversational opener; plan-mode:implementation plan
6abeb2b4896ea18127c8337f	101	256	chatter:conversational opener; plan-mode:implementation plan
6abeb2b4896ea18127c83381	101	258	chatter:conversational opener; plan-mode:implementation plan
6abeb2b4896ea18127c83383	101	260	chatter:conversational opener; plan-mode:implementation plan
6abeb2b4896ea18127c83388	101	265	chatter:conversational opener; plan-mode:implementation plan
6abeb2b4896ea18127c8338e	101	271	reasoning-leak:reasoning:I will output the final translation adhering strictly to the; chatter:conversational opener; plan-mode:translation_plan; door:reasoning-leak
6abeb2b4896ea18127c83393	101	276	chatter:conversational opener; plan-mode:implementation plan
6abeb2b4896ea18127c83395	101	278	chatter:conversational opener; plan-mode:implementation plan
6abeb2b4896ea18127c8339c	101	285	chatter:conversational opener; plan-mode:implementation plan
6abeb2b4896ea18127c833a3	101	292	chatter:conversational opener; plan-mode:implementation plan
6abeb2b4896ea18127c833a4	101	293	chatter:conversational opener; plan-mode:implementation plan
6abeb2b4896ea18127c833ad	101	302	chatter:conversational opener; plan-mode:implementation plan
6abeb2b4896ea18127c833b6	101	311	chatter:conversational opener; plan-mode:implementation plan
6abeb2b4896ea18127c833bd	101	318	chatter:conversational opener; plan-mode:implementation plan
6abeb2b4896ea18127c833c5	101	326	chatter:conversational opener; plan-mode:implementation plan
6abeb2b4896ea18127c833c7	101	328	chatter:conversational opener; plan-mode:implementation plan; door:collapsed
6abeb2b4896ea18127c833ca	101	331	chatter:conversational opener; plan-mode:implementation plan
6abeb2b4896ea18127c833d0	101	337	chatter:conversational opener; plan-mode:implementation plan
6abeb2b4896ea18127c833e4	101	357	chatter:conversational opener; plan-mode:implementation plan
6abeb2b4896ea18127c833f3	101	372	chatter:conversational opener; plan-mode:implementation plan
6abeb2b4896ea18127c833ff	101	384	chatter:conversational opener; plan-mode:implementation plan
6abeb2b4896ea18127c8340f	101	400	chatter:conversational opener; plan-mode:implementation plan
6abeb2b4896ea18127c83418	101	409	chatter:conversational opener; plan-mode:implementation plan
6abeb2b4896ea18127c83417	101	408	chatter:conversational opener; plan-mode:implementation plan
6abeb2b4896ea18127c83423	101	420	chatter:conversational opener; plan-mode:implementation plan
6abeb2b4896ea18127c83424	101	421	chatter:conversational opener; plan-mode:implementation plan
6abeb2b4896ea18127c83425	101	422	chatter:conversational opener; plan-mode:translation_plan
6abeb2b4896ea18127c83439	101	442	chatter:conversational opener; plan-mode:implementation plan
6abeb2b4896ea18127c83438	101	441	chatter:conversational opener; plan-mode:translation_plan
6abeb2b4896ea18127c8343b	101	444	chatter:conversational opener; plan-mode:translation_plan
6abeb2b4896ea18127c8344d	101	462	plan-mode:output contract
6abeb2b4896ea18127c83455	101	470	chatter:conversational opener; plan-mode:translation_plan
6abeb2b4896ea18127c8345c	101	477	chatter:conversational opener; plan-mode:implementation plan
6abeb2b4896ea18127c8345d	101	478	chatter:conversational opener; plan-mode:implementation plan
6abeb2b4896ea18127c83466	101	487	chatter:conversational opener; plan-mode:implementation plan
6abeb2b4896ea18127c83468	101	489	chatter:conversational opener; plan-mode:implementation plan
6abeb2b4896ea18127c8346e	101	495	chatter:conversational opener; plan-mode:implementation plan
6abeb2b4896ea18127c83474	101	501	chatter:conversational opener; plan-mode:implementation plan
6abeb2b4896ea18127c83477	101	504	chatter:conversational opener; plan-mode:implementation plan
6abeb2b4896ea18127c8347b	101	508	chatter:conversational opener; plan-mode:implementation plan
6abeb2b4896ea18127c8347e	101	511	chatter:conversational opener; plan-mode:translation_plan
6abeb2b4896ea18127c83487	101	520	chatter:conversational opener; plan-mode:implementation plan
6abeb2b4896ea18127c8348c	101	525	chatter:conversational opener; plan-mode:implementation plan
6abeb2b4896ea18127c8348f	101	528	chatter:conversational opener; plan-mode:implementation plan
6abeb2b4896ea18127c83494	101	533	chatter:conversational opener; plan-mode:implementation plan
6abeb2b4896ea18127c8349e	101	543	chatter:conversational opener; plan-mode:translation_plan
6abeb2b4896ea18127c834a8	101	553	chatter:conversational opener; plan-mode:translation_plan
6abeb2b4896ea18127c834ba	101	571	chatter:conversational opener; plan-mode:implementation plan
6abeb2b4896ea18127c834bb	101	572	chatter:conversational opener; plan-mode:implementation plan
6abeb2b4896ea18127c834cb	101	588	chatter:conversational opener; plan-mode:implementation plan
6abeb2b4896ea18127c834cc	101	589	chatter:conversational opener; plan-mode:implementation plan
6abeb2b4896ea18127c834d0	101	593	chatter:conversational opener; plan-mode:implementation plan
6abeb2b4896ea18127c834db	101	604	chatter:conversational opener; plan-mode:implementation plan
6abeb2b4896ea18127c834e0	101	609	chatter:conversational opener; plan-mode:implementation plan
6abeb2b4896ea18127c834df	101	608	chatter:conversational opener; plan-mode:implementation plan
6abeb2b4896ea18127c834e2	101	611	chatter:conversational opener; plan-mode:implementation plan
6abeb2b4896ea18127c834ec	101	621	chatter:conversational opener; plan-mode:translation_plan
6abeb2b4896ea18127c834f6	101	631	chatter:conversational opener; plan-mode:translation_plan
6abeb2b4896ea18127c834f9	101	634	chatter:conversational opener; plan-mode:implementation plan
6abeb2b4896ea18127c834fb	101	636	chatter:conversational opener; plan-mode:implementation plan
6abeb2b4896ea18127c83502	101	643	chatter:conversational opener; plan-mode:translation_plan; door:collapsed
6abeb2b4896ea18127c83513	101	660	chatter:conversational opener; plan-mode:translation_plan
6abeb2b4896ea18127c83519	101	666	chatter:conversational opener; plan-mode:implementation plan
6abeb2b4896ea18127c8351b	101	668	chatter:conversational opener; plan-mode:translation_plan
6abeb2b4896ea18127c8351e	101	671	chatter:conversational opener; plan-mode:implementation plan
6abeb2b4896ea18127c83522	101	675	chatter:conversational opener; plan-mode:implementation plan
6abeb2b4896ea18127c83525	101	678	chatter:conversational opener; plan-mode:implementation plan
6abe825259b86b7d32a65983	102	7	chatter:conversational opener; plan-mode:implementation plan
6abe825259b86b7d32a65988	102	12	chatter:conversational opener; plan-mode:implementation plan
6abe825259b86b7d32a6598e	102	18	plan-mode:output contract; door:runaway
6abe825259b86b7d32a65993	102	23	chatter:conversational opener; plan-mode:implementation plan
6abe825259b86b7d32a659b2	102	54	chatter:conversational opener; plan-mode:implementation plan
6abe825259b86b7d32a659b5	102	57	chatter:conversational opener; plan-mode:implementation plan
6abe825259b86b7d32a659bf	102	67	chatter:conversational opener; plan-mode:implementation plan
6abe825259b86b7d32a659c2	102	70	chatter:conversational opener; plan-mode:translation_plan
6abe825259b86b7d32a659c5	102	73	chatter:conversational opener; plan-mode:implementation plan
6abe825259b86b7d32a659c6	102	74	chatter:conversational opener; plan-mode:translation_plan
6abe825259b86b7d32a659da	102	94	chatter:conversational opener; plan-mode:implementation plan
6abe825259b86b7d32a659db	102	95	chatter:conversational opener; plan-mode:translation_plan
6abe825259b86b7d32a659e0	102	100	chatter:conversational opener; plan-mode:implementation plan
6abe825259b86b7d32a659e1	102	101	chatter:conversational opener; plan-mode:implementation plan
6abe825259b86b7d32a659e3	102	103	chatter:conversational opener; plan-mode:implementation plan
6abe825259b86b7d32a659e4	102	104	chatter:conversational opener; plan-mode:translation_plan
6abe825259b86b7d32a659e9	102	109	chatter:conversational opener; plan-mode:translation_plan
6abe825259b86b7d32a659ea	102	110	chatter:conversational opener; plan-mode:implementation plan
6abe825259b86b7d32a659fd	102	129	chatter:conversational opener; plan-mode:implementation plan
6abe825259b86b7d32a65a01	102	133	chatter:conversational opener; plan-mode:implementation plan
6abe825259b86b7d32a65a00	102	132	chatter:conversational opener; plan-mode:implementation plan
6abe825259b86b7d32a65a0c	102	144	chatter:conversational opener; plan-mode:implementation plan
6abe825259b86b7d32a65a18	102	156	chatter:conversational opener; plan-mode:implementation plan
6abe825259b86b7d32a65a20	102	164	chatter:conversational opener; plan-mode:translation_plan
6abe825259b86b7d32a65a1f	102	163	chatter:conversational opener; plan-mode:implementation plan
6abe825259b86b7d32a65a2c	102	176	plan-mode:Please review
6abe825259b86b7d32a65a32	102	182	chatter:conversational opener; plan-mode:implementation plan
6abe825259b86b7d32a65a34	102	184	plan-mode:output contract; door:runaway
6abe825259b86b7d32a65a43	102	199	chatter:conversational opener; plan-mode:implementation plan
6abe825259b86b7d32a65a46	102	202	chatter:conversational opener; plan-mode:implementation plan
6abe825259b86b7d32a65a47	102	203	chatter:conversational opener; plan-mode:implementation plan
6abe825259b86b7d32a65a4e	102	210	chatter:conversational opener; plan-mode:implementation plan
6abe825259b86b7d32a65a54	102	216	chatter:conversational opener; plan-mode:implementation plan
6abe825259b86b7d32a65a5e	102	226	chatter:conversational opener; plan-mode:implementation plan
6abe825259b86b7d32a65a66	102	234	chatter:conversational opener; plan-mode:implementation plan
6abe825259b86b7d32a65a72	102	246	chatter:conversational opener; plan-mode:translation_plan
6abe825259b86b7d32a65a75	102	249	chatter:conversational opener; plan-mode:implementation plan
6abe825259b86b7d32a65a7a	102	254	chatter:conversational opener; plan-mode:implementation plan
6abe825259b86b7d32a65a7f	102	259	chatter:conversational opener; plan-mode:translation_plan
6abe825259b86b7d32a65a7e	102	258	chatter:conversational opener; plan-mode:implementation plan
6abe825259b86b7d32a65a85	102	265	chatter:conversational opener; plan-mode:implementation plan
6abe825259b86b7d32a65a87	102	267	chatter:conversational opener; plan-mode:implementation plan
6abe825259b86b7d32a65aa0	102	292	chatter:conversational opener; plan-mode:implementation plan
6abe825259b86b7d32a65aa1	102	293	chatter:conversational opener; plan-mode:translation_plan
6abe825259b86b7d32a65aa6	102	298	chatter:conversational opener; plan-mode:implementation plan
6abe825259b86b7d32a65ab3	102	311	chatter:conversational opener; plan-mode:implementation plan
6abe825259b86b7d32a65ac2	102	326	chatter:conversational opener; plan-mode:implementation plan
6abe825259b86b7d32a65ac8	102	332	chatter:conversational opener; plan-mode:implementation plan
6abe825259b86b7d32a65ad2	102	342	chatter:conversational opener; plan-mode:implementation plan
6abe825259b86b7d32a65ad8	102	348	chatter:conversational opener; plan-mode:implementation plan
6abe825259b86b7d32a65ad9	102	349	chatter:conversational opener; plan-mode:implementation plan
6abe825259b86b7d32a65adf	102	355	chatter:conversational opener; plan-mode:implementation plan
6abe825259b86b7d32a65ae1	102	357	chatter:conversational opener; plan-mode:implementation plan
6abe825259b86b7d32a65ae2	102	358	chatter:conversational opener; plan-mode:implementation plan
6abe825259b86b7d32a65ae3	102	359	chatter:conversational opener; plan-mode:implementation plan
6abe825259b86b7d32a65aea	102	366	chatter:conversational opener; plan-mode:implementation plan
6abe825259b86b7d32a65aeb	102	367	chatter:conversational opener; plan-mode:implementation plan
6abe825259b86b7d32a65aec	102	368	chatter:conversational opener; plan-mode:implementation plan
6abe825259b86b7d32a65af0	102	372	reasoning-leak:reasoning:I will output the final translation adhering strictly to the; chatter:conversational opener; plan-mode:implementation plan; door:reasoning-leak
6abe825259b86b7d32a65b04	102	392	chatter:conversational opener; plan-mode:implementation plan
6abe825259b86b7d32a65b23	102	423	chatter:conversational opener; plan-mode:implementation plan
6abe825259b86b7d32a65b2c	102	432	chatter:conversational opener; plan-mode:implementation plan
6abe825259b86b7d32a65b2e	102	434	chatter:conversational opener; plan-mode:implementation plan
6abe825259b86b7d32a65b32	102	438	chatter:conversational opener; plan-mode:implementation plan
6abe825259b86b7d32a65b36	102	442	chatter:conversational opener; plan-mode:implementation plan
6abe825259b86b7d32a65b3a	102	446	chatter:conversational opener; plan-mode:implementation plan
6abe825259b86b7d32a65b3f	102	451	chatter:conversational opener; plan-mode:translation_plan; door:collapsed
6abe825259b86b7d32a65b45	102	457	chatter:conversational opener; plan-mode:translation_plan
6abe825259b86b7d32a65b48	102	460	chatter:conversational opener; plan-mode:implementation plan
6abe825259b86b7d32a65b4d	102	465	chatter:conversational opener; plan-mode:plan.md
6abe825259b86b7d32a65b52	102	470	chatter:conversational opener; plan-mode:implementation plan
6abe825259b86b7d32a65b5c	102	480	chatter:conversational opener; plan-mode:translation_plan
6abe825259b86b7d32a65b71	102	501	chatter:conversational opener; plan-mode:implementation plan
6abe825259b86b7d32a65b7f	102	515	chatter:conversational opener; plan-mode:implementation plan
6abe825259b86b7d32a65b80	102	516	chatter:conversational opener; plan-mode:translation_plan
6abe825259b86b7d32a65b8b	102	527	chatter:conversational opener; plan-mode:implementation plan
6abe825259b86b7d32a65b9b	102	543	chatter:conversational opener; plan-mode:implementation plan
6abe825259b86b7d32a65ba0	102	548	chatter:conversational opener; plan-mode:implementation plan; door:collapsed
6abe825259b86b7d32a65ba9	102	557	chatter:conversational opener; plan-mode:plan.md
6abe825259b86b7d32a65bad	102	561	chatter:conversational opener; plan-mode:implementation plan
6abe825259b86b7d32a65bb5	102	569	chatter:conversational opener; plan-mode:implementation plan
6abe825259b86b7d32a65bc9	102	589	chatter:conversational opener; plan-mode:implementation plan
6abe825259b86b7d32a65bcf	102	595	chatter:conversational opener; plan-mode:implementation plan
6abe825259b86b7d32a65bd5	102	601	reasoning-leak:reasoning:warm museum; chatter:conversational opener; plan-mode:translation_plan; door:reasoning-leak
6abe825259b86b7d32a65bda	102	606	chatter:conversational opener; plan-mode:translation_plan
6abe825259b86b7d32a65be2	102	614	chatter:conversational opener; plan-mode:implementation plan
6abe825259b86b7d32a65be7	102	619	chatter:conversational opener; plan-mode:implementation plan
6abe825259b86b7d32a65bee	102	626	chatter:conversational opener; plan-mode:translation_plan
6abe825259b86b7d32a65bf2	102	630	chatter:conversational opener; plan-mode:implementation plan
6abe825259b86b7d32a65bf8	102	636	chatter:conversational opener; plan-mode:implementation plan
6abe825259b86b7d32a65bfc	102	640	chatter:conversational opener; plan-mode:implementation plan
6abe825259b86b7d32a65c02	102	646	chatter:conversational opener; plan-mode:implementation plan
6abe825259b86b7d32a65c09	102	653	chatter:conversational opener; plan-mode:implementation plan
6abe825259b86b7d32a65c25	102	681	chatter:conversational opener; plan-mode:implementation plan
6abe825259b86b7d32a65c2c	102	688	plan-mode:Please review
6abe825259b86b7d32a65c31	102	693	chatter:conversational opener; plan-mode:implementation plan
6abeb2ee896ea18127c83540	103	21	chatter:conversational opener; plan-mode:implementation plan
6abeb2ee896ea18127c83542	103	23	chatter:conversational opener; plan-mode:implementation plan
6abeb2ee896ea18127c83546	103	27	chatter:conversational opener; plan-mode:implementation plan
6abeb2ee896ea18127c8354f	103	36	chatter:conversational opener; plan-mode:implementation plan
6abeb2ee896ea18127c83554	103	41	plan-mode:Please review
6abeb2ee896ea18127c83565	103	58	chatter:conversational opener; plan-mode:implementation plan
6abeb2ee896ea18127c8356e	103	67	chatter:conversational opener; plan-mode:implementation plan
6abeb2ee896ea18127c8359d	103	114	chatter:conversational opener; plan-mode:implementation plan
6abeb2ee896ea18127c835af	103	132	chatter:conversational opener; plan-mode:implementation plan
6abeb2ee896ea18127c835c5	103	154	chatter:conversational opener; plan-mode:implementation plan
6abeb2ee896ea18127c835c8	103	157	chatter:conversational opener; plan-mode:implementation plan
6abeb2ee896ea18127c835d6	103	171	chatter:conversational opener; plan-mode:implementation plan
6abeb2ee896ea18127c835f1	103	198	plan-mode:Output contract
6abeb2ee896ea18127c835f0	103	197	chatter:conversational opener; plan-mode:implementation plan
6abeb2ee896ea18127c835f4	103	201	chatter:conversational opener; plan-mode:implementation plan
6abeb2ee896ea18127c835f7	103	204	chatter:conversational opener; plan-mode:implementation plan
6abeb2ee896ea18127c835fd	103	210	chatter:conversational opener; plan-mode:implementation plan
6abeb2ee896ea18127c83604	103	217	chatter:conversational opener; plan-mode:implementation plan
6abeb2ee896ea18127c83609	103	222	reasoning-leak:reasoning:the prompt specifies; plan-mode:output contract; door:reasoning-leak
6abeb2ee896ea18127c8360b	103	224	chatter:conversational opener; plan-mode:implementation plan
6abeb2ee896ea18127c83618	103	237	chatter:conversational opener; plan-mode:translation_plan
6abeb2ee896ea18127c8361a	103	239	chatter:conversational opener; plan-mode:implementation plan
6abeb2ee896ea18127c8362c	103	257	chatter:conversational opener; plan-mode:implementation plan
6abeb2ee896ea18127c83631	103	262	chatter:conversational opener; plan-mode:implementation plan; door:collapsed
6abeb2ee896ea18127c83632	103	263	chatter:conversational opener; plan-mode:implementation plan
6abeb2ee896ea18127c83636	103	267	chatter:conversational opener; plan-mode:implementation plan
6abeb2ee896ea18127c83642	103	279	chatter:conversational opener; plan-mode:implementation plan
6abeb2ee896ea18127c8364f	103	292	chatter:conversational opener; plan-mode:implementation plan
6abeb2ee896ea18127c83653	103	296	chatter:conversational opener; plan-mode:implementation plan
6abeb2ee896ea18127c8365b	103	304	chatter:conversational opener; plan-mode:implementation plan
6abeb2ee896ea18127c83662	103	311	chatter:conversational opener; plan-mode:implementation plan
6abeb2ee896ea18127c83667	103	316	chatter:conversational opener; plan-mode:implementation plan
6abeb2ee896ea18127c83676	103	331	chatter:conversational opener; plan-mode:implementation plan
6abeb2ee896ea18127c8367c	103	337	chatter:conversational opener; plan-mode:implementation plan
6abeb2ee896ea18127c8367d	103	338	chatter:conversational opener; plan-mode:implementation plan
6abeb2ee896ea18127c83691	103	358	chatter:conversational opener; plan-mode:implementation plan
6abeb2ee896ea18127c83697	103	364	chatter:conversational opener; plan-mode:implementation plan
6abeb2ee896ea18127c8369f	103	372	chatter:conversational opener; plan-mode:implementation plan
6abeb2ee896ea18127c836a0	103	373	chatter:conversational opener; plan-mode:implementation plan
6abeb2ee896ea18127c836a1	103	374	chatter:conversational opener; plan-mode:implementation plan
6abeb2ee896ea18127c836a7	103	380	chatter:conversational opener; plan-mode:translation_plan
6abeb2ee896ea18127c836b5	103	394	chatter:conversational opener; plan-mode:implementation plan
6abeb2ee896ea18127c836b7	103	396	chatter:conversational opener; plan-mode:translation_plan
6abeb2ee896ea18127c836ba	103	399	chatter:conversational opener; plan-mode:implementation plan
6abeb2ee896ea18127c836c2	103	407	chatter:conversational opener; plan-mode:translation_plan
6abeb2ee896ea18127c836c4	103	409	chatter:conversational opener; plan-mode:translation_plan
6abeb2ee896ea18127c836cc	103	417	chatter:conversational opener; plan-mode:translation_plan
6abeb2ee896ea18127c836ce	103	419	chatter:conversational opener; plan-mode:implementation plan
6abeb2ee896ea18127c836d1	103	422	chatter:conversational opener; plan-mode:implementation plan
6abeb2ee896ea18127c836de	103	435	chatter:conversational opener; plan-mode:implementation plan
6abeb2ee896ea18127c836e0	103	437	chatter:conversational opener; plan-mode:implementation plan
6abeb2ee896ea18127c836e9	103	446	chatter:conversational opener; plan-mode:implementation plan
6abeb2ee896ea18127c836ed	103	450	plan-mode:Please review
6abeb2ee896ea18127c836f8	103	461	chatter:conversational opener; plan-mode:implementation plan
6abeb2ee896ea18127c83713	103	488	chatter:conversational opener; plan-mode:implementation plan
6abeb2ee896ea18127c83714	103	489	chatter:conversational opener; plan-mode:translation_plan
6abeb2ee896ea18127c83724	103	505	chatter:conversational opener; plan-mode:implementation plan
6abeb2ee896ea18127c8372b	103	512	chatter:conversational opener; plan-mode:implementation plan
6abeb2ee896ea18127c8372c	103	513	chatter:conversational opener; plan-mode:translation_plan
6abeb2ee896ea18127c8372f	103	516	chatter:conversational opener; plan-mode:implementation plan
6abeb2ee896ea18127c83734	103	521	chatter:conversational opener; plan-mode:implementation plan
6abeb2ee896ea18127c83744	103	537	chatter:conversational opener; plan-mode:implementation plan
6abeb2ee896ea18127c83757	103	556	chatter:conversational opener; plan-mode:implementation plan
6abeb2ee896ea18127c8375b	103	560	chatter:conversational opener; plan-mode:implementation plan
6abeb2ee896ea18127c8375f	103	564	chatter:conversational opener; plan-mode:translation_plan
6abeb2ee896ea18127c83761	103	566	chatter:conversational opener; plan-mode:implementation plan
6abeb2ee896ea18127c83768	103	573	chatter:conversational opener; plan-mode:implementation plan
6abeb2ee896ea18127c83771	103	582	chatter:conversational opener; plan-mode:implementation plan
6abeb2ee896ea18127c8377a	103	591	chatter:conversational opener; plan-mode:implementation plan
6abeb2ee896ea18127c83779	103	590	chatter:conversational opener; plan-mode:implementation plan
6abeb2ee896ea18127c8377c	103	593	chatter:conversational opener; plan-mode:implementation plan
6abeb2ee896ea18127c8378d	103	610	chatter:conversational opener; plan-mode:implementation plan
6abeb2ee896ea18127c83792	103	615	chatter:conversational opener; plan-mode:implementation plan
6abeb2ee896ea18127c8379a	103	623	chatter:conversational opener; plan-mode:implementation plan
6abeb2ee896ea18127c837aa	103	639	chatter:conversational opener; plan-mode:implementation plan
6abeb2ee896ea18127c837a1	103	630	chatter:conversational opener; plan-mode:implementation plan
6abeb2ee896ea18127c837ae	103	643	chatter:conversational opener; plan-mode:implementation plan
6abeb2ee896ea18127c837b5	103	650	chatter:conversational opener; plan-mode:translation_plan
6abeb2ee896ea18127c837bf	103	660	chatter:conversational opener; plan-mode:implementation plan
6abeb2ee896ea18127c837c8	103	669	chatter:conversational opener; plan-mode:translation_plan
6abeb2ee896ea18127c837ca	103	671	chatter:conversational opener; plan-mode:implementation plan
6abeb2ee896ea18127c837db	103	688	chatter:conversational opener; plan-mode:implementation plan
6abeb2ee896ea18127c837ef	103	708	chatter:conversational opener; plan-mode:implementation plan
6abeb2ee896ea18127c837f8	103	717	chatter:conversational opener; plan-mode:implementation plan
6abeb2ee896ea18127c837f9	103	718	chatter:conversational opener; plan-mode:implementation plan
6abeb2ee896ea18127c837fc	103	721	chatter:conversational opener; plan-mode:implementation plan
6abeb2ee896ea18127c837fb	103	720	chatter:conversational opener; plan-mode:implementation plan
6abeb2ee896ea18127c837fe	103	723	chatter:conversational opener; plan-mode:translation_plan; door:collapsed
6abeb331896ea18127c83823	104	8	chatter:conversational opener; plan-mode:implementation plan
6abeb331896ea18127c83834	104	25	chatter:conversational opener; plan-mode:implementation plan
6abeb331896ea18127c83844	104	41	chatter:conversational opener; plan-mode:implementation plan
6abeb331896ea18127c83846	104	43	chatter:conversational opener; plan-mode:implementation plan
6abeb331896ea18127c83851	104	54	chatter:conversational opener; plan-mode:translation_plan
6abeb331896ea18127c83857	104	60	chatter:conversational opener; plan-mode:implementation plan
6abeb331896ea18127c83876	104	91	chatter:conversational opener; plan-mode:implementation plan
6abeb331896ea18127c8387c	104	97	chatter:conversational opener; plan-mode:implementation plan
6abeb331896ea18127c8389c	104	129	chatter:conversational opener; plan-mode:translation_plan
6abeb331896ea18127c838a1	104	134	chatter:conversational opener; plan-mode:implementation plan
6abeb331896ea18127c838a5	104	138	reasoning-leak:reasoning:The prompt specifies; plan-mode:implementation plan; door:reasoning-leak
6abeb331896ea18127c838af	104	148	chatter:conversational opener; plan-mode:implementation plan
6abeb331896ea18127c838b6	104	155	chatter:conversational opener; plan-mode:implementation plan
6abeb331896ea18127c838bc	104	161	chatter:conversational opener; plan-mode:implementation plan
6abeb331896ea18127c838be	104	163	chatter:conversational opener; plan-mode:implementation plan
6abeb331896ea18127c838c2	104	167	chatter:conversational opener; plan-mode:implementation plan
6abeb331896ea18127c838c3	104	168	chatter:conversational opener; plan-mode:translation_plan
6abeb331896ea18127c838d0	104	181	chatter:conversational opener; plan-mode:implementation plan
6abeb331896ea18127c838d2	104	183	chatter:conversational opener; plan-mode:implementation plan
6abeb331896ea18127c838e4	104	201	chatter:conversational opener; plan-mode:plan.md
6abeb331896ea18127c838e9	104	206	chatter:conversational opener; plan-mode:implementation plan
6abeb331896ea18127c838ec	104	209	chatter:conversational opener; plan-mode:translation_plan
6abeb331896ea18127c838f7	104	220	chatter:conversational opener; plan-mode:implementation plan
6abeb331896ea18127c838f6	104	219	chatter:conversational opener; plan-mode:implementation plan
6abeb331896ea18127c83903	104	232	chatter:conversational opener; plan-mode:translation_plan
6abeb331896ea18127c83910	104	245	chatter:conversational opener; plan-mode:implementation plan
6abeb331896ea18127c8391c	104	257	chatter:conversational opener; plan-mode:implementation plan
6abeb331896ea18127c83923	104	264	chatter:conversational opener; plan-mode:translation_plan
6abeb331896ea18127c8392b	104	272	chatter:conversational opener; plan-mode:implementation plan
6abeb331896ea18127c8392c	104	273	chatter:conversational opener; plan-mode:translation_plan
6abeb331896ea18127c8392d	104	274	chatter:conversational opener; plan-mode:implementation plan
6abeb331896ea18127c8392f	104	276	chatter:conversational opener; plan-mode:implementation plan
6abeb331896ea18127c83932	104	279	chatter:conversational opener; plan-mode:implementation plan
6abeb331896ea18127c8393e	104	291	chatter:conversational opener; plan-mode:implementation plan
6abeb331896ea18127c83940	104	293	chatter:conversational opener; plan-mode:implementation plan
6abeb331896ea18127c83951	104	310	chatter:conversational opener; plan-mode:implementation plan
6abeb331896ea18127c83956	104	315	chatter:conversational opener; plan-mode:implementation plan
6abeb331896ea18127c8395f	104	324	plan-mode:Please review
6abeb331896ea18127c8396d	104	338	chatter:conversational opener; plan-mode:implementation plan
6abeb331896ea18127c83976	104	347	chatter:conversational opener; plan-mode:implementation plan
6abeb331896ea18127c8397b	104	352	chatter:conversational opener; plan-mode:implementation plan
6abeb331896ea18127c8397f	104	356	chatter:conversational opener; plan-mode:translation_plan
6abeb331896ea18127c8397e	104	355	chatter:conversational opener; plan-mode:implementation plan
6abeb331896ea18127c8398f	104	372	chatter:conversational opener; plan-mode:implementation plan
6abeb331896ea18127c83993	104	376	chatter:conversational opener; plan-mode:plan.md
6abeb331896ea18127c83999	104	382	chatter:conversational opener; plan-mode:implementation plan
6abeb331896ea18127c839a7	104	396	chatter:conversational opener; plan-mode:implementation plan
6abeb331896ea18127c839ad	104	402	chatter:conversational opener; plan-mode:translation_plan
6abeb331896ea18127c839af	104	404	chatter:conversational opener; plan-mode:implementation plan
6abeb331896ea18127c839b0	104	405	chatter:conversational opener; plan-mode:implementation plan
6abeb331896ea18127c839b4	104	409	chatter:conversational opener; plan-mode:implementation plan
6abeb331896ea18127c839b7	104	412	chatter:conversational opener; plan-mode:translation_plan
6abeb331896ea18127c839b9	104	414	chatter:conversational opener; plan-mode:implementation plan
6abeb331896ea18127c839bf	104	420	chatter:conversational opener; plan-mode:translation_plan
6abeb331896ea18127c839cb	104	432	chatter:conversational opener; plan-mode:implementation plan
6abeb331896ea18127c839cf	104	436	chatter:conversational opener; plan-mode:implementation plan
6abeb331896ea18127c839d5	104	442	chatter:conversational opener; plan-mode:implementation plan
6abeb331896ea18127c839d6	104	443	chatter:conversational opener; plan-mode:implementation plan
6abeb331896ea18127c839d8	104	445	chatter:conversational opener; plan-mode:implementation plan
6abeb331896ea18127c839d9	104	446	chatter:conversational opener; plan-mode:implementation plan
6abeb331896ea18127c839e9	104	462	chatter:conversational opener; plan-mode:implementation plan
6abeb331896ea18127c839f0	104	469	chatter:conversational opener; plan-mode:translation_plan
6abeb331896ea18127c839f3	104	472	chatter:conversational opener; plan-mode:implementation plan
6abeb331896ea18127c839f6	104	475	chatter:conversational opener; plan-mode:translation_plan
6abeb331896ea18127c839f9	104	478	chatter:conversational opener; plan-mode:implementation plan
6abeb331896ea18127c839fb	104	480	chatter:conversational opener; plan-mode:implementation plan
6abeb331896ea18127c83a02	104	487	chatter:conversational opener; plan-mode:implementation plan
6abeb331896ea18127c83a07	104	492	plan-mode:/plan
6abeb331896ea18127c83a0e	104	499	chatter:conversational opener; plan-mode:implementation plan
6abeb331896ea18127c83a12	104	503	chatter:conversational opener; plan-mode:implementation plan
6abeb331896ea18127c83a1a	104	511	chatter:conversational opener; plan-mode:implementation plan
6abeb331896ea18127c83a24	104	521	chatter:conversational opener; plan-mode:implementation plan
6abeb331896ea18127c83a28	104	525	chatter:conversational opener; plan-mode:implementation plan
6abeb331896ea18127c83a31	104	534	chatter:conversational opener; plan-mode:implementation plan
6abeb331896ea18127c83a35	104	538	chatter:conversational opener; plan-mode:translation_plan
6abeb331896ea18127c83a36	104	539	chatter:conversational opener; plan-mode:implementation plan
6abeb331896ea18127c83a3c	104	545	chatter:conversational opener; plan-mode:implementation plan
6abeb331896ea18127c83a43	104	552	chatter:conversational opener; plan-mode:implementation plan
6abeb331896ea18127c83a46	104	555	chatter:conversational opener; plan-mode:translation_plan
6abeb331896ea18127c83a48	104	557	chatter:conversational opener; plan-mode:translation_plan
6abeb331896ea18127c83a57	104	572	chatter:conversational opener; plan-mode:implementation plan
6abeb331896ea18127c83a77	104	604	chatter:conversational opener; plan-mode:implementation plan
6abeb331896ea18127c83a87	104	620	chatter:conversational opener; plan-mode:implementation plan
6abeb331896ea18127c83a8a	104	623	plan-mode:The user prompt; door:runaway
6abeb331896ea18127c83a90	104	629	chatter:conversational opener; plan-mode:implementation plan
6abeb331896ea18127c83a91	104	630	chatter:conversational opener; plan-mode:implementation plan
6abeb331896ea18127c83a97	104	636	chatter:conversational opener; plan-mode:implementation plan; door:collapsed
6abeb331896ea18127c83abc	104	673	plan-mode:/plan; door:runaway
6abeb331896ea18127c83abe	104	675	chatter:conversational opener; plan-mode:plan.md
6abeb331896ea18127c83ac4	104	681	chatter:conversational opener; plan-mode:implementation plan
6abeb331896ea18127c83ac6	104	683	chatter:conversational opener; plan-mode:implementation plan
6abeb331896ea18127c83ac8	104	685	chatter:conversational opener; plan-mode:implementation plan
6abeb331896ea18127c83acc	104	689	chatter:conversational opener; plan-mode:implementation plan
6abeb331896ea18127c83ace	104	691	chatter:conversational opener; plan-mode:implementation plan
6abeb331896ea18127c83ad8	104	701	chatter:conversational opener; plan-mode:implementation plan
6abeb331896ea18127c83ada	104	703	chatter:conversational opener; plan-mode:implementation plan
6abeb331896ea18127c83ae0	104	709	chatter:conversational opener; plan-mode:implementation plan
6abeb361896ea18127c83af9	105	2	chatter:conversational opener; plan-mode:implementation plan
6abeb361896ea18127c83b00	105	9	chatter:conversational opener; plan-mode:implementation plan
6abeb361896ea18127c83b02	105	11	chatter:conversational opener; plan-mode:implementation plan
6abeb361896ea18127c83b06	105	15	chatter:conversational opener; plan-mode:implementation plan
6abeb361896ea18127c83b05	105	14	chatter:conversational opener; plan-mode:implementation plan
6abeb361896ea18127c83b0c	105	21	chatter:conversational opener; plan-mode:translation_plan
6abeb361896ea18127c83b18	105	33	chatter:conversational opener; plan-mode:implementation plan
6abeb361896ea18127c83b25	105	46	chatter:conversational opener; plan-mode:implementation plan
6abeb361896ea18127c83b26	105	47	chatter:conversational opener; plan-mode:implementation plan
6abeb361896ea18127c83b2d	105	54	chatter:conversational opener; plan-mode:implementation plan
6abeb361896ea18127c83b38	105	65	chatter:conversational opener; plan-mode:implementation plan; door:collapsed
6abeb361896ea18127c83b3c	105	69	chatter:conversational opener; plan-mode:implementation plan
6abeb361896ea18127c83b40	105	73	chatter:conversational opener; plan-mode:implementation plan
6abeb361896ea18127c83b42	105	75	chatter:conversational opener; plan-mode:implementation plan
6abeb361896ea18127c83b41	105	74	chatter:conversational opener; plan-mode:plan.md
6abeb361896ea18127c83b46	105	79	chatter:conversational opener; plan-mode:translation_plan
6abeb361896ea18127c83b52	105	91	chatter:conversational opener; plan-mode:implementation plan
6abeb361896ea18127c83b5e	105	103	chatter:conversational opener; plan-mode:implementation plan
6abeb361896ea18127c83b69	105	114	chatter:conversational opener; plan-mode:implementation plan
6abeb361896ea18127c83b6c	105	117	chatter:conversational opener; plan-mode:implementation plan
6abeb361896ea18127c83b74	105	125	plan-mode:Please review
6abeb361896ea18127c83b79	105	130	chatter:conversational opener; plan-mode:implementation plan
6abeb361896ea18127c83b81	105	138	chatter:conversational opener; plan-mode:implementation plan
6abeb361896ea18127c83b8a	105	147	chatter:conversational opener; plan-mode:implementation plan
6abeb361896ea18127c83b94	105	157	chatter:conversational opener; plan-mode:implementation plan
6abeb361896ea18127c83b98	105	161	chatter:conversational opener; plan-mode:implementation plan
6abeb361896ea18127c83b9c	105	165	chatter:conversational opener; plan-mode:implementation plan
6abeb361896ea18127c83ba1	105	170	chatter:conversational opener; plan-mode:implementation plan; door:collapsed
6abeb361896ea18127c83ba3	105	172	chatter:conversational opener; plan-mode:implementation plan
6abeb361896ea18127c83ba8	105	177	chatter:conversational opener; plan-mode:translation_plan
6abeb361896ea18127c83bae	105	183	chatter:conversational opener; plan-mode:implementation plan
6abeb361896ea18127c83bb1	105	186	chatter:conversational opener; plan-mode:implementation plan
6abeb361896ea18127c83bb3	105	188	chatter:conversational opener; plan-mode:translation_plan
6abeb361896ea18127c83bb8	105	193	chatter:conversational opener; plan-mode:translation_plan
6abeb361896ea18127c83bb9	105	194	chatter:conversational opener; plan-mode:implementation plan
6abeb361896ea18127c83bc2	105	203	chatter:conversational opener; plan-mode:translation_plan
6abeb361896ea18127c83bce	105	215	chatter:conversational opener; plan-mode:implementation plan
6abeb361896ea18127c83bde	105	231	chatter:conversational opener; plan-mode:implementation plan
6abeb361896ea18127c83bdf	105	232	chatter:conversational opener; plan-mode:implementation plan
6abeb361896ea18127c83be1	105	234	chatter:conversational opener; plan-mode:translation_plan
6abeb361896ea18127c83bf0	105	249	chatter:conversational opener; plan-mode:implementation plan
6abeb361896ea18127c83bf8	105	257	chatter:conversational opener; plan-mode:implementation plan
6abeb361896ea18127c83bfc	105	261	chatter:conversational opener; plan-mode:Please review
6abeb361896ea18127c83c02	105	267	chatter:conversational opener; plan-mode:implementation plan
6abeb361896ea18127c83c12	105	283	chatter:conversational opener; plan-mode:implementation plan
6abeb361896ea18127c83c14	105	285	chatter:conversational opener; plan-mode:implementation plan
6abeb361896ea18127c83c16	105	287	chatter:conversational opener; plan-mode:implementation plan
6abeb361896ea18127c83c1a	105	291	chatter:conversational opener; plan-mode:implementation plan
6abeb361896ea18127c83c19	105	290	plan-mode:my task
6abeb361896ea18127c83c20	105	297	chatter:conversational opener; plan-mode:implementation plan
6abeb361896ea18127c83c23	105	300	chatter:conversational opener; plan-mode:implementation plan
6abeb361896ea18127c83c33	105	316	chatter:conversational opener; plan-mode:implementation plan; door:collapsed
6abeb361896ea18127c83c37	105	320	plan-mode:Please review
6abeb361896ea18127c83c3d	105	326	chatter:conversational opener; plan-mode:implementation plan
6abeb361896ea18127c83c41	105	330	chatter:conversational opener; plan-mode:plan.md
6abeb361896ea18127c83c4b	105	340	plan-mode:Please review
6abeb361896ea18127c83c51	105	346	chatter:conversational opener; plan-mode:implementation plan
6abeb361896ea18127c83c6d	105	374	chatter:conversational opener; plan-mode:implementation plan
6abeb361896ea18127c83c7a	105	387	chatter:conversational opener; plan-mode:implementation plan
6abeb361896ea18127c83c81	105	394	chatter:conversational opener; plan-mode:translation_plan
6abeb361896ea18127c83c88	105	401	chatter:conversational opener; plan-mode:implementation plan
6abeb361896ea18127c83c95	105	414	chatter:conversational opener; plan-mode:implementation plan
6abeb361896ea18127c83c9d	105	422	chatter:conversational opener; plan-mode:implementation plan
6abeb361896ea18127c83ca0	105	425	plan-mode:Please review
6abeb361896ea18127c83ca6	105	431	chatter:conversational opener; plan-mode:implementation plan
6abeb361896ea18127c83cb0	105	441	chatter:conversational opener; plan-mode:implementation plan
6abeb361896ea18127c83cb5	105	446	chatter:conversational opener; plan-mode:Please review
6abeb361896ea18127c83cb9	105	450	chatter:conversational opener; plan-mode:translation_plan
6abeb361896ea18127c83cbc	105	453	chatter:conversational opener; plan-mode:implementation plan
6abeb361896ea18127c83cc0	105	457	chatter:conversational opener; plan-mode:implementation plan
6abeb361896ea18127c83cc7	105	464	chatter:conversational opener; plan-mode:implementation plan
6abeb361896ea18127c83cce	105	471	chatter:conversational opener; plan-mode:implementation plan
6abeb361896ea18127c83cd4	105	477	chatter:conversational opener; plan-mode:implementation plan
6abeb361896ea18127c83cd9	105	482	chatter:conversational opener; plan-mode:implementation plan
6abeb361896ea18127c83cda	105	483	chatter:conversational opener; plan-mode:implementation plan
6abeb361896ea18127c83cdc	105	485	chatter:conversational opener; plan-mode:implementation plan
6abeb361896ea18127c83ce0	105	489	chatter:conversational opener; plan-mode:implementation plan
6abeb361896ea18127c83ce3	105	492	chatter:conversational opener; plan-mode:translation_plan
6abeb361896ea18127c83ce6	105	495	chatter:conversational opener; plan-mode:implementation plan
6abeb361896ea18127c83cf7	105	512	chatter:conversational opener; plan-mode:translation_plan
6abeb361896ea18127c83cf6	105	511	chatter:conversational opener; plan-mode:implementation plan
6abeb361896ea18127c83cfe	105	519	chatter:conversational opener; plan-mode:translation_plan
6abeb361896ea18127c83d05	105	526	chatter:conversational opener; plan-mode:implementation plan
6abeb361896ea18127c83d0e	105	535	chatter:conversational opener; plan-mode:implementation plan
6abeb361896ea18127c83d11	105	538	chatter:conversational opener; plan-mode:implementation plan
6abeb361896ea18127c83d2a	105	563	chatter:conversational opener; plan-mode:implementation plan
6abeb361896ea18127c83d33	105	572	chatter:conversational opener; plan-mode:translation_plan
6abeb361896ea18127c83d47	105	592	chatter:conversational opener; plan-mode:implementation plan
6abeb361896ea18127c83d46	105	591	chatter:conversational opener; plan-mode:plan.md
6abeb361896ea18127c83d49	105	594	chatter:conversational opener; plan-mode:implementation plan
6abeb361896ea18127c83d51	105	602	chatter:conversational opener; plan-mode:implementation plan
6abeb361896ea18127c83d5c	105	613	chatter:conversational opener; plan-mode:implementation plan
6abeb361896ea18127c83d5f	105	616	chatter:conversational opener; plan-mode:implementation plan
6abeb361896ea18127c83d77	105	640	chatter:conversational opener; plan-mode:implementation plan
6abeb361896ea18127c83d7b	105	644	chatter:conversational opener; plan-mode:implementation plan
6abeb361896ea18127c83d7c	105	645	chatter:conversational opener; plan-mode:implementation plan
6abeb361896ea18127c83d80	105	649	chatter:conversational opener; plan-mode:implementation plan
6abeb361896ea18127c83d98	105	673	chatter:conversational opener; plan-mode:implementation plan
6abeb361896ea18127c83d9c	105	677	chatter:conversational opener; plan-mode:implementation plan
6abeb361896ea18127c83d9f	105	680	chatter:conversational opener; plan-mode:implementation plan
6abeb3a1896ea18127c83dbc	106	9	chatter:conversational opener; plan-mode:implementation plan
6abeb3a1896ea18127c83dc3	106	16	plan-mode:Please review
6abeb3a1896ea18127c83dcb	106	24	chatter:conversational opener; plan-mode:implementation plan
6abeb3a1896ea18127c83dce	106	27	chatter:conversational opener; plan-mode:implementation plan
6abeb3a1896ea18127c83dd8	106	37	chatter:conversational opener; plan-mode:implementation plan
6abeb3a1896ea18127c83dd9	106	38	chatter:conversational opener; plan-mode:implementation plan
6abeb3a1896ea18127c83de1	106	46	chatter:conversational opener; plan-mode:implementation plan
6abeb3a1896ea18127c83de4	106	49	chatter:conversational opener; plan-mode:implementation plan
6abeb3a1896ea18127c83de6	106	51	chatter:conversational opener; plan-mode:implementation plan
6abeb3a1896ea18127c83deb	106	56	chatter:conversational opener; plan-mode:translation_plan
6abeb3a1896ea18127c83def	106	60	chatter:conversational opener; plan-mode:implementation plan
6abeb3a1896ea18127c83dfc	106	73	chatter:conversational opener; plan-mode:implementation plan
6abeb3a1896ea18127c83e05	106	82	chatter:conversational opener; plan-mode:implementation plan
6abeb3a1896ea18127c83e08	106	85	chatter:conversational opener; plan-mode:implementation plan
6abeb3a1896ea18127c83e10	106	93	chatter:conversational opener; plan-mode:translation_plan
6abeb3a1896ea18127c83e14	106	97	chatter:conversational opener; plan-mode:plan.md
6abeb3a1896ea18127c83e1a	106	103	chatter:conversational opener; plan-mode:implementation plan
6abeb3a1896ea18127c83e1c	106	105	chatter:conversational opener; plan-mode:implementation plan
6abeb3a1896ea18127c83e1d	106	106	chatter:conversational opener; plan-mode:implementation plan
6abeb3a1896ea18127c83e3f	106	140	chatter:conversational opener; plan-mode:implementation plan
6abeb3a1896ea18127c83e46	106	147	chatter:conversational opener; plan-mode:implementation plan
6abeb3a1896ea18127c83e47	106	148	chatter:conversational opener; plan-mode:implementation plan
6abeb3a1896ea18127c83e4b	106	152	chatter:conversational opener; plan-mode:implementation plan
6abeb3a1896ea18127c83e53	106	160	chatter:conversational opener; plan-mode:implementation plan
6abeb3a1896ea18127c83e55	106	162	chatter:conversational opener; plan-mode:translation_plan
6abeb3a1896ea18127c83e57	106	164	chatter:conversational opener; plan-mode:implementation plan
6abeb3a1896ea18127c83e79	106	198	chatter:conversational opener; plan-mode:implementation plan
6abeb3a1896ea18127c83e7a	106	199	chatter:conversational opener; plan-mode:implementation plan
6abeb3a1896ea18127c83e7b	106	200	chatter:conversational opener; plan-mode:implementation plan
6abeb3a1896ea18127c83e82	106	207	chatter:conversational opener; plan-mode:implementation plan
6abeb3a1896ea18127c83e89	106	214	chatter:conversational opener; plan-mode:implementation plan
6abeb3a1896ea18127c83e8b	106	216	chatter:conversational opener; plan-mode:implementation plan
6abeb3a1896ea18127c83e91	106	222	chatter:conversational opener; plan-mode:implementation plan
6abeb3a1896ea18127c83e97	106	228	chatter:conversational opener; plan-mode:implementation plan
6abeb3a1896ea18127c83e98	106	229	chatter:conversational opener; plan-mode:implementation plan
6abeb3a1896ea18127c83e99	106	230	chatter:conversational opener; plan-mode:implementation plan
6abeb3a1896ea18127c83e9b	106	232	chatter:conversational opener; plan-mode:implementation plan
6abeb3a1896ea18127c83ea5	106	242	chatter:conversational opener; plan-mode:implementation plan
6abeb3a1896ea18127c83eb6	106	259	chatter:conversational opener; plan-mode:implementation plan
6abeb3a1896ea18127c83ec9	106	278	chatter:conversational opener; plan-mode:plan.md
6abeb3a1896ea18127c83ed9	106	294	chatter:conversational opener; plan-mode:implementation plan
6abeb3a1896ea18127c83edf	106	300	chatter:conversational opener; plan-mode:implementation plan
6abeb3a1896ea18127c83eec	106	313	chatter:conversational opener; plan-mode:implementation plan
6abeb3a1896ea18127c83ef2	106	319	chatter:conversational opener; plan-mode:translation_plan
6abeb3a1896ea18127c83ef9	106	326	chatter:conversational opener; plan-mode:implementation plan
6abeb3a1896ea18127c83f03	106	336	chatter:conversational opener; plan-mode:implementation plan
6abeb3a1896ea18127c83f07	106	340	chatter:conversational opener; plan-mode:implementation plan
6abeb3a1896ea18127c83f11	106	350	chatter:conversational opener; plan-mode:implementation plan
6abeb3a1896ea18127c83f1d	106	362	chatter:conversational opener; plan-mode:output contract
6abeb3a1896ea18127c83f2b	106	376	chatter:conversational opener; plan-mode:implementation plan
6abeb3a1896ea18127c83f34	106	385	chatter:conversational opener; plan-mode:implementation plan
6abeb3a1896ea18127c83f38	106	389	chatter:conversational opener; plan-mode:implementation plan
6abeb3a1896ea18127c83f37	106	388	chatter:conversational opener; plan-mode:translation_plan
6abeb3a1896ea18127c83f39	106	390	chatter:conversational opener; plan-mode:implementation plan
6abeb3a1896ea18127c83f3b	106	392	plan-mode:Please review
6abeb3a1896ea18127c83f44	106	401	chatter:conversational opener; plan-mode:implementation plan
6abeb3a1896ea18127c83f4c	106	409	chatter:conversational opener; plan-mode:implementation plan
6abeb3a1896ea18127c83f56	106	419	chatter:conversational opener; plan-mode:implementation plan
6abeb3a1896ea18127c83f5a	106	423	chatter:conversational opener; plan-mode:translation_plan
6abeb3a1896ea18127c83f5d	106	426	chatter:conversational opener; plan-mode:implementation plan
6abeb3a1896ea18127c83f67	106	436	reasoning-leak:reasoning:warm museum; plan-mode:output contract; door:reasoning-leak
6abeb3a1896ea18127c83f8a	106	471	chatter:conversational opener; plan-mode:implementation plan
6abeb3a1896ea18127c83f8e	106	475	chatter:conversational opener; plan-mode:implementation plan
6abeb3a1896ea18127c83f93	106	480	chatter:conversational opener; plan-mode:implementation plan
6abeb3a1896ea18127c83f95	106	482	chatter:conversational opener; plan-mode:plan.md
6abeb3a1896ea18127c83fa8	106	501	chatter:conversational opener; plan-mode:implementation plan
6abeb3a1896ea18127c83fb2	106	511	chatter:conversational opener; plan-mode:implementation plan
6abeb3a1896ea18127c83fb4	106	513	chatter:conversational opener; plan-mode:implementation plan
6abeb3a1896ea18127c83fb8	106	517	chatter:conversational opener; plan-mode:implementation plan
6abeb3a1896ea18127c83fbb	106	520	chatter:conversational opener; plan-mode:implementation plan
6abeb3a1896ea18127c83fc2	106	527	chatter:conversational opener; plan-mode:implementation plan
6abeb3a1896ea18127c83fc5	106	530	chatter:conversational opener; plan-mode:implementation plan
6abeb3a1896ea18127c83fc7	106	532	chatter:conversational opener; plan-mode:plan.md
6abeb3d8896ea18127c83fff	107	16	chatter:conversational opener; plan-mode:implementation plan
6abeb3d8896ea18127c84005	107	22	chatter:conversational opener; plan-mode:implementation plan
6abeb3d8896ea18127c84007	107	24	chatter:conversational opener; plan-mode:implementation plan
6abeb3d8896ea18127c84009	107	26	chatter:conversational opener; plan-mode:implementation plan
6abeb3d8896ea18127c84012	107	35	chatter:conversational opener; plan-mode:translation_plan
6abeb3d8896ea18127c84024	107	53	chatter:conversational opener; plan-mode:translation_plan
6abeb3d8896ea18127c84027	107	56	chatter:conversational opener; plan-mode:implementation plan
6abeb3d8896ea18127c8402e	107	63	chatter:conversational opener; plan-mode:implementation plan
6abeb3d8896ea18127c84036	107	71	chatter:conversational opener; plan-mode:implementation plan
6abeb3d8896ea18127c84037	107	72	chatter:conversational opener; plan-mode:implementation plan
6abeb3d8896ea18127c8403c	107	77	chatter:conversational opener; plan-mode:translation_plan
6abeb3d8896ea18127c8403f	107	80	chatter:conversational opener; plan-mode:translation_plan
6abeb3d8896ea18127c8404c	107	93	chatter:conversational opener; plan-mode:implementation plan
6abeb3d8896ea18127c8404d	107	94	chatter:conversational opener; plan-mode:implementation plan
6abeb3d8896ea18127c8404f	107	96	chatter:conversational opener; plan-mode:implementation plan
6abeb3d8896ea18127c84051	107	98	chatter:conversational opener; plan-mode:implementation plan
6abeb3d8896ea18127c84054	107	101	chatter:conversational opener; plan-mode:implementation plan
6abeb3d8896ea18127c84056	107	103	chatter:conversational opener; plan-mode:implementation plan
6abeb3d8896ea18127c84066	107	119	chatter:conversational opener; plan-mode:translation_plan
6abeb3d8896ea18127c84069	107	122	chatter:conversational opener; plan-mode:implementation plan
6abeb3d8896ea18127c8406b	107	124	chatter:conversational opener; plan-mode:implementation plan
6abeb3d8896ea18127c8406f	107	128	chatter:conversational opener; plan-mode:plan.md
6abeb3d8896ea18127c84073	107	132	chatter:conversational opener; plan-mode:implementation plan
6abeb3d8896ea18127c84074	107	133	chatter:conversational opener; plan-mode:implementation plan
6abeb3d8896ea18127c84076	107	135	chatter:conversational opener; plan-mode:implementation plan
6abeb3d8896ea18127c84087	107	152	chatter:conversational opener; plan-mode:implementation plan
6abeb3d8896ea18127c84093	107	164	chatter:conversational opener; plan-mode:implementation plan
6abeb3d8896ea18127c84095	107	166	chatter:conversational opener; plan-mode:implementation plan
6abeb3d8896ea18127c84097	107	168	chatter:conversational opener; plan-mode:implementation plan
6abeb3d8896ea18127c8409b	107	172	chatter:conversational opener; plan-mode:implementation plan
6abeb3d8896ea18127c8409e	107	175	chatter:conversational opener; plan-mode:implementation plan
6abeb3d8896ea18127c840ab	107	188	chatter:conversational opener; plan-mode:implementation plan
6abeb3d8896ea18127c840b1	107	194	chatter:conversational opener; plan-mode:translation_plan
6abeb3d8896ea18127c840b4	107	197	chatter:conversational opener; plan-mode:implementation plan
6abeb3d8896ea18127c840b9	107	202	chatter:conversational opener; plan-mode:implementation plan
6abeb3d8896ea18127c840cc	107	221	chatter:conversational opener; plan-mode:plan.md
6abeb3d8896ea18127c840de	107	239	chatter:conversational opener; plan-mode:implementation plan
6abeb3d8896ea18127c840df	107	240	chatter:conversational opener; plan-mode:implementation plan
6abeb3d8896ea18127c840ee	107	255	chatter:conversational opener; plan-mode:implementation plan
6abeb3d8896ea18127c840f3	107	260	chatter:conversational opener; plan-mode:implementation plan
6abeb3d8896ea18127c840fa	107	267	chatter:conversational opener; plan-mode:implementation plan
6abeb3d8896ea18127c84108	107	281	chatter:conversational opener; plan-mode:translation_plan; door:collapsed
6abeb3d8896ea18127c8411f	107	304	chatter:conversational opener; plan-mode:implementation plan; door:collapsed
6abeb3d8896ea18127c84124	107	309	chatter:conversational opener; plan-mode:implementation plan
6abeb3d8896ea18127c8412c	107	317	chatter:conversational opener; plan-mode:implementation plan
6abeb3d8896ea18127c8412d	107	318	chatter:conversational opener; plan-mode:implementation plan
6abeb3d8896ea18127c84131	107	322	chatter:conversational opener; plan-mode:implementation plan
6abeb3d8896ea18127c8413b	107	332	chatter:conversational opener; plan-mode:implementation plan
6abeb3d8896ea18127c8413c	107	333	chatter:conversational opener; plan-mode:implementation plan
6abeb3d8896ea18127c84140	107	337	chatter:conversational opener; plan-mode:translation_plan
6abeb3d8896ea18127c84147	107	344	chatter:conversational opener; plan-mode:implementation plan
6abeb3d8896ea18127c84146	107	343	plan-mode:Please review
6abeb3d8896ea18127c84149	107	346	chatter:conversational opener; plan-mode:implementation plan
6abeb3d8896ea18127c8415b	107	364	chatter:conversational opener; plan-mode:implementation plan
6abeb3d8896ea18127c84165	107	374	chatter:conversational opener; plan-mode:implementation plan
6abeb3d8896ea18127c84168	107	377	chatter:conversational opener; plan-mode:implementation plan
6abeb3d8896ea18127c8416c	107	381	chatter:conversational opener; plan-mode:implementation plan
6abeb3d8896ea18127c8416e	107	383	chatter:conversational opener; plan-mode:plan.md
6abeb3d8896ea18127c8416f	107	384	chatter:conversational opener; plan-mode:implementation plan
6abeb3d8896ea18127c84171	107	386	chatter:conversational opener; plan-mode:implementation plan
6abeb3d8896ea18127c8417f	107	400	chatter:conversational opener; plan-mode:implementation plan
6abeb3d8896ea18127c8418e	107	415	chatter:conversational opener; plan-mode:translation_plan
6abeb3d8896ea18127c8418d	107	414	chatter:conversational opener; plan-mode:implementation plan
6abeb3d8896ea18127c84194	107	421	chatter:conversational opener; plan-mode:implementation plan
6abeb3d8896ea18127c841a5	107	438	chatter:conversational opener; plan-mode:implementation plan
6abeb3d8896ea18127c841aa	107	443	chatter:conversational opener; plan-mode:implementation plan
6abeb3d8896ea18127c841b4	107	453	chatter:conversational opener; plan-mode:translation_plan
6abeb3d8896ea18127c841b7	107	456	chatter:conversational opener; plan-mode:implementation plan
6abeb3d8896ea18127c841c5	107	470	chatter:conversational opener; plan-mode:translation_plan
6abeb3d8896ea18127c841d0	107	481	chatter:conversational opener; plan-mode:translation_plan
6abeb3d8896ea18127c841d2	107	483	chatter:conversational opener; plan-mode:translation_plan
6abeb3d8896ea18127c841d9	107	490	chatter:conversational opener; plan-mode:output contract
6abeb3d8896ea18127c841dc	107	493	chatter:conversational opener; plan-mode:implementation plan
6abeb3d8896ea18127c841db	107	492	chatter:conversational opener; plan-mode:implementation plan
6abeb3d8896ea18127c841df	107	496	chatter:conversational opener; plan-mode:implementation plan
6abeb3d8896ea18127c841e0	107	497	chatter:conversational opener; plan-mode:translation_plan
6abeb3d8896ea18127c841e8	107	505	chatter:conversational opener; plan-mode:implementation plan
6abeb3d8896ea18127c841e9	107	506	chatter:conversational opener; plan-mode:implementation plan
6abeb3d8896ea18127c841ec	107	509	chatter:conversational opener; plan-mode:implementation plan
6abeb3d8896ea18127c84214	107	549	chatter:conversational opener; plan-mode:implementation plan
6abeb3d8896ea18127c8421a	107	555	chatter:conversational opener; plan-mode:implementation plan
6abeb3d8896ea18127c84230	107	577	chatter:conversational opener; plan-mode:implementation plan
6abeb406896ea18127c84238	108	1	chatter:conversational opener; plan-mode:implementation plan
6abeb406896ea18127c8423e	108	7	chatter:conversational opener; plan-mode:implementation plan
6abeb406896ea18127c84240	108	9	chatter:conversational opener; plan-mode:implementation plan
6abeb406896ea18127c84241	108	10	chatter:conversational opener; plan-mode:implementation plan
6abeb406896ea18127c8425d	108	38	chatter:conversational opener; plan-mode:implementation plan
6abeb406896ea18127c84260	108	41	chatter:conversational opener; plan-mode:implementation plan
6abeb406896ea18127c8425f	108	40	chatter:conversational opener; plan-mode:implementation plan
6abeb406896ea18127c84264	108	45	chatter:conversational opener; plan-mode:implementation plan
6abeb406896ea18127c8427b	108	68	chatter:conversational opener; plan-mode:implementation plan
6abeb406896ea18127c8427f	108	72	chatter:conversational opener; plan-mode:implementation plan
6abeb406896ea18127c84283	108	76	chatter:conversational opener; plan-mode:implementation plan
6abeb406896ea18127c8428f	108	88	chatter:conversational opener; plan-mode:translation_plan
6abeb406896ea18127c84293	108	92	chatter:conversational opener; plan-mode:implementation plan
6abeb406896ea18127c8429b	108	100	chatter:conversational opener; plan-mode:implementation plan
6abeb406896ea18127c842b4	108	125	chatter:conversational opener; plan-mode:implementation plan
6abeb406896ea18127c842bc	108	133	plan-mode:/plan
6abeb406896ea18127c842da	108	163	chatter:conversational opener; plan-mode:implementation plan
6abeb406896ea18127c842dc	108	165	chatter:conversational opener; plan-mode:implementation plan
6abeb406896ea18127c842eb	108	180	chatter:conversational opener; plan-mode:implementation plan
6abeb406896ea18127c842fb	108	196	chatter:conversational opener; plan-mode:translation_plan
6abeb406896ea18127c84304	108	205	chatter:conversational opener; plan-mode:implementation plan
6abeb406896ea18127c84311	108	218	chatter:conversational opener; plan-mode:implementation plan
6abeb406896ea18127c84326	108	239	chatter:conversational opener; plan-mode:implementation plan
6abeb406896ea18127c84329	108	242	chatter:conversational opener; plan-mode:implementation plan
6abeb406896ea18127c84332	108	251	chatter:conversational opener; plan-mode:translation_plan
6abeb406896ea18127c84335	108	254	chatter:conversational opener; plan-mode:implementation plan
6abeb406896ea18127c84337	108	256	chatter:conversational opener; plan-mode:implementation plan
6abeb406896ea18127c8433c	108	261	chatter:conversational opener; plan-mode:implementation plan
6abeb406896ea18127c8433f	108	264	chatter:conversational opener; plan-mode:implementation plan
6abeb406896ea18127c84340	108	265	chatter:conversational opener; plan-mode:implementation plan
6abeb406896ea18127c84341	108	266	chatter:conversational opener; plan-mode:implementation plan
6abeb406896ea18127c84351	108	282	chatter:conversational opener; plan-mode:implementation plan
6abeb406896ea18127c84353	108	284	chatter:conversational opener; plan-mode:implementation plan
6abeb406896ea18127c84358	108	289	chatter:conversational opener; plan-mode:implementation plan
6abeb406896ea18127c8435d	108	294	chatter:conversational opener; plan-mode:implementation plan
6abeb406896ea18127c84369	108	306	chatter:conversational opener; plan-mode:implementation plan
6abeb406896ea18127c8436b	108	308	chatter:conversational opener; plan-mode:implementation plan
6abeb406896ea18127c8436f	108	312	chatter:conversational opener; plan-mode:implementation plan
6abeb406896ea18127c84378	108	321	chatter:conversational opener; plan-mode:implementation plan
6abeb406896ea18127c84379	108	322	chatter:conversational opener; plan-mode:implementation plan
6abeb406896ea18127c84382	108	331	chatter:conversational opener; plan-mode:implementation plan
6abeb406896ea18127c8438a	108	339	chatter:conversational opener; plan-mode:translation_plan
6abeb406896ea18127c8438b	108	340	chatter:conversational opener; plan-mode:translation_plan
6abeb406896ea18127c8438f	108	344	chatter:conversational opener; plan-mode:implementation plan
6abeb406896ea18127c84393	108	348	chatter:conversational opener; plan-mode:implementation plan; door:collapsed
6abeb406896ea18127c84395	108	350	chatter:conversational opener; plan-mode:translation_plan
6abeb406896ea18127c843aa	108	371	chatter:conversational opener; plan-mode:implementation plan
6abeb406896ea18127c843b5	108	382	chatter:conversational opener; plan-mode:implementation plan
6abeb406896ea18127c843ba	108	387	chatter:conversational opener; plan-mode:implementation plan
6abeb406896ea18127c843cf	108	408	chatter:conversational opener; plan-mode:implementation plan
6abeb406896ea18127c843d2	108	411	chatter:conversational opener; plan-mode:translation_plan
6abeb406896ea18127c843d5	108	414	chatter:conversational opener; plan-mode:translation_plan
6abeb406896ea18127c843dd	108	422	chatter:conversational opener; plan-mode:implementation plan
6abeb406896ea18127c843de	108	423	chatter:conversational opener; plan-mode:implementation plan
6abeb406896ea18127c843f7	108	448	chatter:conversational opener; plan-mode:implementation plan
6abeb406896ea18127c843f8	108	449	chatter:conversational opener; plan-mode:implementation plan
6abeb406896ea18127c843f9	108	450	chatter:conversational opener; plan-mode:implementation plan
6abeb406896ea18127c843fe	108	455	chatter:conversational opener; plan-mode:implementation plan
6abeb406896ea18127c84412	108	475	chatter:conversational opener; plan-mode:implementation plan
6abeb406896ea18127c8441a	108	483	chatter:conversational opener; plan-mode:implementation plan
6abeb406896ea18127c84428	108	497	chatter:conversational opener; plan-mode:implementation plan
6abeb406896ea18127c8442d	108	502	chatter:conversational opener; plan-mode:implementation plan
6abeb406896ea18127c84436	108	511	chatter:conversational opener; plan-mode:implementation plan
6abeb406896ea18127c84446	108	527	chatter:conversational opener; plan-mode:implementation plan; door:collapsed
6abeb406896ea18127c84448	108	529	chatter:conversational opener; plan-mode:implementation plan
6abeb406896ea18127c84450	108	537	chatter:conversational opener; plan-mode:implementation plan
6abeb406896ea18127c8445a	108	547	chatter:conversational opener; plan-mode:implementation plan
6abeb406896ea18127c8445b	108	548	chatter:conversational opener; plan-mode:implementation plan
6abeb406896ea18127c84460	108	553	chatter:conversational opener; plan-mode:implementation plan
6abeb406896ea18127c84464	108	557	chatter:conversational opener; plan-mode:implementation plan
6abeb406896ea18127c84465	108	558	chatter:conversational opener; plan-mode:implementation plan
6abeb406896ea18127c84467	108	560	chatter:conversational opener; plan-mode:implementation plan
6abeb406896ea18127c8447a	108	579	chatter:conversational opener; plan-mode:implementation plan
6abeb406896ea18127c8447c	108	581	chatter:conversational opener; plan-mode:implementation plan
6abeb406896ea18127c8447b	108	580	chatter:conversational opener; plan-mode:implementation plan
6abeb406896ea18127c8448c	108	597	chatter:conversational opener; plan-mode:implementation plan
6abeb406896ea18127c84494	108	605	chatter:conversational opener; plan-mode:implementation plan
6abeb406896ea18127c844a1	108	618	door:runaway
6abeb406896ea18127c844a3	108	620	plan-mode:Please review
6abeb406896ea18127c844a5	108	622	chatter:conversational opener; plan-mode:translation_plan
6abeb406896ea18127c844ad	108	630	chatter:conversational opener; plan-mode:implementation plan
6abeb442896ea18127c844ba	109	7	chatter:conversational opener; plan-mode:implementation plan
6abeb442896ea18127c844ca	109	23	chatter:conversational opener; plan-mode:translation_plan
6abeb442896ea18127c844d7	109	36	chatter:conversational opener; plan-mode:implementation plan
6abeb442896ea18127c844db	109	40	chatter:conversational opener; plan-mode:translation_plan
6abeb442896ea18127c844f2	109	63	chatter:conversational opener; plan-mode:implementation plan
6abeb442896ea18127c84501	109	78	chatter:conversational opener; plan-mode:implementation plan
6abeb442896ea18127c84510	109	93	chatter:conversational opener; plan-mode:implementation plan
6abeb442896ea18127c84515	109	98	chatter:conversational opener; plan-mode:implementation plan
6abeb442896ea18127c84517	109	100	chatter:conversational opener; plan-mode:translation_plan
6abeb442896ea18127c84540	109	141	chatter:conversational opener; plan-mode:implementation plan
6abeb442896ea18127c8454a	109	151	chatter:conversational opener; plan-mode:implementation plan
6abeb442896ea18127c8454c	109	153	chatter:conversational opener; plan-mode:translation_plan
6abeb442896ea18127c8456e	109	187	chatter:conversational opener; plan-mode:translation_plan
6abeb442896ea18127c84577	109	196	chatter:conversational opener; plan-mode:implementation plan
6abeb442896ea18127c84575	109	194	chatter:conversational opener; plan-mode:translation_plan
6abeb442896ea18127c84584	109	209	chatter:conversational opener; plan-mode:implementation plan
6abeb442896ea18127c84588	109	213	chatter:conversational opener; plan-mode:implementation plan
6abeb442896ea18127c84594	109	225	chatter:conversational opener; plan-mode:implementation plan
6abeb442896ea18127c8459f	109	236	chatter:conversational opener; plan-mode:translation_plan
6abeb442896ea18127c845a4	109	241	chatter:conversational opener; plan-mode:implementation plan
6abeb442896ea18127c845a9	109	246	chatter:conversational opener; plan-mode:implementation plan
6abeb442896ea18127c845b6	109	259	chatter:conversational opener; plan-mode:implementation plan
6abeb442896ea18127c845c3	109	272	chatter:conversational opener; plan-mode:implementation plan
6abeb442896ea18127c845c2	109	271	chatter:conversational opener; plan-mode:implementation plan
6abeb442896ea18127c845ce	109	283	chatter:conversational opener; plan-mode:implementation plan
6abeb442896ea18127c845d7	109	292	chatter:conversational opener; plan-mode:implementation plan
6abeb442896ea18127c845eb	109	312	chatter:conversational opener; plan-mode:implementation plan
6abeb442896ea18127c845ec	109	313	chatter:conversational opener; plan-mode:implementation plan
6abeb442896ea18127c84602	109	335	chatter:conversational opener; plan-mode:implementation plan
6abeb442896ea18127c84607	109	340	chatter:conversational opener; plan-mode:implementation plan
6abeb442896ea18127c8460e	109	347	chatter:conversational opener; plan-mode:implementation plan
6abeb442896ea18127c8460f	109	348	chatter:conversational opener; plan-mode:Please review
6abeb442896ea18127c84614	109	353	chatter:conversational opener; plan-mode:implementation plan
6abeb442896ea18127c84620	109	365	chatter:conversational opener; plan-mode:implementation plan
6abeb442896ea18127c84635	109	386	chatter:conversational opener; plan-mode:implementation plan
6abeb442896ea18127c84636	109	387	chatter:conversational opener; plan-mode:translation_plan
6abeb442896ea18127c84639	109	390	chatter:conversational opener; plan-mode:implementation plan
6abeb442896ea18127c8463d	109	394	chatter:conversational opener; plan-mode:implementation plan
6abeb442896ea18127c8463e	109	395	chatter:conversational opener; plan-mode:translation_plan
6abeb442896ea18127c84658	109	421	chatter:conversational opener; plan-mode:implementation plan
6abeb442896ea18127c84661	109	430	reasoning-leak:reasoning:warm museum; chatter:conversational opener; plan-mode:implementation plan; door:reasoning-leak
6abeb442896ea18127c84663	109	432	chatter:conversational opener; plan-mode:implementation plan
6abeb442896ea18127c84666	109	435	chatter:conversational opener; plan-mode:implementation plan
6abeb442896ea18127c84675	109	450	chatter:conversational opener; plan-mode:implementation plan
6abeb442896ea18127c8467b	109	456	chatter:conversational opener; plan-mode:implementation plan
6abeb442896ea18127c84687	109	468	chatter:conversational opener; plan-mode:translation_plan
6abeb442896ea18127c8468a	109	471	chatter:conversational opener; plan-mode:implementation plan
6abeb442896ea18127c84695	109	482	chatter:conversational opener; plan-mode:implementation plan
6abeb442896ea18127c8469e	109	491	chatter:conversational opener; plan-mode:implementation plan
6abeb442896ea18127c846a0	109	493	chatter:conversational opener; plan-mode:implementation plan
6abeb442896ea18127c846a4	109	497	chatter:conversational opener; plan-mode:implementation plan
6abeb442896ea18127c846d2	109	543	chatter:conversational opener; plan-mode:implementation plan
6abeb442896ea18127c846d4	109	545	chatter:conversational opener; plan-mode:translation_plan
6abeb442896ea18127c846e0	109	557	chatter:conversational opener; plan-mode:translation_plan
6abeb442896ea18127c846f5	109	578	chatter:conversational opener; plan-mode:translation_plan
6abeb442896ea18127c846f8	109	581	chatter:conversational opener; plan-mode:implementation plan
6abeb442896ea18127c846fe	109	587	chatter:conversational opener; plan-mode:implementation plan
6abeb442896ea18127c8470c	109	601	chatter:conversational opener; plan-mode:implementation plan
6abeb442896ea18127c8470f	109	604	chatter:conversational opener; plan-mode:translation_plan
6abeb442896ea18127c84714	109	609	chatter:conversational opener; plan-mode:implementation plan
6abeb442896ea18127c84715	109	610	chatter:conversational opener; plan-mode:translation_plan
6abeb442896ea18127c84717	109	612	chatter:conversational opener; plan-mode:implementation plan
6abeb442896ea18127c8471e	109	619	reasoning-leak:reasoning:I will output the final translation adhering strictly to the; chatter:conversational opener; plan-mode:implementation plan; door:reasoning-leak
6abeb442896ea18127c8471f	109	620	chatter:conversational opener; plan-mode:implementation plan
6abeb442896ea18127c84720	109	621	chatter:conversational opener; plan-mode:implementation plan
6abeb4ba896ea18127c8472c	110	5	chatter:conversational opener; plan-mode:implementation plan
6abeb4ba896ea18127c84741	110	26	chatter:conversational opener; plan-mode:implementation plan
6abeb4ba896ea18127c84744	110	29	chatter:conversational opener; plan-mode:implementation plan
6abeb4ba896ea18127c84742	110	27	chatter:conversational opener; plan-mode:implementation plan
6abeb4ba896ea18127c84747	110	32	chatter:conversational opener; plan-mode:translation_plan
6abeb4ba896ea18127c8474b	110	36	chatter:conversational opener; plan-mode:translation_plan
6abeb4ba896ea18127c84751	110	42	chatter:conversational opener; plan-mode:implementation plan
6abeb4ba896ea18127c8475c	110	53	chatter:conversational opener; plan-mode:implementation plan
6abeb4ba896ea18127c84760	110	57	chatter:conversational opener; plan-mode:implementation plan
6abeb4ba896ea18127c84761	110	58	chatter:conversational opener; plan-mode:translation_plan
6abeb4ba896ea18127c84768	110	65	chatter:conversational opener; plan-mode:implementation plan
6abeb4ba896ea18127c8476a	110	67	chatter:conversational opener; plan-mode:implementation plan
6abeb4ba896ea18127c8476b	110	68	chatter:conversational opener; plan-mode:implementation plan
6abeb4ba896ea18127c84778	110	81	chatter:conversational opener; plan-mode:plan.md
6abeb4ba896ea18127c8477b	110	84	chatter:conversational opener; plan-mode:implementation plan
6abeb4ba896ea18127c84780	110	89	chatter:conversational opener; plan-mode:implementation plan
6abeb4ba896ea18127c84788	110	97	chatter:conversational opener; plan-mode:translation_plan
6abeb4ba896ea18127c8478b	110	100	chatter:conversational opener; plan-mode:implementation plan
6abeb4ba896ea18127c84795	110	110	chatter:conversational opener; plan-mode:implementation plan
6abeb4ba896ea18127c84798	110	113	reasoning-leak:reasoning:I will output the final translation adhering strictly to the; chatter:conversational opener; plan-mode:implementation plan; door:reasoning-leak
6abeb4ba896ea18127c8479f	110	120	chatter:conversational opener; plan-mode:implementation plan
6abeb4ba896ea18127c847a9	110	130	chatter:conversational opener; plan-mode:output contract
6abeb4ba896ea18127c847af	110	136	chatter:conversational opener; plan-mode:implementation plan
6abeb4ba896ea18127c847b1	110	138	chatter:conversational opener; plan-mode:implementation plan
6abeb4ba896ea18127c847d0	110	169	chatter:conversational opener; plan-mode:implementation plan
6abeb4ba896ea18127c847d4	110	173	chatter:conversational opener; plan-mode:translation_plan
6abeb4ba896ea18127c847d7	110	176	chatter:conversational opener; plan-mode:translation_plan
6abeb4ba896ea18127c847d8	110	177	chatter:conversational opener; plan-mode:implementation plan
6abeb4ba896ea18127c847d9	110	178	chatter:conversational opener; plan-mode:translation_plan
6abeb4ba896ea18127c847df	110	184	chatter:conversational opener; plan-mode:implementation plan
6abeb4ba896ea18127c847f9	110	210	chatter:conversational opener; plan-mode:implementation plan
6abeb4ba896ea18127c847fa	110	211	chatter:conversational opener; plan-mode:implementation plan
6abeb4ba896ea18127c847fc	110	213	chatter:conversational opener; plan-mode:implementation plan
6abeb4ba896ea18127c84800	110	217	chatter:conversational opener; plan-mode:implementation plan
6abeb4ba896ea18127c84807	110	224	chatter:conversational opener; plan-mode:implementation plan
6abeb4ba896ea18127c8480f	110	232	chatter:conversational opener; plan-mode:implementation plan
6abeb4ba896ea18127c8481a	110	243	chatter:conversational opener; plan-mode:implementation plan
6abeb4ba896ea18127c84822	110	251	chatter:conversational opener; plan-mode:translation_plan
6abeb4ba896ea18127c84833	110	268	chatter:conversational opener; plan-mode:implementation plan
6abeb4ba896ea18127c8483e	110	279	chatter:conversational opener; plan-mode:translation_plan; door:collapsed
6abeb4ba896ea18127c84845	110	286	chatter:conversational opener; plan-mode:implementation plan
6abeb4ba896ea18127c84859	110	306	chatter:conversational opener; plan-mode:plan.md
6abeb4ba896ea18127c84851	110	298	chatter:conversational opener; plan-mode:implementation plan
6abeb4ba896ea18127c84862	110	315	chatter:conversational opener; plan-mode:plan.md
6abeb4ba896ea18127c84867	110	320	chatter:conversational opener; plan-mode:implementation plan
6abeb4ba896ea18127c8486e	110	327	chatter:conversational opener; plan-mode:translation_plan
6abeb4ba896ea18127c84870	110	329	chatter:conversational opener; plan-mode:implementation plan
6abeb4ba896ea18127c84874	110	333	chatter:conversational opener; plan-mode:implementation plan
6abeb4ba896ea18127c8487a	110	339	chatter:conversational opener; plan-mode:implementation plan
6abeb4ba896ea18127c8487d	110	342	chatter:conversational opener; plan-mode:translation_plan
6abeb4ba896ea18127c8487f	110	344	chatter:conversational opener; plan-mode:implementation plan
6abeb4ba896ea18127c84883	110	348	chatter:conversational opener; plan-mode:translation_plan
6abeb4ba896ea18127c8488a	110	355	chatter:conversational opener; plan-mode:implementation plan
6abeb4ba896ea18127c8488c	110	357	chatter:conversational opener; plan-mode:translation_plan
6abeb4ba896ea18127c848a2	110	379	chatter:conversational opener; plan-mode:implementation plan
6abeb4ba896ea18127c848ac	110	389	chatter:conversational opener; plan-mode:implementation plan
6abeb4ba896ea18127c848b5	110	398	chatter:conversational opener; plan-mode:implementation plan
6abeb4ba896ea18127c848c1	110	410	chatter:conversational opener; plan-mode:implementation plan
6abeb4ba896ea18127c848cd	110	422	chatter:conversational opener; plan-mode:implementation plan
6abeb4ba896ea18127c848d3	110	428	chatter:conversational opener; plan-mode:implementation plan
6abeb4ba896ea18127c848dc	110	437	chatter:conversational opener; plan-mode:translation_plan
6abeb4ba896ea18127c848de	110	439	chatter:conversational opener; plan-mode:implementation plan
6abeb4ba896ea18127c848e6	110	447	chatter:conversational opener; plan-mode:implementation plan
6abeb4ba896ea18127c848e7	110	448	chatter:conversational opener; plan-mode:implementation plan
6abeb4ba896ea18127c848e8	110	449	chatter:conversational opener; plan-mode:implementation plan
6abeb4ba896ea18127c848ef	110	456	chatter:conversational opener; plan-mode:implementation plan
6abeb4ba896ea18127c848f4	110	461	chatter:conversational opener; plan-mode:implementation plan
6abeb4ba896ea18127c848fd	110	470	chatter:conversational opener; plan-mode:translation_plan
6abeb4ba896ea18127c848fe	110	471	chatter:conversational opener; plan-mode:implementation plan
6abeb4ba896ea18127c84901	110	474	chatter:conversational opener; plan-mode:implementation plan
6abeb4ba896ea18127c84902	110	475	chatter:conversational opener; plan-mode:implementation plan
6abeb4ba896ea18127c84906	110	479	chatter:conversational opener; plan-mode:implementation plan
6abeb4ba896ea18127c84910	110	489	chatter:conversational opener; plan-mode:implementation plan
6abeb4ba896ea18127c84913	110	492	chatter:conversational opener; plan-mode:implementation plan
6abeb4ba896ea18127c84923	110	508	chatter:conversational opener; plan-mode:translation_plan
6abeb4ba896ea18127c8492b	110	516	chatter:conversational opener; plan-mode:implementation plan
6abeb4ba896ea18127c8492c	110	517	chatter:conversational opener; plan-mode:implementation plan
6abeb4ba896ea18127c8492e	110	519	chatter:conversational opener; plan-mode:implementation plan
6abeb4ba896ea18127c8493c	110	533	chatter:conversational opener; plan-mode:implementation plan
6abeb4ba896ea18127c84940	110	537	chatter:conversational opener; plan-mode:implementation plan
6abeb4ba896ea18127c84949	110	546	chatter:conversational opener; plan-mode:Please review
6abeb4ba896ea18127c84950	110	553	chatter:conversational opener; plan-mode:implementation plan
6abeb4ba896ea18127c8494f	110	552	chatter:conversational opener; plan-mode:implementation plan
6abeb4ba896ea18127c8495b	110	564	chatter:conversational opener; plan-mode:implementation plan
6abeb4ba896ea18127c84964	110	573	chatter:conversational opener; plan-mode:implementation plan
6abeb4ba896ea18127c84963	110	572	chatter:conversational opener; plan-mode:implementation plan
6abeb4ba896ea18127c84966	110	575	chatter:conversational opener; plan-mode:implementation plan
6abeb4ba896ea18127c84967	110	576	reasoning-leak:reasoning:system prompt; plan-mode:/plan; door:reasoning-leak
6abeb4ba896ea18127c84975	110	590	chatter:conversational opener; plan-mode:implementation plan
6abeb4ba896ea18127c84977	110	592	chatter:conversational opener; plan-mode:implementation plan
6abeb4ba896ea18127c84980	110	601	chatter:conversational opener; plan-mode:implementation plan
6abeb4ba896ea18127c8498c	110	613	chatter:conversational opener; plan-mode:translation_plan
6abeb4ba896ea18127c84987	110	608	door:runaway
6abeb4ba896ea18127c84994	110	621	chatter:conversational opener; plan-mode:implementation plan
6abeb4ba896ea18127c84996	110	623	chatter:conversational opener; plan-mode:implementation plan
6abeb4ba896ea18127c84998	110	625	chatter:conversational opener; plan-mode:implementation plan
6abeb4ba896ea18127c849a1	110	634	chatter:conversational opener; plan-mode:implementation plan
6abeb4ba896ea18127c849b7	110	656	chatter:conversational opener; plan-mode:implementation plan
6abeb4ba896ea18127c849c6	110	671	plan-mode:Please review
6abeb4ba896ea18127c849df	110	696	chatter:conversational opener; plan-mode:implementation plan
6abeb4ba896ea18127c849dc	110	693	chatter:conversational opener; plan-mode:implementation plan
6abeb4ba896ea18127c849e0	110	697	chatter:conversational opener; plan-mode:implementation plan
6abeb4ba896ea18127c849e2	110	699	chatter:conversational opener; plan-mode:implementation plan
6abeb4ba896ea18127c849eb	110	708	chatter:conversational opener; plan-mode:implementation plan
6abeb4ba896ea18127c849ed	110	710	plan-mode:Please review
6abeb4e8896ea18127c84a13	111	30	chatter:conversational opener; plan-mode:implementation plan
6abeb4e8896ea18127c84a20	111	43	chatter:conversational opener; plan-mode:implementation plan
6abeb4e8896ea18127c84a1f	111	42	chatter:conversational opener; plan-mode:implementation plan
6abeb4e8896ea18127c84a24	111	47	chatter:conversational opener; plan-mode:plan.md
6abeb4e8896ea18127c84a2c	111	55	chatter:conversational opener; plan-mode:implementation plan
6abeb4e8896ea18127c84a34	111	63	chatter:conversational opener; plan-mode:implementation plan
6abeb4e8896ea18127c84a38	111	67	chatter:conversational opener; plan-mode:implementation plan
6abeb4e8896ea18127c84a3c	111	71	chatter:conversational opener; plan-mode:implementation plan
6abeb4e8896ea18127c84a40	111	75	chatter:conversational opener; plan-mode:implementation plan
6abeb4e8896ea18127c84a47	111	82	chatter:conversational opener; plan-mode:implementation plan
6abeb4e8896ea18127c84a48	111	83	chatter:conversational opener; plan-mode:implementation plan
6abeb4e8896ea18127c84a50	111	91	chatter:conversational opener; plan-mode:implementation plan
6abeb4e8896ea18127c84a51	111	92	chatter:conversational opener; plan-mode:implementation plan
6abeb4e8896ea18127c84a61	111	108	chatter:conversational opener; plan-mode:implementation plan
6abeb4e8896ea18127c84a65	111	112	chatter:conversational opener; plan-mode:translation_plan
6abeb4e8896ea18127c84a6f	111	122	chatter:conversational opener; plan-mode:implementation plan
6abeb4e8896ea18127c84a77	111	130	chatter:conversational opener; plan-mode:implementation plan
6abeb4e8896ea18127c84a78	111	131	chatter:conversational opener; plan-mode:implementation plan; door:runaway
6abeb4e8896ea18127c84a82	111	141	chatter:conversational opener; plan-mode:implementation plan
6abeb4e8896ea18127c84a88	111	147	chatter:conversational opener; plan-mode:implementation plan
6abeb4e8896ea18127c84a94	111	159	chatter:conversational opener; plan-mode:implementation plan; door:collapsed
6abeb4e8896ea18127c84a9b	111	166	chatter:conversational opener; plan-mode:implementation plan
6abeb4e8896ea18127c84a9d	111	168	chatter:conversational opener; plan-mode:implementation plan
6abeb4e8896ea18127c84a9f	111	170	chatter:conversational opener; plan-mode:implementation plan
6abeb4e8896ea18127c84ab1	111	188	chatter:conversational opener; plan-mode:implementation plan
6abeb4e8896ea18127c84ab4	111	191	chatter:conversational opener; plan-mode:implementation plan
6abeb4e8896ea18127c84ab5	111	192	chatter:conversational opener; plan-mode:implementation plan; door:collapsed
6abeb4e8896ea18127c84aba	111	197	chatter:conversational opener; plan-mode:implementation plan
6abeb4e8896ea18127c84abc	111	199	chatter:conversational opener; plan-mode:implementation plan
6abeb4e8896ea18127c84ad5	111	224	chatter:conversational opener; plan-mode:implementation plan
6abeb4e8896ea18127c84ad8	111	227	chatter:conversational opener; plan-mode:implementation plan
6abeb4e8896ea18127c84ad7	111	226	chatter:conversational opener; plan-mode:implementation plan
6abeb4e8896ea18127c84ad9	111	228	chatter:conversational opener; plan-mode:implementation plan
6abeb4e8896ea18127c84ae2	111	237	chatter:conversational opener; plan-mode:implementation plan
6abeb4e8896ea18127c84ae6	111	241	chatter:conversational opener; plan-mode:implementation plan
6abeb4e8896ea18127c84ae5	111	240	chatter:conversational opener; plan-mode:implementation plan
6abeb4e8896ea18127c84b03	111	270	chatter:conversational opener; plan-mode:implementation plan
6abeb4e8896ea18127c84b04	111	271	chatter:conversational opener; plan-mode:implementation plan
6abeb4e8896ea18127c84b05	111	272	chatter:conversational opener; plan-mode:implementation plan
6abeb4e8896ea18127c84b0b	111	278	chatter:conversational opener; plan-mode:translation_plan
6abeb4e8896ea18127c84b12	111	285	chatter:conversational opener; plan-mode:implementation plan
6abeb4e8896ea18127c84b16	111	289	chatter:conversational opener; plan-mode:implementation plan
6abeb4e8896ea18127c84b23	111	302	chatter:conversational opener; plan-mode:implementation plan
6abeb4e8896ea18127c84b34	111	319	chatter:conversational opener; plan-mode:implementation plan
6abeb4e8896ea18127c84b3e	111	329	chatter:conversational opener; plan-mode:implementation plan
6abeb4e8896ea18127c84b41	111	332	reasoning-leak:reasoning:Wait, the prompt; plan-mode:/plan; door:reasoning-leak
6abeb4e8896ea18127c84b4b	111	342	chatter:conversational opener; plan-mode:implementation plan
6abeb4e8896ea18127c84b50	111	347	chatter:conversational opener; plan-mode:implementation plan
6abeb4e8896ea18127c84b51	111	348	chatter:conversational opener; plan-mode:implementation plan
6abeb4e8896ea18127c84b55	111	352	chatter:conversational opener; plan-mode:implementation plan
6abeb4e8896ea18127c84b59	111	356	chatter:conversational opener; plan-mode:implementation plan
6abeb4e8896ea18127c84b66	111	369	chatter:conversational opener; plan-mode:implementation plan
6abeb4e8896ea18127c84b67	111	370	chatter:conversational opener; plan-mode:implementation plan
6abeb4e8896ea18127c84b6a	111	373	chatter:conversational opener; plan-mode:implementation plan
6abeb4e8896ea18127c84b6e	111	377	chatter:conversational opener; plan-mode:implementation plan
6abeb4e8896ea18127c84b65	111	368	chatter:conversational opener; plan-mode:implementation plan
6abeb4e8896ea18127c84b7f	111	394	chatter:conversational opener; plan-mode:implementation plan
6abeb4e8896ea18127c84b80	111	395	chatter:conversational opener; plan-mode:implementation plan
6abeb4e8896ea18127c84b85	111	400	chatter:conversational opener; plan-mode:implementation plan
6abeb4e8896ea18127c84b8a	111	405	chatter:conversational opener; plan-mode:implementation plan
6abeb4e8896ea18127c84b8d	111	408	chatter:conversational opener; plan-mode:implementation plan
6abeb4e8896ea18127c84b91	111	412	chatter:conversational opener; plan-mode:implementation plan
6abeb4e8896ea18127c84b96	111	417	chatter:conversational opener; plan-mode:implementation plan
6abeb4e8896ea18127c84b98	111	419	chatter:conversational opener; plan-mode:implementation plan
6abeb4e8896ea18127c84b9a	111	421	chatter:conversational opener; plan-mode:implementation plan
6abeb4e8896ea18127c84b9e	111	425	chatter:conversational opener; plan-mode:implementation plan
6abeb4e8896ea18127c84baf	111	442	chatter:conversational opener; plan-mode:implementation plan
6abeb4e8896ea18127c84bb2	111	445	chatter:conversational opener; plan-mode:implementation plan
6abeb4e8896ea18127c84bb3	111	446	chatter:conversational opener; plan-mode:implementation plan
6abeb4e8896ea18127c84bb4	111	447	chatter:conversational opener; plan-mode:implementation plan
6abeb4e8896ea18127c84bbc	111	455	chatter:conversational opener; plan-mode:implementation plan
6abeb4e8896ea18127c84bc7	111	466	reasoning-leak:reasoning:I will output the final translation strictly adhering to the; chatter:conversational opener; plan-mode:implementation plan; door:reasoning-leak
6abeb4e8896ea18127c84bcc	111	471	chatter:conversational opener; plan-mode:implementation plan
6abeb4e8896ea18127c84bd5	111	480	chatter:conversational opener; plan-mode:translation_plan
6abeb4e8896ea18127c84bd9	111	484	chatter:conversational opener; plan-mode:implementation plan
6abeb4e8896ea18127c84bdc	111	487	chatter:conversational opener; plan-mode:implementation plan
6abeb4e8896ea18127c84bea	111	501	chatter:conversational opener; plan-mode:implementation plan
6abeb4e8896ea18127c84bf0	111	507	chatter:conversational opener; plan-mode:implementation plan
6abeb4e8896ea18127c84bff	111	522	chatter:conversational opener; plan-mode:implementation plan
6abeb4e8896ea18127c84c03	111	526	chatter:conversational opener; plan-mode:implementation plan
6abeb4e8896ea18127c84c06	111	529	chatter:conversational opener; plan-mode:implementation plan
6abeb4e8896ea18127c84c11	111	540	chatter:conversational opener; plan-mode:implementation plan
6abeb4e8896ea18127c84c1c	111	551	chatter:conversational opener; plan-mode:implementation plan
6abeb4e8896ea18127c84c22	111	557	chatter:conversational opener; plan-mode:implementation plan
6abeb4e8896ea18127c84c20	111	555	chatter:conversational opener; plan-mode:implementation plan
6abeb4e8896ea18127c84c25	111	560	chatter:conversational opener; plan-mode:translation_plan
6abeb4e8896ea18127c84c3e	111	585	chatter:conversational opener; plan-mode:translation_plan
6abeb4e8896ea18127c84c5c	111	615	chatter:conversational opener; plan-mode:implementation plan
6abeb51e896ea18127c84c6d	112	4	chatter:conversational opener; plan-mode:implementation plan
6abeb51e896ea18127c84c79	112	16	chatter:conversational opener; plan-mode:implementation plan
6abeb51e896ea18127c84c86	112	29	chatter:conversational opener
6abeb51e896ea18127c84c97	112	46	chatter:conversational opener; plan-mode:implementation plan
6abeb51e896ea18127c84c9f	112	54	chatter:conversational opener; plan-mode:implementation plan
6abeb51e896ea18127c84ca6	112	61	chatter:conversational opener; plan-mode:implementation plan
6abeb51e896ea18127c84caa	112	65	chatter:conversational opener; plan-mode:implementation plan
6abeb51e896ea18127c84cd9	112	112	chatter:conversational opener; plan-mode:implementation plan; door:collapsed
6abeb51e896ea18127c84ceb	112	130	chatter:conversational opener; plan-mode:implementation plan
6abeb51e896ea18127c84cec	112	131	chatter:conversational opener; plan-mode:implementation plan
6abeb51e896ea18127c84cf6	112	141	chatter:conversational opener; plan-mode:implementation plan
6abeb51e896ea18127c84cfb	112	146	chatter:conversational opener; plan-mode:implementation plan
6abeb51e896ea18127c84d02	112	153	chatter:conversational opener; plan-mode:implementation plan
6abeb51e896ea18127c84d10	112	167	chatter:conversational opener; plan-mode:implementation plan
6abeb51e896ea18127c84d12	112	169	chatter:conversational opener; plan-mode:implementation plan
6abeb51e896ea18127c84d19	112	176	chatter:conversational opener; plan-mode:implementation plan
6abeb51e896ea18127c84d21	112	184	chatter:conversational opener; plan-mode:implementation plan
6abeb51e896ea18127c84d23	112	186	chatter:conversational opener; plan-mode:implementation plan
6abeb51e896ea18127c84d2f	112	198	chatter:conversational opener; plan-mode:implementation plan
6abeb51e896ea18127c84d37	112	206	chatter:conversational opener; plan-mode:implementation plan
6abeb51e896ea18127c84d39	112	208	chatter:conversational opener; plan-mode:implementation plan
6abeb51e896ea18127c84d3d	112	212	chatter:conversational opener; plan-mode:implementation plan
6abeb51e896ea18127c84d44	112	219	chatter:conversational opener; plan-mode:implementation plan
6abeb51e896ea18127c84d46	112	221	chatter:conversational opener; plan-mode:implementation plan
6abeb51e896ea18127c84d5a	112	241	chatter:conversational opener; plan-mode:implementation plan
6abeb51e896ea18127c84d69	112	256	chatter:conversational opener; plan-mode:implementation plan
6abeb51e896ea18127c84d6a	112	257	chatter:conversational opener; plan-mode:implementation plan
6abeb51e896ea18127c84d6d	112	260	chatter:conversational opener; plan-mode:implementation plan
6abeb51e896ea18127c84d70	112	263	chatter:conversational opener; plan-mode:implementation plan
6abeb51e896ea18127c84d76	112	269	chatter:conversational opener; plan-mode:implementation plan
6abeb51e896ea18127c84d7c	112	275	chatter:conversational opener; plan-mode:translation_plan
6abeb51e896ea18127c84d7d	112	276	chatter:conversational opener; plan-mode:translation_plan
6abeb51e896ea18127c84d8d	112	292	chatter:conversational opener; plan-mode:implementation plan
6abeb51e896ea18127c84d9f	112	310	chatter:conversational opener; plan-mode:implementation plan
6abeb51e896ea18127c84d9e	112	309	chatter:conversational opener; plan-mode:plan.md
6abeb51e896ea18127c84da6	112	317	chatter:conversational opener; plan-mode:implementation plan
6abeb51e896ea18127c84dae	112	325	chatter:conversational opener; plan-mode:implementation plan
6abeb51e896ea18127c84daf	112	326	chatter:conversational opener; plan-mode:translation_plan
6abeb51e896ea18127c84db1	112	328	chatter:conversational opener; plan-mode:implementation plan
6abeb51e896ea18127c84db3	112	330	chatter:conversational opener; plan-mode:implementation plan
6abeb51e896ea18127c84dbb	112	338	chatter:conversational opener; plan-mode:translation_plan
6abeb51e896ea18127c84dbf	112	342	chatter:conversational opener; plan-mode:implementation plan
6abeb51e896ea18127c84dc1	112	344	chatter:conversational opener; plan-mode:implementation plan
6abeb51e896ea18127c84dc9	112	352	chatter:conversational opener; plan-mode:implementation plan
6abeb51e896ea18127c84dd5	112	364	chatter:conversational opener; plan-mode:implementation plan
6abeb51e896ea18127c84dde	112	373	chatter:conversational opener; plan-mode:implementation plan
6abeb51e896ea18127c84de5	112	380	chatter:conversational opener; plan-mode:implementation plan
6abeb51e896ea18127c84dfa	112	401	chatter:conversational opener; plan-mode:implementation plan
6abeb51e896ea18127c84dfb	112	402	chatter:conversational opener; plan-mode:implementation plan
6abeb51e896ea18127c84e02	112	409	chatter:conversational opener; plan-mode:implementation plan
6abeb51e896ea18127c84e0d	112	420	chatter:conversational opener; plan-mode:implementation plan
6abeb51e896ea18127c84e14	112	427	chatter:conversational opener; plan-mode:implementation plan
6abeb51e896ea18127c84e1a	112	433	chatter:conversational opener; plan-mode:implementation plan
6abeb51e896ea18127c84e23	112	442	chatter:conversational opener; plan-mode:implementation plan
6abeb51e896ea18127c84e2f	112	454	plan-mode:Please review
6abeb51e896ea18127c84e39	112	464	chatter:conversational opener; plan-mode:implementation plan
6abeb51e896ea18127c84e3c	112	467	chatter:conversational opener; plan-mode:implementation plan
6abeb51e896ea18127c84e3f	112	470	chatter:conversational opener; plan-mode:translation_plan
6abeb51e896ea18127c84e41	112	472	chatter:conversational opener; plan-mode:implementation plan
6abeb51e896ea18127c84e5c	112	499	chatter:conversational opener; plan-mode:translation_plan
6abeb51e896ea18127c84e67	112	510	chatter:conversational opener; plan-mode:implementation plan
6abeb51e896ea18127c84e69	112	512	chatter:conversational opener; plan-mode:translation_plan
6abeb51e896ea18127c84e6b	112	514	chatter:conversational opener; plan-mode:implementation plan
6abeb51e896ea18127c84e6c	112	515	chatter:conversational opener; plan-mode:implementation plan
6abed3fd896ea18127c8d275	174	1	chatter:conversational opener; plan-mode:implementation plan
6abed3fd896ea18127c8d27d	174	9	chatter:conversational opener; plan-mode:implementation plan
6abed3fd896ea18127c8d283	174	15	chatter:conversational opener; plan-mode:implementation plan
6abed3fd896ea18127c8d284	174	16	chatter:conversational opener; plan-mode:implementation plan
6abed3fd896ea18127c8d297	174	35	chatter:conversational opener; plan-mode:implementation plan
6abed3fd896ea18127c8d296	174	34	chatter:conversational opener; plan-mode:implementation plan
6abed3fd896ea18127c8d29c	174	40	chatter:conversational opener; plan-mode:implementation plan
6abed3fd896ea18127c8d2a2	174	46	chatter:conversational opener; plan-mode:implementation plan
6abed3fd896ea18127c8d2b3	174	63	chatter:conversational opener; plan-mode:implementation plan
6abed3fd896ea18127c8d2bb	174	71	chatter:conversational opener; plan-mode:implementation plan
6abed3fd896ea18127c8d2c6	174	82	chatter:conversational opener; plan-mode:implementation plan
6abed3fd896ea18127c8d2cb	174	87	chatter:conversational opener; plan-mode:implementation plan
6abed3fd896ea18127c8d2cc	174	88	chatter:conversational opener; plan-mode:implementation plan
6abed3fd896ea18127c8d2cf	174	91	chatter:conversational opener; plan-mode:implementation plan
6abed3fd896ea18127c8d2d3	174	95	chatter:conversational opener; plan-mode:implementation plan
6abed3fd896ea18127c8d2d6	174	98	chatter:conversational opener; plan-mode:implementation plan
6abed3fd896ea18127c8d2dd	174	105	chatter:conversational opener; plan-mode:implementation plan
6abed3fd896ea18127c8d2de	174	106	chatter:conversational opener; plan-mode:implementation plan
6abed3fd896ea18127c8d2e3	174	111	chatter:conversational opener; plan-mode:translation_plan
6abed3fd896ea18127c8d2e6	174	114	chatter:conversational opener; plan-mode:implementation plan
6abed3fd896ea18127c8d2e7	174	115	chatter:conversational opener; plan-mode:implementation plan
6abed3fd896ea18127c8d2ed	174	121	chatter:conversational opener; plan-mode:implementation plan
6abed3fd896ea18127c8d2f1	174	125	chatter:conversational opener; plan-mode:implementation plan
6abed3fd896ea18127c8d2f6	174	130	chatter:conversational opener; plan-mode:implementation plan
6abed3fd896ea18127c8d2f8	174	132	chatter:conversational opener; plan-mode:implementation plan
6abed3fd896ea18127c8d301	174	141	chatter:conversational opener; plan-mode:implementation plan
6abed3fd896ea18127c8d303	174	143	chatter:conversational opener; plan-mode:implementation plan
6abed3fd896ea18127c8d305	174	145	chatter:conversational opener; plan-mode:implementation plan
6abed3fd896ea18127c8d314	174	160	chatter:conversational opener; plan-mode:implementation plan
6abed3fd896ea18127c8d315	174	161	chatter:conversational opener; plan-mode:translation_plan
6abed3fd896ea18127c8d31b	174	167	chatter:conversational opener; plan-mode:implementation plan
6abed3fd896ea18127c8d31e	174	170	chatter:conversational opener; plan-mode:implementation plan
6abed3fd896ea18127c8d320	174	172	chatter:conversational opener; plan-mode:implementation plan
6abed3fd896ea18127c8d322	174	174	chatter:conversational opener; plan-mode:implementation plan
6abed3fd896ea18127c8d329	174	181	chatter:conversational opener; plan-mode:implementation plan
6abed3fd896ea18127c8d32a	174	182	chatter:conversational opener; plan-mode:implementation plan
6abed3fd896ea18127c8d326	174	178	door:runaway
6abed3fd896ea18127c8d32c	174	184	chatter:conversational opener; plan-mode:implementation plan
6abed3fd896ea18127c8d32d	174	185	chatter:conversational opener; plan-mode:implementation plan
6abed3fd896ea18127c8d336	174	194	chatter:conversational opener; plan-mode:translation_plan
6abed3fd896ea18127c8d33d	174	201	chatter:conversational opener; plan-mode:implementation plan
6abed3fd896ea18127c8d346	174	210	chatter:conversational opener; plan-mode:implementation plan
6abed3fd896ea18127c8d35a	174	230	chatter:conversational opener; plan-mode:implementation plan
6abed3fd896ea18127c8d360	174	236	chatter:conversational opener; plan-mode:implementation plan
6abed3fd896ea18127c8d379	174	261	chatter:conversational opener; plan-mode:implementation plan
6abed3fd896ea18127c8d37b	174	263	plan-mode:/plan; door:runaway
6abed3fd896ea18127c8d389	174	277	chatter:conversational opener; plan-mode:implementation plan
6abed3fd896ea18127c8d38f	174	283	chatter:conversational opener; plan-mode:implementation plan
6abed3fd896ea18127c8d394	174	288	chatter:conversational opener; plan-mode:implementation plan
6abed3fd896ea18127c8d39a	174	294	chatter:conversational opener; plan-mode:implementation plan
6abed3fd896ea18127c8d39b	174	295	chatter:conversational opener; plan-mode:implementation plan
6abed3fd896ea18127c8d3a1	174	301	chatter:conversational opener; plan-mode:translation_plan
6abed3fd896ea18127c8d3a8	174	308	chatter:conversational opener; plan-mode:implementation plan
6abed3fd896ea18127c8d3b2	174	318	chatter:conversational opener; plan-mode:implementation plan
6abed3fd896ea18127c8d3b6	174	322	chatter:conversational opener; plan-mode:implementation plan
6abed3fd896ea18127c8d3bc	174	328	chatter:conversational opener; plan-mode:implementation plan
6abed3fd896ea18127c8d3c6	174	338	chatter:conversational opener; plan-mode:implementation plan
6abed3fd896ea18127c8d3c4	174	336	chatter:conversational opener; plan-mode:implementation plan
6abed3fd896ea18127c8d3c8	174	340	chatter:conversational opener; plan-mode:implementation plan
6abed3fd896ea18127c8d3c9	174	341	chatter:conversational opener; plan-mode:translation_plan
6abed3fd896ea18127c8d3d5	174	353	chatter:conversational opener; plan-mode:implementation plan
6abed3fd896ea18127c8d3d8	174	356	chatter:conversational opener; plan-mode:implementation plan
6abed3fd896ea18127c8d3d9	174	357	chatter:conversational opener; plan-mode:implementation plan
6abed3fd896ea18127c8d3dc	174	360	chatter:conversational opener; plan-mode:implementation plan
6abed3fd896ea18127c8d3df	174	363	chatter:conversational opener; plan-mode:translation_plan
6abed3fd896ea18127c8d3e2	174	366	chatter:conversational opener; plan-mode:translation_plan
6abed3fd896ea18127c8d3e5	174	369	chatter:conversational opener; plan-mode:implementation plan
6abed3fd896ea18127c8d3f4	174	384	chatter:conversational opener; plan-mode:translation_plan
6abed3fd896ea18127c8d409	174	405	plan-mode:Please review
6abed3fd896ea18127c8d40e	174	410	chatter:conversational opener; plan-mode:implementation plan
6abed3fd896ea18127c8d41c	174	424	chatter:conversational opener; plan-mode:implementation plan
6abed3fd896ea18127c8d425	174	433	chatter:conversational opener; plan-mode:implementation plan
6abed3fd896ea18127c8d427	174	435	chatter:conversational opener; plan-mode:implementation plan
6abed3fd896ea18127c8d42e	174	442	chatter:conversational opener; plan-mode:implementation plan
6abed3fd896ea18127c8d43f	174	459	chatter:conversational opener; plan-mode:implementation plan
6abed3fd896ea18127c8d445	174	465	chatter:conversational opener; plan-mode:translation_plan
6abed3fd896ea18127c8d45a	174	486	chatter:conversational opener; plan-mode:translation_plan
6abed3fd896ea18127c8d460	174	492	chatter:conversational opener; plan-mode:implementation plan
6abed3fd896ea18127c8d466	174	498	chatter:conversational opener; plan-mode:implementation plan
6abed3fd896ea18127c8d467	174	499	chatter:conversational opener; plan-mode:implementation plan
6abed3fd896ea18127c8d46a	174	502	chatter:conversational opener; plan-mode:implementation plan
6abed3fd896ea18127c8d47a	174	518	chatter:conversational opener; plan-mode:implementation plan
6abed3fd896ea18127c8d47e	174	522	chatter:conversational opener; plan-mode:translation_plan
6abed3fd896ea18127c8d48d	174	537	chatter:conversational opener; plan-mode:implementation plan
6abed3fd896ea18127c8d494	174	544	chatter:conversational opener; plan-mode:implementation plan
6abed3fd896ea18127c8d498	174	548	chatter:conversational opener; plan-mode:implementation plan
6abed3fd896ea18127c8d49a	174	550	chatter:conversational opener; plan-mode:implementation plan
6abed3fd896ea18127c8d49b	174	551	door:runaway
6abed3fd896ea18127c8d4a6	174	562	chatter:conversational opener; plan-mode:implementation plan
6abed3fd896ea18127c8d4a9	174	565	chatter:conversational opener; plan-mode:implementation plan
6abed3fd896ea18127c8d4aa	174	566	chatter:conversational opener; plan-mode:implementation plan
6abed3fd896ea18127c8d4ae	174	570	chatter:conversational opener; plan-mode:implementation plan
6abed3fd896ea18127c8d4b8	174	580	chatter:conversational opener; plan-mode:implementation plan
6abed3fd896ea18127c8d4bd	174	585	chatter:conversational opener; plan-mode:implementation plan
6abed3fd896ea18127c8d4c6	174	594	chatter:conversational opener; plan-mode:implementation plan
6abed3fd896ea18127c8d4cf	174	603	chatter:conversational opener; plan-mode:implementation plan
6abed3fd896ea18127c8d4d1	174	605	chatter:conversational opener; plan-mode:translation_plan
6abed3fd896ea18127c8d4d8	174	612	chatter:conversational opener; plan-mode:implementation plan
6abed3fd896ea18127c8d4e0	174	620	chatter:conversational opener; plan-mode:implementation plan
6abed3fd896ea18127c8d4ec	174	632	chatter:conversational opener; plan-mode:implementation plan
6abed3fd896ea18127c8d4fe	174	650	chatter:conversational opener; plan-mode:implementation plan
6abed3fd896ea18127c8d504	174	656	chatter:conversational opener; plan-mode:implementation plan
6abed3fd896ea18127c8d50d	174	665	chatter:conversational opener; plan-mode:implementation plan
6abed3fd896ea18127c8d518	174	676	chatter:conversational opener; plan-mode:translation_plan
6abed3fd896ea18127c8d519	174	677	chatter:conversational opener; plan-mode:implementation plan
6abed3fd896ea18127c8d520	174	684	chatter:conversational opener; plan-mode:implementation plan
6abed3fd896ea18127c8d523	174	687	chatter:conversational opener; plan-mode:implementation plan
6abed3fd896ea18127c8d522	174	686	door:runaway
6abed3fd896ea18127c8d52b	174	695	chatter:conversational opener; plan-mode:implementation plan
6abed3fd896ea18127c8d52e	174	698	chatter:conversational opener; plan-mode:implementation plan
6abed3fd896ea18127c8d53a	174	710	chatter:conversational opener; plan-mode:implementation plan
6abed3fd896ea18127c8d542	174	718	chatter:conversational opener; plan-mode:translation_plan
6abed3fd896ea18127c8d546	174	722	chatter:conversational opener; plan-mode:implementation plan
6abed3fd896ea18127c8d548	174	724	chatter:conversational opener; plan-mode:implementation plan
6abed3fd896ea18127c8d54b	174	727	chatter:conversational opener; plan-mode:translation_plan
6abed3fd896ea18127c8d545	174	721	chatter:conversational opener; plan-mode:implementation plan
6abed42d896ea18127c8d55d	175	12	chatter:conversational opener; plan-mode:implementation plan
6abed42d896ea18127c8d55e	175	13	chatter:conversational opener; plan-mode:translation_plan
6abed42d896ea18127c8d563	175	18	chatter:conversational opener; plan-mode:implementation plan
6abed42d896ea18127c8d57c	175	43	chatter:conversational opener; plan-mode:implementation plan
6abed42d896ea18127c8d57f	175	46	chatter:conversational opener; plan-mode:implementation plan
6abed42d896ea18127c8d589	175	56	chatter:conversational opener; plan-mode:implementation plan
6abed42d896ea18127c8d58e	175	61	chatter:conversational opener; plan-mode:implementation plan
6abed42d896ea18127c8d5b4	175	99	chatter:conversational opener; plan-mode:implementation plan
6abed42d896ea18127c8d5b8	175	103	chatter:conversational opener; plan-mode:implementation plan
6abed42d896ea18127c8d5b9	175	104	chatter:conversational opener; plan-mode:translation_plan
6abed42d896ea18127c8d5be	175	109	chatter:conversational opener; plan-mode:implementation plan
6abed42d896ea18127c8d5d2	175	129	chatter:conversational opener; plan-mode:implementation plan
6abed42d896ea18127c8d5e8	175	151	chatter:conversational opener; plan-mode:implementation plan
6abed42d896ea18127c8d5e7	175	150	chatter:conversational opener; plan-mode:translation_plan
6abed42d896ea18127c8d5f9	175	168	chatter:conversational opener; plan-mode:implementation plan
6abed42d896ea18127c8d624	175	211	chatter:conversational opener; plan-mode:implementation plan
6abed42d896ea18127c8d623	175	210	chatter:conversational opener; plan-mode:translation_plan
6abed42d896ea18127c8d62d	175	220	chatter:conversational opener; plan-mode:implementation plan
6abed42d896ea18127c8d631	175	224	chatter:conversational opener; plan-mode:implementation plan
6abed42d896ea18127c8d637	175	230	chatter:conversational opener; plan-mode:implementation plan
6abed42d896ea18127c8d63e	175	237	chatter:conversational opener; plan-mode:implementation plan
6abed42d896ea18127c8d642	175	241	chatter:conversational opener; plan-mode:implementation plan
6abed42d896ea18127c8d64e	175	253	chatter:conversational opener; plan-mode:implementation plan
6abed42d896ea18127c8d65d	175	268	chatter:conversational opener; plan-mode:translation_plan
6abed42d896ea18127c8d665	175	276	chatter:conversational opener; plan-mode:translation_plan
6abed42d896ea18127c8d666	175	277	chatter:conversational opener; plan-mode:implementation plan
6abed42d896ea18127c8d662	175	273	chatter:conversational opener; plan-mode:implementation plan
6abed42d896ea18127c8d66e	175	285	chatter:conversational opener; plan-mode:implementation plan
6abed42d896ea18127c8d67e	175	301	chatter:conversational opener; plan-mode:implementation plan
6abed42d896ea18127c8d67f	175	302	chatter:conversational opener; plan-mode:implementation plan
6abed42d896ea18127c8d684	175	307	plan-mode:/plan
6abed42d896ea18127c8d68a	175	313	chatter:conversational opener; plan-mode:implementation plan
6abed42d896ea18127c8d68f	175	318	chatter:conversational opener; plan-mode:implementation plan
6abed42d896ea18127c8d699	175	328	chatter:conversational opener; plan-mode:implementation plan
6abed42d896ea18127c8d698	175	327	chatter:conversational opener; plan-mode:implementation plan
6abed42d896ea18127c8d6a4	175	339	chatter:conversational opener; plan-mode:implementation plan
6abed42d896ea18127c8d6af	175	350	chatter:conversational opener; plan-mode:translation_plan
6abed42d896ea18127c8d6c0	175	367	chatter:conversational opener; plan-mode:plan.md
6abed42d896ea18127c8d6c3	175	370	chatter:conversational opener; plan-mode:implementation plan
6abed42d896ea18127c8d6d7	175	390	chatter:conversational opener; plan-mode:implementation plan
6abed42d896ea18127c8d6d9	175	392	chatter:conversational opener; plan-mode:implementation plan
6abed42d896ea18127c8d6e3	175	402	chatter:conversational opener; plan-mode:implementation plan
6abed42d896ea18127c8d6df	175	398	chatter:conversational opener; plan-mode:implementation plan
6abed42d896ea18127c8d6f6	175	421	chatter:conversational opener; plan-mode:translation_plan
6abed42d896ea18127c8d6ff	175	430	chatter:conversational opener; plan-mode:implementation plan
6abed42d896ea18127c8d701	175	432	chatter:conversational opener; plan-mode:implementation plan
6abed42d896ea18127c8d70c	175	443	chatter:conversational opener; plan-mode:implementation plan
6abed42d896ea18127c8d715	175	452	chatter:conversational opener; plan-mode:translation_plan
6abed42d896ea18127c8d71b	175	458	chatter:conversational opener; plan-mode:implementation plan; door:collapsed
6abed42d896ea18127c8d71c	175	459	chatter:conversational opener; plan-mode:implementation plan
6abed42d896ea18127c8d72c	175	475	chatter:conversational opener; plan-mode:translation_plan
6abed42d896ea18127c8d72b	175	474	chatter:conversational opener; plan-mode:implementation plan
6abed42d896ea18127c8d734	175	483	chatter:conversational opener; plan-mode:implementation plan
6abed42d896ea18127c8d73c	175	491	chatter:conversational opener; plan-mode:implementation plan
6abed42d896ea18127c8d73f	175	494	chatter:conversational opener; plan-mode:implementation plan
6abed42d896ea18127c8d745	175	500	chatter:conversational opener; plan-mode:implementation plan
6abed42d896ea18127c8d744	175	499	chatter:conversational opener; plan-mode:implementation plan
6abed42d896ea18127c8d752	175	513	chatter:conversational opener; plan-mode:translation_plan
6abed42d896ea18127c8d760	175	527	chatter:conversational opener; plan-mode:implementation plan
6abed42d896ea18127c8d762	175	529	chatter:conversational opener; plan-mode:implementation plan
6abed42d896ea18127c8d764	175	531	chatter:conversational opener; plan-mode:implementation plan
6abed42d896ea18127c8d769	175	536	chatter:conversational opener; plan-mode:implementation plan
6abed42d896ea18127c8d775	175	548	chatter:conversational opener; plan-mode:translation_plan
6abed42d896ea18127c8d786	175	565	chatter:conversational opener; plan-mode:implementation plan
6abed42d896ea18127c8d789	175	568	chatter:conversational opener; plan-mode:implementation plan
6abed42d896ea18127c8d78a	175	569	chatter:conversational opener; plan-mode:implementation plan
6abed42d896ea18127c8d790	175	575	chatter:conversational opener; plan-mode:translation_plan
6abed42d896ea18127c8d792	175	577	chatter:conversational opener; plan-mode:implementation plan
6abed42d896ea18127c8d799	175	584	chatter:conversational opener; plan-mode:implementation plan
6abed42d896ea18127c8d79e	175	589	chatter:conversational opener; plan-mode:implementation plan
6abed42d896ea18127c8d7c1	175	624	chatter:conversational opener; plan-mode:implementation plan
6abed42d896ea18127c8d7ca	175	633	chatter:conversational opener; plan-mode:implementation plan
6abed42d896ea18127c8d7d0	175	639	chatter:conversational opener; plan-mode:implementation plan
6abed42d896ea18127c8d7d7	175	646	chatter:conversational opener; plan-mode:translation_plan
6abed42d896ea18127c8d7db	175	650	chatter:conversational opener; plan-mode:implementation plan
6abed42d896ea18127c8d7ee	175	669	chatter:conversational opener; plan-mode:implementation plan
6abed42d896ea18127c8d7f3	175	674	chatter:conversational opener; plan-mode:implementation plan
6abed42d896ea18127c8d7fd	175	684	chatter:conversational opener; plan-mode:implementation plan
6abed42d896ea18127c8d7fe	175	685	chatter:conversational opener; plan-mode:translation_plan
6abed42d896ea18127c8d7ff	175	686	chatter:conversational opener; plan-mode:implementation plan
6abed42d896ea18127c8d801	175	688	chatter:conversational opener; plan-mode:translation_plan
6abed42d896ea18127c8d808	175	695	chatter:conversational opener; plan-mode:implementation plan
6abed42d896ea18127c8d81b	175	714	chatter:conversational opener; plan-mode:implementation plan
6abed47c896ea18127c8d824	176	2	chatter:conversational opener; plan-mode:implementation plan
6abed47c896ea18127c8d836	176	20	chatter:conversational opener; plan-mode:implementation plan
6abed47c896ea18127c8d838	176	22	chatter:conversational opener; plan-mode:implementation plan
6abed47c896ea18127c8d846	176	36	chatter:conversational opener; plan-mode:implementation plan
6abed47c896ea18127c8d84d	176	43	chatter:conversational opener; plan-mode:implementation plan
6abed47c896ea18127c8d866	176	68	chatter:conversational opener; plan-mode:implementation plan
6abed47c896ea18127c8d864	176	66	chatter:conversational opener; plan-mode:implementation plan
6abed47c896ea18127c8d867	176	69	chatter:conversational opener; plan-mode:implementation plan
6abed47c896ea18127c8d869	176	71	chatter:conversational opener; plan-mode:translation_plan
6abed47c896ea18127c8d870	176	78	chatter:conversational opener; plan-mode:implementation plan
6abed47c896ea18127c8d873	176	81	chatter:conversational opener; plan-mode:implementation plan
6abed47c896ea18127c8d88c	176	106	chatter:conversational opener; plan-mode:implementation plan
6abed47c896ea18127c8d88e	176	108	chatter:conversational opener; plan-mode:implementation plan
6abed47c896ea18127c8d88f	176	109	chatter:conversational opener; plan-mode:translation_plan
6abed47c896ea18127c8d898	176	118	chatter:conversational opener; plan-mode:translation_plan
6abed47c896ea18127c8d89b	176	121	chatter:conversational opener; plan-mode:Please review
6abed47c896ea18127c8d8a2	176	128	chatter:conversational opener; plan-mode:implementation plan
6abed47c896ea18127c8d8af	176	141	chatter:conversational opener; plan-mode:implementation plan
6abed47c896ea18127c8d8b0	176	142	chatter:conversational opener; plan-mode:translation_plan
6abed47c896ea18127c8d8be	176	156	chatter:conversational opener; plan-mode:implementation plan
6abed47c896ea18127c8d8c6	176	164	plan-mode:Output Contract; door:runaway
6abed47c896ea18127c8d8c9	176	167	chatter:conversational opener; plan-mode:translation_plan
6abed47c896ea18127c8d8d2	176	176	chatter:conversational opener; plan-mode:translation_plan
6abed47c896ea18127c8d8d9	176	183	chatter:conversational opener; plan-mode:translation_plan
6abed47c896ea18127c8d8da	176	184	chatter:conversational opener; plan-mode:implementation plan
6abed47c896ea18127c8d8e2	176	192	chatter:conversational opener; plan-mode:implementation plan
6abed47c896ea18127c8d8fe	176	220	chatter:conversational opener; plan-mode:implementation plan
6abed47c896ea18127c8d902	176	224	chatter:conversational opener; plan-mode:plan.md
6abed47c896ea18127c8d907	176	229	chatter:conversational opener; plan-mode:implementation plan
6abed47c896ea18127c8d906	176	228	chatter:conversational opener; plan-mode:implementation plan
6abed47c896ea18127c8d90c	176	234	chatter:conversational opener; plan-mode:implementation plan
6abed47c896ea18127c8d930	176	270	chatter:conversational opener; plan-mode:implementation plan
6abed47c896ea18127c8d937	176	277	chatter:conversational opener; plan-mode:translation_plan
6abed47c896ea18127c8d93e	176	284	chatter:conversational opener; plan-mode:implementation plan
6abed47c896ea18127c8d943	176	289	chatter:conversational opener; plan-mode:implementation plan
6abed47c896ea18127c8d94a	176	296	chatter:conversational opener; plan-mode:implementation plan
6abed47c896ea18127c8d94e	176	300	chatter:conversational opener; plan-mode:implementation plan
6abed47c896ea18127c8d954	176	306	chatter:conversational opener; plan-mode:implementation plan
6abed47c896ea18127c8d956	176	308	chatter:conversational opener; plan-mode:translation_plan
6abed47c896ea18127c8d950	176	302	chatter:conversational opener; plan-mode:implementation plan
6abed47c896ea18127c8d957	176	309	chatter:conversational opener; plan-mode:implementation plan
6abed47c896ea18127c8d965	176	323	chatter:conversational opener; plan-mode:implementation plan
6abed47c896ea18127c8d977	176	341	chatter:conversational opener; plan-mode:implementation plan
6abed47c896ea18127c8d97f	176	349	chatter:conversational opener; plan-mode:implementation plan
6abed47c896ea18127c8d983	176	353	chatter:conversational opener; plan-mode:plan.md
6abed47c896ea18127c8d98e	176	364	chatter:conversational opener; plan-mode:implementation plan
6abed47c896ea18127c8d996	176	372	chatter:conversational opener; plan-mode:implementation plan
6abed47c896ea18127c8d99c	176	378	chatter:conversational opener; plan-mode:translation_plan
6abed47c896ea18127c8d99d	176	379	chatter:conversational opener; plan-mode:implementation plan
6abed47c896ea18127c8d9a0	176	382	chatter:conversational opener; plan-mode:implementation plan
6abed47c896ea18127c8d9a9	176	391	chatter:conversational opener; plan-mode:implementation plan
6abed47c896ea18127c8d9aa	176	392	chatter:conversational opener; plan-mode:implementation plan
6abed47c896ea18127c8d9b0	176	398	chatter:conversational opener; plan-mode:translation_plan
6abed47c896ea18127c8d9b6	176	404	chatter:conversational opener; plan-mode:implementation plan
6abed47c896ea18127c8d9bb	176	409	plan-mode:Please review
6abed47c896ea18127c8d9c2	176	416	chatter:conversational opener; plan-mode:implementation plan
6abed47c896ea18127c8d9c5	176	419	chatter:conversational opener; plan-mode:implementation plan
6abed47c896ea18127c8d9c8	176	422	chatter:conversational opener; plan-mode:implementation plan
6abed47c896ea18127c8d9cb	176	425	chatter:conversational opener; plan-mode:implementation plan
6abed47c896ea18127c8d9cd	176	427	chatter:conversational opener; plan-mode:implementation plan
6abed47c896ea18127c8d9d7	176	437	chatter:conversational opener; plan-mode:implementation plan
6abed47c896ea18127c8d9e5	176	451	chatter:conversational opener; plan-mode:implementation plan
6abed47c896ea18127c8d9e6	176	452	chatter:conversational opener; plan-mode:implementation plan
6abed47c896ea18127c8d9e9	176	455	chatter:conversational opener; plan-mode:implementation plan
6abed47c896ea18127c8da01	176	479	chatter:conversational opener; plan-mode:implementation plan
6abed47c896ea18127c8da04	176	482	plan-mode:/plan
6abed47c896ea18127c8da09	176	487	chatter:conversational opener; plan-mode:implementation plan
6abed47c896ea18127c8da0b	176	489	chatter:conversational opener; plan-mode:implementation plan
6abed47c896ea18127c8da0f	176	493	chatter:conversational opener; plan-mode:implementation plan
6abed47c896ea18127c8da15	176	499	chatter:conversational opener; plan-mode:implementation plan
6abed47c896ea18127c8da26	176	516	chatter:conversational opener; plan-mode:implementation plan
6abed47c896ea18127c8da37	176	533	plan-mode:output contract
6abed47c896ea18127c8da42	176	544	chatter:conversational opener; plan-mode:implementation plan
6abed47c896ea18127c8da43	176	545	chatter:conversational opener; plan-mode:implementation plan
6abed47c896ea18127c8da45	176	547	chatter:conversational opener; plan-mode:translation_plan
6abed47c896ea18127c8da46	176	548	chatter:conversational opener; plan-mode:implementation plan
6abed47c896ea18127c8da4b	176	553	chatter:conversational opener; plan-mode:implementation plan
6abed47c896ea18127c8da4e	176	556	chatter:conversational opener; plan-mode:implementation plan
6abed47c896ea18127c8da5b	176	569	chatter:conversational opener; plan-mode:implementation plan
6abed47c896ea18127c8da6c	176	586	chatter:conversational opener; plan-mode:implementation plan
6abed47c896ea18127c8da6b	176	585	chatter:conversational opener; plan-mode:implementation plan
6abed47c896ea18127c8da7f	176	605	chatter:conversational opener; plan-mode:implementation plan
6abed47c896ea18127c8da81	176	607	chatter:conversational opener; plan-mode:translation_plan
6abed47c896ea18127c8da85	176	611	chatter:conversational opener; plan-mode:implementation plan
6abed47c896ea18127c8da87	176	613	chatter:conversational opener; plan-mode:implementation plan
6abed47c896ea18127c8da89	176	615	chatter:conversational opener; plan-mode:implementation plan
6abed47c896ea18127c8da8b	176	617	chatter:conversational opener; plan-mode:implementation plan
6abed47c896ea18127c8da94	176	626	chatter:conversational opener; plan-mode:implementation plan
6abed47c896ea18127c8da97	176	629	chatter:conversational opener; plan-mode:implementation plan
6abed47c896ea18127c8daa0	176	638	chatter:conversational opener; plan-mode:implementation plan; door:collapsed
6abed47c896ea18127c8daa3	176	641	chatter:conversational opener; plan-mode:implementation plan
6abed4cf896ea18127c8dab5	177	1	chatter:conversational opener; plan-mode:implementation plan
6abed4cf896ea18127c8dab7	177	3	chatter:conversational opener; plan-mode:implementation plan
6abed4cf896ea18127c8dac1	177	13	chatter:conversational opener; plan-mode:implementation plan
6abed4cf896ea18127c8dac6	177	18	chatter:conversational opener; plan-mode:implementation plan
6abed4cf896ea18127c8daca	177	22	chatter:conversational opener; plan-mode:implementation plan
6abed4cf896ea18127c8dad2	177	30	chatter:conversational opener; plan-mode:implementation plan
6abed4cf896ea18127c8dad6	177	34	chatter:conversational opener; plan-mode:implementation plan
6abed4cf896ea18127c8dae5	177	49	chatter:conversational opener; plan-mode:translation_plan
6abed4cf896ea18127c8dae8	177	52	chatter:conversational opener; plan-mode:implementation plan
6abed4cf896ea18127c8daf2	177	62	chatter:conversational opener; plan-mode:implementation plan
6abed4cf896ea18127c8daf6	177	66	chatter:conversational opener; plan-mode:implementation plan
6abed4cf896ea18127c8daf9	177	69	chatter:conversational opener; plan-mode:implementation plan
6abed4cf896ea18127c8db05	177	81	chatter:conversational opener; plan-mode:implementation plan
6abed4cf896ea18127c8db08	177	84	reasoning-leak:reasoning:the prompt mentions; plan-mode:output contract; door:reasoning-leak
6abed4cf896ea18127c8db07	177	83	chatter:conversational opener; plan-mode:implementation plan
6abed4cf896ea18127c8db0f	177	91	chatter:conversational opener; plan-mode:implementation plan
6abed4cf896ea18127c8db17	177	99	chatter:conversational opener; plan-mode:implementation plan
6abed4cf896ea18127c8db1c	177	104	plan-mode:Please review
6abed4cf896ea18127c8db21	177	109	chatter:conversational opener; plan-mode:implementation plan
6abed4cf896ea18127c8db23	177	111	chatter:conversational opener; plan-mode:implementation plan
6abed4cf896ea18127c8db30	177	124	chatter:conversational opener; plan-mode:implementation plan
6abed4cf896ea18127c8db36	177	130	chatter:conversational opener; plan-mode:implementation plan
6abed4cf896ea18127c8db44	177	144	chatter:conversational opener; plan-mode:implementation plan
6abed4cf896ea18127c8db49	177	149	chatter:conversational opener; plan-mode:translation_plan
6abed4cf896ea18127c8db4b	177	151	chatter:conversational opener; plan-mode:implementation plan
6abed4cf896ea18127c8db4f	177	155	chatter:conversational opener; plan-mode:implementation plan
6abed4cf896ea18127c8db53	177	159	chatter:conversational opener; plan-mode:implementation plan
6abed4cf896ea18127c8db58	177	164	chatter:conversational opener; plan-mode:implementation plan
6abed4cf896ea18127c8db57	177	163	chatter:conversational opener; plan-mode:implementation plan
6abed4cf896ea18127c8db5a	177	166	chatter:conversational opener; plan-mode:implementation plan
6abed4cf896ea18127c8db5c	177	168	chatter:conversational opener; plan-mode:implementation plan
6abed4cf896ea18127c8db5d	177	169	chatter:conversational opener; plan-mode:translation_plan
6abed4cf896ea18127c8db5f	177	171	chatter:conversational opener; plan-mode:implementation plan
6abed4cf896ea18127c8db65	177	177	chatter:conversational opener; plan-mode:implementation plan
6abed4cf896ea18127c8db6c	177	184	chatter:conversational opener; plan-mode:translation_plan
6abed4cf896ea18127c8db73	177	191	chatter:conversational opener; plan-mode:implementation plan
6abed4cf896ea18127c8db76	177	194	chatter:conversational opener; plan-mode:implementation plan
6abed4cf896ea18127c8db7d	177	201	chatter:conversational opener; plan-mode:implementation plan
6abed4cf896ea18127c8db88	177	212	reasoning-leak:reasoning:*Final output format:; plan-mode:The user prompt; door:reasoning-leak
6abed4cf896ea18127c8db89	177	213	chatter:conversational opener; plan-mode:translation_plan
6abed4cf896ea18127c8db8d	177	217	chatter:conversational opener; plan-mode:implementation plan
6abed4cf896ea18127c8db8e	177	218	chatter:conversational opener; plan-mode:Please review
6abed4cf896ea18127c8db93	177	223	chatter:conversational opener; plan-mode:implementation plan
6abed4cf896ea18127c8db9e	177	234	chatter:conversational opener; plan-mode:implementation plan
6abed4cf896ea18127c8dba3	177	239	chatter:conversational opener; plan-mode:implementation plan
6abed4cf896ea18127c8dba5	177	241	chatter:conversational opener; plan-mode:implementation plan
6abed4cf896ea18127c8dbad	177	249	chatter:conversational opener; plan-mode:implementation plan
6abed4cf896ea18127c8dbaf	177	251	chatter:conversational opener; plan-mode:implementation plan
6abed4cf896ea18127c8dbb3	177	255	chatter:conversational opener; plan-mode:implementation plan
6abed4cf896ea18127c8dbb5	177	257	chatter:conversational opener; plan-mode:implementation plan
6abed4cf896ea18127c8dbbc	177	264	chatter:conversational opener; plan-mode:implementation plan
6abed4cf896ea18127c8dbc2	177	270	chatter:conversational opener; plan-mode:implementation plan
6abed4cf896ea18127c8dbc6	177	274	chatter:conversational opener; plan-mode:implementation plan
6abed4cf896ea18127c8dbdd	177	297	chatter:conversational opener; plan-mode:implementation plan
6abed4cf896ea18127c8dbe6	177	306	chatter:conversational opener; plan-mode:implementation plan
6abed4cf896ea18127c8dbec	177	312	chatter:conversational opener; plan-mode:implementation plan
6abed4cf896ea18127c8dbea	177	310	chatter:conversational opener; plan-mode:implementation plan
6abed4cf896ea18127c8dbee	177	314	chatter:conversational opener; plan-mode:implementation plan
6abed4cf896ea18127c8dbef	177	315	chatter:conversational opener; plan-mode:implementation plan
6abed4cf896ea18127c8dbf1	177	317	chatter:conversational opener; plan-mode:implementation plan
6abed4cf896ea18127c8dbf4	177	320	chatter:conversational opener; plan-mode:translation_plan
6abed4cf896ea18127c8dc03	177	335	chatter:conversational opener; plan-mode:implementation plan
6abed4cf896ea18127c8dc02	177	334	chatter:conversational opener; plan-mode:implementation plan
6abed4cf896ea18127c8dc04	177	336	chatter:conversational opener; plan-mode:implementation plan
6abed4cf896ea18127c8dc09	177	341	chatter:conversational opener; plan-mode:translation_plan
6abed4cf896ea18127c8dc0a	177	342	chatter:conversational opener; plan-mode:implementation plan
6abed4cf896ea18127c8dc15	177	353	chatter:conversational opener; plan-mode:Please review; door:collapsed
6abed4cf896ea18127c8dc1c	177	360	chatter:conversational opener; plan-mode:implementation plan
6abed4cf896ea18127c8dc1e	177	362	chatter:conversational opener; plan-mode:implementation plan
6abed4cf896ea18127c8dc2e	177	378	chatter:conversational opener; plan-mode:implementation plan
6abed4cf896ea18127c8dc30	177	380	chatter:conversational opener; plan-mode:implementation plan
6abed4cf896ea18127c8dc37	177	387	chatter:conversational opener; plan-mode:implementation plan
6abed4cf896ea18127c8dc40	177	396	chatter:conversational opener; plan-mode:implementation plan
6abed4cf896ea18127c8dc41	177	397	chatter:conversational opener; plan-mode:implementation plan
6abed4cf896ea18127c8dc47	177	403	chatter:conversational opener; plan-mode:implementation plan
6abed4cf896ea18127c8dc50	177	412	chatter:conversational opener; plan-mode:translation_plan
6abed4cf896ea18127c8dc51	177	413	chatter:conversational opener; plan-mode:implementation plan
6abed4cf896ea18127c8dc55	177	417	chatter:conversational opener; plan-mode:implementation plan
6abed4cf896ea18127c8dc5c	177	424	chatter:conversational opener; plan-mode:implementation plan
6abed4cf896ea18127c8dc5f	177	427	chatter:conversational opener; plan-mode:implementation plan
6abed4cf896ea18127c8dc60	177	428	chatter:conversational opener; plan-mode:translation_plan
6abed4cf896ea18127c8dc63	177	431	chatter:conversational opener; plan-mode:plan.md
6abed4cf896ea18127c8dc6b	177	439	chatter:conversational opener; plan-mode:implementation plan
6abed4cf896ea18127c8dc6f	177	443	chatter:conversational opener; plan-mode:implementation plan
6abed4cf896ea18127c8dc73	177	447	chatter:conversational opener; plan-mode:implementation plan
6abed4cf896ea18127c8dc77	177	451	chatter:conversational opener; plan-mode:translation_plan
6abed4cf896ea18127c8dc89	177	469	chatter:conversational opener; plan-mode:implementation plan
6abed4cf896ea18127c8dc8a	177	470	chatter:conversational opener; plan-mode:translation_plan
6abed4cf896ea18127c8dc8c	177	472	chatter:conversational opener; plan-mode:translation_plan
6abed4cf896ea18127c8dc91	177	477	plan-mode:/plan; door:runaway
6abed4cf896ea18127c8dc95	177	481	chatter:conversational opener; plan-mode:implementation plan
6abed4cf896ea18127c8dc9c	177	488	chatter:conversational opener; plan-mode:implementation plan
6abed4cf896ea18127c8dca4	177	496	chatter:conversational opener; plan-mode:translation_plan
6abed4cf896ea18127c8dca6	177	498	chatter:conversational opener; plan-mode:implementation plan
6abed4cf896ea18127c8dcaf	177	507	chatter:conversational opener; plan-mode:implementation plan
6abed4cf896ea18127c8dcb0	177	508	chatter:conversational opener; plan-mode:implementation plan
6abed4cf896ea18127c8dcb2	177	510	chatter:conversational opener; plan-mode:implementation plan
6abed4cf896ea18127c8dcbc	177	520	chatter:conversational opener; plan-mode:implementation plan
6abed4cf896ea18127c8dcbf	177	523	chatter:conversational opener; plan-mode:implementation plan
6abed4cf896ea18127c8dcbd	177	521	chatter:conversational opener; plan-mode:implementation plan
6abed4cf896ea18127c8dcc1	177	525	chatter:conversational opener; plan-mode:implementation plan
6abed4cf896ea18127c8dcc2	177	526	chatter:conversational opener; plan-mode:implementation plan
6abed4cf896ea18127c8dcd1	177	541	chatter:conversational opener; plan-mode:implementation plan
6abed4cf896ea18127c8dcd5	177	545	chatter:conversational opener; plan-mode:implementation plan
6abed4cf896ea18127c8dcd7	177	547	chatter:conversational opener; plan-mode:implementation plan
6abed4cf896ea18127c8dce1	177	557	chatter:conversational opener; plan-mode:implementation plan
6abed51b896ea18127c8dcec	178	2	chatter:conversational opener; plan-mode:implementation plan
6abed51b896ea18127c8dcf0	178	6	chatter:conversational opener; plan-mode:implementation plan
6abed51b896ea18127c8dcf6	178	12	chatter:conversational opener; plan-mode:implementation plan
6abed51b896ea18127c8dcfc	178	18	chatter:conversational opener; plan-mode:implementation plan
6abed51b896ea18127c8dd00	178	22	chatter:conversational opener; plan-mode:implementation plan
6abed51b896ea18127c8dd0f	178	37	chatter:conversational opener; plan-mode:implementation plan
6abed51b896ea18127c8dd25	178	59	chatter:conversational opener; plan-mode:implementation plan
6abed51b896ea18127c8dd32	178	72	chatter:conversational opener; plan-mode:implementation plan
6abed51b896ea18127c8dd37	178	77	chatter:conversational opener; plan-mode:implementation plan
6abed51b896ea18127c8dd3d	178	83	chatter:conversational opener; plan-mode:implementation plan
6abed51b896ea18127c8dd45	178	91	chatter:conversational opener; plan-mode:implementation plan
6abed51b896ea18127c8dd5d	178	115	chatter:conversational opener; plan-mode:implementation plan
6abed51b896ea18127c8dd64	178	122	chatter:conversational opener; plan-mode:implementation plan
6abed51b896ea18127c8dd66	178	124	chatter:conversational opener; plan-mode:implementation plan
6abed51b896ea18127c8dd67	178	125	chatter:conversational opener; plan-mode:implementation plan
6abed51b896ea18127c8dd69	178	127	chatter:conversational opener; plan-mode:implementation plan
6abed51b896ea18127c8dd75	178	139	chatter:conversational opener; plan-mode:Please review
6abed51b896ea18127c8dd7c	178	146	chatter:conversational opener; plan-mode:implementation plan
6abed51b896ea18127c8dd7f	178	149	chatter:conversational opener; plan-mode:implementation plan
6abed51b896ea18127c8dd7e	178	148	chatter:conversational opener; plan-mode:implementation plan
6abed51b896ea18127c8dd86	178	156	chatter:conversational opener; plan-mode:implementation plan
6abed51b896ea18127c8dd8a	178	160	chatter:conversational opener; plan-mode:implementation plan
6abed51b896ea18127c8dd8b	178	161	chatter:conversational opener; plan-mode:implementation plan
6abed51b896ea18127c8dd93	178	169	chatter:conversational opener; plan-mode:translation_plan
6abed51b896ea18127c8dd9d	178	179	chatter:conversational opener; plan-mode:implementation plan
6abed51b896ea18127c8dda1	178	183	chatter:conversational opener; plan-mode:translation_plan
6abed51b896ea18127c8dda2	178	184	chatter:conversational opener; plan-mode:implementation plan
6abed51b896ea18127c8dda8	178	190	chatter:conversational opener; plan-mode:implementation plan
6abed51b896ea18127c8dda9	178	191	chatter:conversational opener; plan-mode:implementation plan
6abed51b896ea18127c8ddab	178	193	plan-mode:Please review
6abed51b896ea18127c8ddac	178	194	chatter:conversational opener; plan-mode:implementation plan
6abed51b896ea18127c8ddb0	178	198	chatter:conversational opener; plan-mode:implementation plan
6abed51b896ea18127c8ddb5	178	203	chatter:conversational opener; plan-mode:implementation plan
6abed51b896ea18127c8ddbf	178	213	plan-mode:Please review
6abed51b896ea18127c8ddc6	178	220	chatter:conversational opener; plan-mode:implementation plan
6abed51b896ea18127c8ddcb	178	225	chatter:conversational opener; plan-mode:implementation plan
6abed51b896ea18127c8ddd2	178	232	chatter:conversational opener; plan-mode:implementation plan
6abed51b896ea18127c8ddf4	178	266	chatter:conversational opener; plan-mode:implementation plan
6abed51b896ea18127c8ddfa	178	272	chatter:conversational opener; plan-mode:implementation plan
6abed51b896ea18127c8de0d	178	291	chatter:conversational opener; plan-mode:implementation plan
6abed51b896ea18127c8de17	178	301	chatter:conversational opener; plan-mode:implementation plan
6abed51b896ea18127c8de28	178	318	chatter:conversational opener; plan-mode:implementation plan
6abed51b896ea18127c8de48	178	350	chatter:conversational opener; plan-mode:implementation plan
6abed51b896ea18127c8de46	178	348	chatter:conversational opener; plan-mode:implementation plan
6abed51b896ea18127c8de4e	178	356	chatter:conversational opener; plan-mode:implementation plan
6abed51b896ea18127c8de55	178	363	chatter:conversational opener; plan-mode:implementation plan
6abed51b896ea18127c8de56	178	364	chatter:conversational opener; plan-mode:translation_plan
6abed51b896ea18127c8de57	178	365	chatter:conversational opener; plan-mode:implementation plan
6abed51b896ea18127c8de59	178	367	chatter:conversational opener; plan-mode:implementation plan
6abed51b896ea18127c8de5b	178	369	chatter:conversational opener; plan-mode:implementation plan
6abed51b896ea18127c8de5c	178	370	chatter:conversational opener; plan-mode:implementation plan
6abed51b896ea18127c8de5d	178	371	chatter:conversational opener; plan-mode:output contract
6abed51b896ea18127c8de5f	178	373	chatter:conversational opener; plan-mode:translation_plan
6abed51b896ea18127c8de61	178	375	chatter:conversational opener; plan-mode:implementation plan
6abed51b896ea18127c8de64	178	378	chatter:conversational opener; plan-mode:implementation plan
6abed51b896ea18127c8de68	178	382	chatter:conversational opener; plan-mode:implementation plan
6abed51b896ea18127c8de70	178	390	chatter:conversational opener; plan-mode:implementation plan
6abed51b896ea18127c8de71	178	391	door:runaway
6abed51b896ea18127c8de74	178	394	chatter:conversational opener; plan-mode:implementation plan
6abed51b896ea18127c8de75	178	395	chatter:conversational opener; plan-mode:implementation plan
6abed51b896ea18127c8de7c	178	402	chatter:conversational opener; plan-mode:implementation plan
6abed51b896ea18127c8de85	178	411	chatter:conversational opener; plan-mode:implementation plan
6abed51b896ea18127c8de8e	178	420	plan-mode:Please review
6abed51b896ea18127c8de93	178	425	chatter:conversational opener; plan-mode:implementation plan
6abed51b896ea18127c8de92	178	424	chatter:conversational opener; plan-mode:implementation plan
6abed51b896ea18127c8de95	178	427	chatter:conversational opener; plan-mode:translation_plan
6abed51b896ea18127c8dea6	178	444	chatter:conversational opener; plan-mode:translation_plan
6abed51b896ea18127c8dea8	178	446	chatter:conversational opener; plan-mode:implementation plan
6abed51b896ea18127c8dea9	178	447	chatter:conversational opener; plan-mode:implementation plan
6abed51b896ea18127c8deaa	178	448	chatter:conversational opener; plan-mode:implementation plan
6abed51b896ea18127c8deb3	178	457	chatter:conversational opener; plan-mode:implementation plan
6abed51b896ea18127c8debc	178	466	chatter:conversational opener; plan-mode:translation_plan
6abed51b896ea18127c8debf	178	469	chatter:conversational opener; plan-mode:translation_plan
6abed51b896ea18127c8dec5	178	475	chatter:conversational opener; plan-mode:implementation plan
6abed51b896ea18127c8dec7	178	477	chatter:conversational opener; plan-mode:implementation plan
6abed51b896ea18127c8decd	178	483	chatter:conversational opener; plan-mode:implementation plan
6abed51b896ea18127c8dedb	178	497	chatter:conversational opener; plan-mode:implementation plan
6abed51b896ea18127c8dede	178	500	chatter:conversational opener; plan-mode:implementation plan
6abed51b896ea18127c8dedf	178	501	chatter:conversational opener; plan-mode:implementation plan
6abed51b896ea18127c8dee1	178	503	chatter:conversational opener; plan-mode:implementation plan
6abed51b896ea18127c8def1	178	519	chatter:conversational opener; plan-mode:implementation plan
6abed51b896ea18127c8def4	178	522	chatter:conversational opener; plan-mode:implementation plan
6abed51b896ea18127c8def6	178	524	chatter:conversational opener; plan-mode:implementation plan
6abed51b896ea18127c8defa	178	528	chatter:conversational opener; plan-mode:implementation plan
6abed51b896ea18127c8df00	178	534	chatter:conversational opener; plan-mode:implementation plan
6abed51b896ea18127c8df03	178	537	chatter:conversational opener; plan-mode:implementation plan
6abed51b896ea18127c8df0b	178	545	chatter:conversational opener; plan-mode:translation_plan
6abed51b896ea18127c8df09	178	543	chatter:conversational opener; plan-mode:implementation plan
6abed51b896ea18127c8df14	178	554	chatter:conversational opener; plan-mode:implementation plan
6abed51b896ea18127c8df1b	178	561	chatter:conversational opener; plan-mode:translation_plan
6abed51b896ea18127c8df1d	178	563	chatter:conversational opener; plan-mode:translation_plan
6abed51b896ea18127c8df1c	178	562	chatter:conversational opener; plan-mode:implementation plan
6abed51b896ea18127c8df20	178	566	chatter:conversational opener; plan-mode:implementation plan
6abed51b896ea18127c8df22	178	568	chatter:conversational opener; plan-mode:implementation plan
6abed51b896ea18127c8df2a	178	576	chatter:conversational opener; plan-mode:implementation plan
6abed51b896ea18127c8df2b	178	577	chatter:conversational opener; plan-mode:implementation plan
6abed51b896ea18127c8df35	178	587	plan-mode:Please review
6abed51b896ea18127c8df38	178	590	chatter:conversational opener; plan-mode:implementation plan
6abed51b896ea18127c8df3a	178	592	chatter:conversational opener; plan-mode:implementation plan
6abed51b896ea18127c8df3f	178	597	chatter:conversational opener; plan-mode:translation_plan
6abed51b896ea18127c8df3e	178	596	chatter:conversational opener; plan-mode:implementation plan
6abed51b896ea18127c8df48	178	606	chatter:conversational opener; plan-mode:translation_plan
6abed51b896ea18127c8df4a	178	608	chatter:conversational opener; plan-mode:implementation plan
6abed51b896ea18127c8df4d	178	611	chatter:conversational opener; plan-mode:implementation plan
6abed51b896ea18127c8df4e	178	612	chatter:conversational opener; plan-mode:implementation plan
6abed582896ea18127c8df5b	179	7	chatter:conversational opener; plan-mode:implementation plan
6abed582896ea18127c8df5e	179	10	chatter:conversational opener; plan-mode:translation_plan
6abed582896ea18127c8df5f	179	11	chatter:conversational opener; plan-mode:implementation plan
6abed582896ea18127c8df62	179	14	chatter:conversational opener; plan-mode:implementation plan
6abed582896ea18127c8df64	179	16	chatter:conversational opener; plan-mode:implementation plan
6abed582896ea18127c8df67	179	19	chatter:conversational opener; plan-mode:implementation plan
6abed582896ea18127c8df72	179	30	chatter:conversational opener; plan-mode:implementation plan
6abed582896ea18127c8df71	179	29	chatter:conversational opener; plan-mode:implementation plan
6abed582896ea18127c8df77	179	35	chatter:conversational opener; plan-mode:implementation plan
6abed582896ea18127c8df85	179	49	chatter:conversational opener; plan-mode:implementation plan
6abed582896ea18127c8df86	179	50	chatter:conversational opener; plan-mode:output contract
6abed582896ea18127c8df91	179	61	chatter:conversational opener; plan-mode:implementation plan
6abed582896ea18127c8df99	179	69	chatter:conversational opener; plan-mode:implementation plan
6abed582896ea18127c8dfa0	179	76	chatter:conversational opener; plan-mode:implementation plan
6abed582896ea18127c8dfab	179	87	chatter:conversational opener; plan-mode:implementation plan
6abed582896ea18127c8dfac	179	88	chatter:conversational opener; plan-mode:implementation plan
6abed582896ea18127c8dfb4	179	96	chatter:conversational opener; plan-mode:translation_plan
6abed582896ea18127c8dfbd	179	105	chatter:conversational opener; plan-mode:implementation plan
6abed582896ea18127c8dfc9	179	117	chatter:conversational opener; plan-mode:implementation plan
6abed582896ea18127c8dfe1	179	141	chatter:conversational opener; plan-mode:implementation plan
6abed582896ea18127c8dfe6	179	146	chatter:conversational opener; plan-mode:implementation plan
6abed582896ea18127c8dffc	179	168	chatter:conversational opener; plan-mode:implementation plan
6abed582896ea18127c8e002	179	174	chatter:conversational opener; plan-mode:translation_plan
6abed582896ea18127c8e00a	179	182	chatter:conversational opener; plan-mode:plan.md
6abed582896ea18127c8e011	179	189	chatter:conversational opener; plan-mode:implementation plan
6abed582896ea18127c8e014	179	192	chatter:conversational opener; plan-mode:implementation plan
6abed582896ea18127c8e016	179	194	chatter:conversational opener; plan-mode:implementation plan
6abed582896ea18127c8e015	179	193	chatter:conversational opener; plan-mode:implementation plan
6abed582896ea18127c8e024	179	208	chatter:conversational opener; plan-mode:implementation plan
6abed582896ea18127c8e025	179	209	chatter:conversational opener; plan-mode:translation_plan
6abed582896ea18127c8e029	179	213	chatter:conversational opener; plan-mode:implementation plan
6abed582896ea18127c8e02a	179	214	chatter:conversational opener; plan-mode:implementation plan
6abed582896ea18127c8e02d	179	217	chatter:conversational opener; plan-mode:implementation plan
6abed582896ea18127c8e037	179	227	chatter:conversational opener; plan-mode:implementation plan
6abed582896ea18127c8e03b	179	231	chatter:conversational opener; plan-mode:implementation plan
6abed582896ea18127c8e03f	179	235	chatter:conversational opener; plan-mode:implementation plan
6abed582896ea18127c8e045	179	241	chatter:conversational opener; plan-mode:translation_plan
6abed582896ea18127c8e05c	179	264	chatter:conversational opener; plan-mode:implementation plan
6abed582896ea18127c8e078	179	292	chatter:conversational opener; plan-mode:implementation plan
6abed582896ea18127c8e07a	179	294	chatter:conversational opener; plan-mode:implementation plan
6abed582896ea18127c8e080	179	300	chatter:conversational opener; plan-mode:implementation plan
6abed582896ea18127c8e086	179	306	chatter:conversational opener; plan-mode:translation_plan
6abed582896ea18127c8e096	179	322	chatter:conversational opener; plan-mode:implementation plan
6abed582896ea18127c8e09f	179	331	chatter:conversational opener; plan-mode:implementation plan
6abed582896ea18127c8e0a5	179	337	chatter:conversational opener; plan-mode:implementation plan
6abed582896ea18127c8e0ae	179	346	chatter:conversational opener; plan-mode:implementation plan
6abed582896ea18127c8e0b7	179	355	chatter:conversational opener; plan-mode:implementation plan
6abed582896ea18127c8e0c5	179	369	chatter:conversational opener; plan-mode:implementation plan
6abed582896ea18127c8e0c6	179	370	chatter:conversational opener; plan-mode:implementation plan
6abed582896ea18127c8e0db	179	391	chatter:conversational opener; plan-mode:implementation plan
6abed582896ea18127c8e0e5	179	401	chatter:conversational opener; plan-mode:implementation plan
6abed582896ea18127c8e0ed	179	409	chatter:conversational opener; plan-mode:implementation plan
6abed582896ea18127c8e0f5	179	417	chatter:conversational opener; plan-mode:translation_plan
6abed582896ea18127c8e105	179	433	chatter:conversational opener; plan-mode:implementation plan
6abed582896ea18127c8e108	179	436	chatter:conversational opener; plan-mode:implementation plan
6abed582896ea18127c8e113	179	447	chatter:conversational opener; plan-mode:translation_plan; door:collapsed
6abed582896ea18127c8e11c	179	456	chatter:conversational opener; plan-mode:implementation plan
6abed582896ea18127c8e125	179	465	chatter:conversational opener; plan-mode:implementation plan
6abed582896ea18127c8e128	179	468	chatter:conversational opener; plan-mode:implementation plan
6abed582896ea18127c8e129	179	469	chatter:conversational opener; plan-mode:implementation plan
6abed582896ea18127c8e12d	179	473	chatter:conversational opener; plan-mode:implementation plan
6abed582896ea18127c8e13d	179	489	chatter:conversational opener; plan-mode:implementation plan
6abed582896ea18127c8e14a	179	502	chatter:conversational opener; plan-mode:implementation plan
6abed582896ea18127c8e14c	179	504	chatter:conversational opener; plan-mode:implementation plan
6abed582896ea18127c8e155	179	513	chatter:conversational opener; plan-mode:implementation plan
6abed582896ea18127c8e15e	179	522	chatter:conversational opener; plan-mode:implementation plan
6abed582896ea18127c8e16f	179	539	chatter:conversational opener; plan-mode:implementation plan
6abed582896ea18127c8e16e	179	538	reasoning-leak:reasoning:`<term>` tags; chatter:conversational opener; plan-mode:implementation plan; door:reasoning-leak
6abed582896ea18127c8e174	179	544	chatter:conversational opener; plan-mode:translation_plan
6abed582896ea18127c8e177	179	547	chatter:conversational opener; plan-mode:implementation plan
6abed582896ea18127c8e185	179	561	chatter:conversational opener; plan-mode:implementation plan
6abed5e1896ea18127c8e18b	180	1	plan-mode:Please review
6abed5e1896ea18127c8e192	180	8	chatter:conversational opener; plan-mode:implementation plan
6abed5e1896ea18127c8e199	180	15	chatter:conversational opener; plan-mode:implementation plan
6abed5e1896ea18127c8e19b	180	17	chatter:conversational opener; plan-mode:implementation plan
6abed5e1896ea18127c8e1b0	180	38	chatter:conversational opener; plan-mode:translation_plan
6abed5e1896ea18127c8e1b4	180	42	chatter:conversational opener; plan-mode:implementation plan
6abed5e1896ea18127c8e1b8	180	46	chatter:conversational opener; plan-mode:implementation plan
6abed5e1896ea18127c8e1c1	180	55	chatter:conversational opener; plan-mode:implementation plan
6abed5e1896ea18127c8e1ce	180	68	chatter:conversational opener; plan-mode:implementation plan
6abed5e1896ea18127c8e1d8	180	78	chatter:conversational opener; plan-mode:implementation plan
6abed5e1896ea18127c8e1dc	180	82	chatter:conversational opener; plan-mode:implementation plan
6abed5e1896ea18127c8e1e3	180	89	chatter:conversational opener; plan-mode:implementation plan
6abed5e1896ea18127c8e1eb	180	97	chatter:conversational opener; plan-mode:implementation plan
6abed5e1896ea18127c8e1f1	180	103	chatter:conversational opener; plan-mode:implementation plan
6abed5e1896ea18127c8e203	180	121	chatter:conversational opener; plan-mode:implementation plan
6abed5e1896ea18127c8e209	180	127	chatter:conversational opener; plan-mode:implementation plan
6abed5e1896ea18127c8e20e	180	132	chatter:conversational opener; plan-mode:implementation plan
6abed5e1896ea18127c8e211	180	135	chatter:conversational opener; plan-mode:implementation plan
6abed5e1896ea18127c8e218	180	142	chatter:conversational opener; plan-mode:implementation plan
6abed5e1896ea18127c8e219	180	143	chatter:conversational opener; plan-mode:implementation plan
6abed5e1896ea18127c8e21f	180	149	chatter:conversational opener; plan-mode:implementation plan
6abed5e1896ea18127c8e222	180	152	chatter:conversational opener; plan-mode:implementation plan
6abed5e1896ea18127c8e226	180	156	chatter:conversational opener; plan-mode:implementation plan
6abed5e1896ea18127c8e229	180	159	chatter:conversational opener; plan-mode:implementation plan
6abed5e1896ea18127c8e22f	180	165	chatter:conversational opener; plan-mode:implementation plan
6abed5e1896ea18127c8e232	180	168	chatter:conversational opener; plan-mode:translation_plan
6abed5e1896ea18127c8e233	180	169	chatter:conversational opener; plan-mode:translation_plan
6abed5e1896ea18127c8e23d	180	179	chatter:conversational opener; plan-mode:implementation plan
6abed5e1896ea18127c8e240	180	182	chatter:conversational opener; plan-mode:implementation plan
6abed5e1896ea18127c8e251	180	199	chatter:conversational opener; plan-mode:translation_plan
6abed5e1896ea18127c8e26a	180	224	chatter:conversational opener; plan-mode:implementation plan
6abed5e1896ea18127c8e26c	180	226	chatter:conversational opener; plan-mode:translation_plan
6abed5e1896ea18127c8e26e	180	228	chatter:conversational opener; plan-mode:implementation plan
6abed5e1896ea18127c8e270	180	230	chatter:conversational opener; plan-mode:implementation plan
6abed5e1896ea18127c8e27f	180	245	chatter:conversational opener; plan-mode:implementation plan
6abed5e1896ea18127c8e284	180	250	chatter:conversational opener; plan-mode:implementation plan
6abed5e1896ea18127c8e287	180	253	chatter:conversational opener; plan-mode:translation_plan
6abed5e1896ea18127c8e28d	180	259	chatter:conversational opener; plan-mode:translation_plan
6abed5e1896ea18127c8e291	180	263	chatter:conversational opener; plan-mode:implementation plan
6abed5e1896ea18127c8e29f	180	277	chatter:conversational opener; plan-mode:implementation plan
6abed5e1896ea18127c8e2b4	180	298	chatter:conversational opener; plan-mode:implementation plan
6abed5e1896ea18127c8e2b6	180	300	chatter:conversational opener; plan-mode:implementation plan
6abed5e1896ea18127c8e2c0	180	310	chatter:conversational opener; plan-mode:implementation plan
6abed5e1896ea18127c8e2c7	180	317	chatter:conversational opener; plan-mode:implementation plan
6abed5e1896ea18127c8e2ca	180	320	chatter:conversational opener; plan-mode:implementation plan
6abed5e1896ea18127c8e2d9	180	335	chatter:conversational opener; plan-mode:implementation plan; door:collapsed
6abed5e1896ea18127c8e2db	180	337	chatter:conversational opener; plan-mode:implementation plan
6abed5e1896ea18127c8e2e2	180	344	chatter:conversational opener; plan-mode:implementation plan
6abed5e1896ea18127c8e2f2	180	360	chatter:conversational opener; plan-mode:translation_plan
6abed5e1896ea18127c8e2fb	180	369	chatter:conversational opener; plan-mode:implementation plan
6abed5e1896ea18127c8e2fe	180	372	chatter:conversational opener; plan-mode:implementation plan
6abed5e1896ea18127c8e31a	180	400	chatter:conversational opener; plan-mode:translation_plan
6abed5e1896ea18127c8e31b	180	401	chatter:conversational opener; plan-mode:implementation plan
6abed5e1896ea18127c8e31d	180	403	chatter:conversational opener; plan-mode:implementation plan
6abed5e1896ea18127c8e31f	180	405	chatter:conversational opener; plan-mode:implementation plan
6abed5e1896ea18127c8e324	180	410	chatter:conversational opener; plan-mode:implementation plan
6abed5e1896ea18127c8e326	180	412	chatter:conversational opener; plan-mode:implementation plan
6abed5e1896ea18127c8e335	180	427	chatter:conversational opener; plan-mode:implementation plan
6abed5e1896ea18127c8e340	180	438	chatter:conversational opener; plan-mode:implementation plan
6abed5e1896ea18127c8e34a	180	448	chatter:conversational opener; plan-mode:implementation plan
6abed5e1896ea18127c8e34d	180	451	door:runaway
6abed5e1896ea18127c8e350	180	454	chatter:conversational opener; plan-mode:implementation plan
6abed5e1896ea18127c8e354	180	458	door:runaway
6abed5e1896ea18127c8e359	180	463	chatter:conversational opener; plan-mode:implementation plan
6abed5e1896ea18127c8e35a	180	464	chatter:conversational opener; plan-mode:implementation plan
6abed5e1896ea18127c8e363	180	473	plan-mode:output contract
6abed5e1896ea18127c8e361	180	471	chatter:conversational opener; plan-mode:implementation plan
6abed5e1896ea18127c8e364	180	474	chatter:conversational opener; plan-mode:implementation plan
6abed5e1896ea18127c8e374	180	490	chatter:conversational opener; plan-mode:implementation plan
6abed5e1896ea18127c8e376	180	492	chatter:conversational opener; plan-mode:implementation plan
6abed5e1896ea18127c8e377	180	493	chatter:conversational opener; plan-mode:translation_plan
6abed5e1896ea18127c8e378	180	494	chatter:conversational opener; plan-mode:implementation plan
6abed5e1896ea18127c8e37c	180	498	chatter:conversational opener; plan-mode:implementation plan
6abed5e1896ea18127c8e380	180	502	chatter:conversational opener; plan-mode:implementation plan
6abed5e1896ea18127c8e382	180	504	chatter:conversational opener; plan-mode:implementation plan
6abed5e1896ea18127c8e391	180	519	chatter:conversational opener; plan-mode:implementation plan
6abed5e1896ea18127c8e397	180	525	chatter:conversational opener; plan-mode:implementation plan
6abed5e1896ea18127c8e399	180	527	chatter:conversational opener; plan-mode:implementation plan
6abed5e1896ea18127c8e39d	180	531	chatter:conversational opener; plan-mode:implementation plan
6abed5e1896ea18127c8e3ab	180	545	chatter:conversational opener; plan-mode:plan.md
6abed5e1896ea18127c8e3ac	180	546	chatter:conversational opener; plan-mode:implementation plan
6abed5e1896ea18127c8e3b0	180	550	chatter:conversational opener; plan-mode:implementation plan
6abed5e1896ea18127c8e3b4	180	554	chatter:conversational opener; plan-mode:implementation plan
6abed5e1896ea18127c8e3c3	180	569	chatter:conversational opener; plan-mode:implementation plan
6abed5e1896ea18127c8e3c6	180	572	chatter:conversational opener; plan-mode:implementation plan
6abed5e1896ea18127c8e3ca	180	576	chatter:conversational opener; plan-mode:implementation plan
6abed5e1896ea18127c8e3cb	180	577	chatter:conversational opener; plan-mode:implementation plan
6abed5e1896ea18127c8e3ce	180	580	chatter:conversational opener; plan-mode:implementation plan
6abed5e1896ea18127c8e3d1	180	583	chatter:conversational opener; plan-mode:implementation plan
6abed5e1896ea18127c8e3d3	180	585	chatter:conversational opener; plan-mode:translation_plan
6abed5e1896ea18127c8e3d6	180	588	chatter:conversational opener; plan-mode:implementation plan
6abed5e1896ea18127c8e3de	180	596	chatter:conversational opener; plan-mode:implementation plan
6abed5e1896ea18127c8e3df	180	597	chatter:conversational opener; plan-mode:implementation plan
6abed5e1896ea18127c8e3e1	180	599	chatter:conversational opener; plan-mode:implementation plan
6abed5e1896ea18127c8e3e4	180	602	chatter:conversational opener; plan-mode:implementation plan
6abed5e1896ea18127c8e3e8	180	606	chatter:conversational opener; plan-mode:implementation plan
6abed5e1896ea18127c8e3e9	180	607	chatter:conversational opener; plan-mode:implementation plan
6abed5e1896ea18127c8e3f1	180	615	chatter:conversational opener; plan-mode:implementation plan
6abed5e1896ea18127c8e3f3	180	617	chatter:conversational opener; plan-mode:implementation plan
6abed5e1896ea18127c8e3f2	180	616	chatter:conversational opener; plan-mode:translation_plan
6abed5e1896ea18127c8e3f4	180	618	chatter:conversational opener; plan-mode:implementation plan
6abed5e1896ea18127c8e3ff	180	629	chatter:conversational opener; plan-mode:implementation plan
6abed5e1896ea18127c8e400	180	630	chatter:conversational opener; plan-mode:implementation plan
6abed5e1896ea18127c8e404	180	634	reasoning-leak:reasoning:`<note>` tags; chatter:conversational opener; plan-mode:implementation plan; door:reasoning-leak
6abed5e1896ea18127c8e406	180	636	chatter:conversational opener; plan-mode:implementation plan
6abed5e1896ea18127c8e408	180	638	chatter:conversational opener; plan-mode:translation_plan
6abed5e1896ea18127c8e40e	180	644	chatter:conversational opener; plan-mode:implementation plan
6abed5e1896ea18127c8e40f	180	645	chatter:conversational opener; plan-mode:implementation plan
6abed5e1896ea18127c8e414	180	650	chatter:conversational opener; plan-mode:implementation plan
6abed5e1896ea18127c8e41c	180	658	chatter:conversational opener; plan-mode:implementation plan
6abed5e1896ea18127c8e428	180	670	chatter:conversational opener; plan-mode:implementation plan
6abed5e1896ea18127c8e42d	180	675	chatter:conversational opener; plan-mode:translation_plan
6abed5e1896ea18127c8e432	180	680	chatter:conversational opener; plan-mode:translation_plan
6abed5e1896ea18127c8e441	180	695	chatter:conversational opener; plan-mode:implementation plan
6abed5e1896ea18127c8e445	180	699	chatter:conversational opener; plan-mode:implementation plan
6abed5e1896ea18127c8e44d	180	707	chatter:conversational opener; plan-mode:translation_plan
6abed5e1896ea18127c8e453	180	713	chatter:conversational opener; plan-mode:implementation plan
6abed5e1896ea18127c8e455	180	715	chatter:conversational opener; plan-mode:implementation plan
6abed5e1896ea18127c8e45e	180	724	chatter:conversational opener; plan-mode:implementation plan
6abed5e1896ea18127c8e45f	180	725	chatter:conversational opener; plan-mode:implementation plan
6abed5e1896ea18127c8e460	180	726	chatter:conversational opener; plan-mode:implementation plan
6abed5e1896ea18127c8e462	180	728	chatter:conversational opener; plan-mode:implementation plan
6abed61a896ea18127c8e475	181	15	chatter:conversational opener; plan-mode:implementation plan
6abed61a896ea18127c8e479	181	19	chatter:conversational opener; plan-mode:implementation plan
6abed61a896ea18127c8e47a	181	20	chatter:conversational opener; plan-mode:translation_plan
6abed61a896ea18127c8e47b	181	21	chatter:conversational opener; plan-mode:implementation plan
6abed61a896ea18127c8e47c	181	22	chatter:conversational opener; plan-mode:implementation plan
6abed61a896ea18127c8e482	181	28	chatter:conversational opener; plan-mode:translation_plan
6abed61a896ea18127c8e48f	181	41	plan-mode:Please review
6abed61a896ea18127c8e490	181	42	chatter:conversational opener; plan-mode:implementation plan
6abed61a896ea18127c8e49d	181	55	chatter:conversational opener; plan-mode:implementation plan
6abed61a896ea18127c8e4a1	181	59	chatter:conversational opener; plan-mode:implementation plan
6abed61a896ea18127c8e4a3	181	61	chatter:conversational opener; plan-mode:implementation plan
6abed61a896ea18127c8e4a6	181	64	chatter:conversational opener; plan-mode:implementation plan
6abed61a896ea18127c8e4aa	181	68	chatter:conversational opener; plan-mode:implementation plan
6abed61a896ea18127c8e4b4	181	78	chatter:conversational opener; plan-mode:implementation plan
6abed61a896ea18127c8e4bb	181	85	chatter:conversational opener; plan-mode:implementation plan
6abed61a896ea18127c8e4bc	181	86	chatter:conversational opener; plan-mode:implementation plan
6abed61a896ea18127c8e4c0	181	90	chatter:conversational opener; plan-mode:implementation plan
6abed61a896ea18127c8e4ca	181	100	chatter:conversational opener; plan-mode:implementation plan
6abed61a896ea18127c8e4de	181	120	chatter:conversational opener; plan-mode:implementation plan
6abed61a896ea18127c8e4e5	181	127	chatter:conversational opener; plan-mode:translation_plan
6abed61a896ea18127c8e4e8	181	130	chatter:conversational opener; plan-mode:implementation plan
6abed61a896ea18127c8e504	181	158	chatter:conversational opener; plan-mode:translation_plan
6abed61a896ea18127c8e511	181	171	chatter:conversational opener; plan-mode:implementation plan
6abed61a896ea18127c8e514	181	174	chatter:conversational opener; plan-mode:implementation plan
6abed61a896ea18127c8e51c	181	182	chatter:conversational opener; plan-mode:implementation plan
6abed61a896ea18127c8e52c	181	198	chatter:conversational opener; plan-mode:implementation plan; door:collapsed
6abed61a896ea18127c8e52a	181	196	chatter:conversational opener; plan-mode:implementation plan
6abed61a896ea18127c8e537	181	209	chatter:conversational opener; plan-mode:implementation plan
6abed61a896ea18127c8e536	181	208	chatter:conversational opener; plan-mode:implementation plan
6abed61a896ea18127c8e546	181	224	chatter:conversational opener; plan-mode:implementation plan
6abed61a896ea18127c8e547	181	225	chatter:conversational opener; plan-mode:translation_plan
6abed61a896ea18127c8e548	181	226	chatter:conversational opener; plan-mode:implementation plan
6abed61a896ea18127c8e54a	181	228	chatter:conversational opener; plan-mode:translation_plan
6abed61a896ea18127c8e54b	181	229	chatter:conversational opener; plan-mode:implementation plan
6abed61a896ea18127c8e553	181	237	chatter:conversational opener; plan-mode:implementation plan
6abed61a896ea18127c8e55a	181	244	plan-mode:Output contract; door:runaway
6abed61a896ea18127c8e55f	181	249	chatter:conversational opener; plan-mode:implementation plan
6abed61a896ea18127c8e564	181	254	chatter:conversational opener; plan-mode:implementation plan
6abed61a896ea18127c8e565	181	255	chatter:conversational opener; plan-mode:implementation plan
6abed61a896ea18127c8e566	181	256	chatter:conversational opener; plan-mode:implementation plan
6abed61a896ea18127c8e56b	181	261	chatter:conversational opener; plan-mode:translation_plan
6abed61a896ea18127c8e56d	181	263	chatter:conversational opener; plan-mode:implementation plan
6abed61a896ea18127c8e579	181	275	chatter:conversational opener; plan-mode:implementation plan
6abed61a896ea18127c8e57f	181	281	chatter:conversational opener; plan-mode:translation_plan
6abed61a896ea18127c8e581	181	283	chatter:conversational opener; plan-mode:translation_plan
6abed61a896ea18127c8e586	181	288	chatter:conversational opener; plan-mode:implementation plan
6abed61a896ea18127c8e588	181	290	chatter:conversational opener; plan-mode:implementation plan
6abed61a896ea18127c8e58e	181	296	chatter:conversational opener; plan-mode:implementation plan
6abed61a896ea18127c8e590	181	298	plan-mode:/plan
6abed61a896ea18127c8e593	181	301	chatter:conversational opener; plan-mode:translation_plan
6abed61a896ea18127c8e595	181	303	chatter:conversational opener; plan-mode:implementation plan
6abed61a896ea18127c8e597	181	305	chatter:conversational opener; plan-mode:implementation plan
6abed61a896ea18127c8e598	181	306	reasoning-leak:reasoning:the prompt says; plan-mode:the user prompt; door:reasoning-leak
6abed61a896ea18127c8e59e	181	312	chatter:conversational opener; plan-mode:implementation plan
6abed61a896ea18127c8e5a3	181	317	chatter:conversational opener; plan-mode:translation_plan
6abed61a896ea18127c8e5ae	181	328	chatter:conversational opener; plan-mode:implementation plan
6abed61a896ea18127c8e5b2	181	332	chatter:conversational opener; plan-mode:implementation plan
6abed61a896ea18127c8e5bd	181	343	chatter:conversational opener; plan-mode:implementation plan
6abed61a896ea18127c8e5c6	181	352	chatter:conversational opener; plan-mode:implementation plan
6abed61a896ea18127c8e5ca	181	356	chatter:conversational opener; plan-mode:implementation plan
6abed61a896ea18127c8e5cd	181	359	chatter:conversational opener; plan-mode:translation_plan
6abed61a896ea18127c8e5d3	181	365	chatter:conversational opener; plan-mode:implementation plan
6abed61a896ea18127c8e5d4	181	366	chatter:conversational opener; plan-mode:translation_plan
6abed61a896ea18127c8e5d6	181	368	chatter:conversational opener; plan-mode:implementation plan
6abed61a896ea18127c8e5e1	181	379	chatter:conversational opener; plan-mode:implementation plan
6abed61a896ea18127c8e5e4	181	382	chatter:conversational opener; plan-mode:implementation plan
6abed61a896ea18127c8e5e2	181	380	chatter:conversational opener; plan-mode:implementation plan
6abed61a896ea18127c8e5e7	181	385	chatter:conversational opener; plan-mode:implementation plan
6abed61a896ea18127c8e5e6	181	384	chatter:conversational opener; plan-mode:translation_plan
6abed61a896ea18127c8e5e9	181	387	chatter:conversational opener; plan-mode:translation_plan
6abed61a896ea18127c8e5eb	181	389	chatter:conversational opener; plan-mode:implementation plan
6abed61a896ea18127c8e5f0	181	394	chatter:conversational opener; plan-mode:implementation plan
6abed61a896ea18127c8e600	181	410	chatter:conversational opener; plan-mode:translation_plan
6abed61a896ea18127c8e605	181	415	chatter:conversational opener; plan-mode:implementation plan
6abed61a896ea18127c8e606	181	416	chatter:conversational opener; plan-mode:translation_plan
6abed61a896ea18127c8e607	181	417	chatter:conversational opener; plan-mode:implementation plan
6abed61a896ea18127c8e60a	181	420	chatter:conversational opener; plan-mode:plan.md
6abed61a896ea18127c8e60e	181	424	chatter:conversational opener; plan-mode:implementation plan
6abed61a896ea18127c8e60f	181	425	chatter:conversational opener; plan-mode:implementation plan
6abed61a896ea18127c8e612	181	428	plan-mode:Please review
6abed61a896ea18127c8e615	181	431	chatter:conversational opener; plan-mode:implementation plan
6abed61a896ea18127c8e619	181	435	chatter:conversational opener; plan-mode:implementation plan
6abed61a896ea18127c8e61c	181	438	chatter:conversational opener; plan-mode:implementation plan
6abed61a896ea18127c8e62c	181	454	chatter:conversational opener; plan-mode:implementation plan
6abed61a896ea18127c8e62b	181	453	chatter:conversational opener; plan-mode:implementation plan
6abed61a896ea18127c8e636	181	464	chatter:conversational opener; plan-mode:implementation plan
6abed61a896ea18127c8e637	181	465	door:runaway
6abed61a896ea18127c8e642	181	476	chatter:conversational opener; plan-mode:implementation plan
6abed61a896ea18127c8e646	181	480	chatter:conversational opener; plan-mode:implementation plan
6abed61a896ea18127c8e648	181	482	chatter:conversational opener; plan-mode:implementation plan
6abed61a896ea18127c8e64c	181	486	chatter:conversational opener; plan-mode:implementation plan
6abed61a896ea18127c8e661	181	507	chatter:conversational opener; plan-mode:implementation plan
6abed61a896ea18127c8e66c	181	518	chatter:conversational opener; plan-mode:implementation plan
6abed61a896ea18127c8e673	181	525	chatter:conversational opener; plan-mode:implementation plan
6abed61a896ea18127c8e672	181	524	chatter:conversational opener; plan-mode:implementation plan
6abed61a896ea18127c8e678	181	530	chatter:conversational opener; plan-mode:translation_plan
6abed61a896ea18127c8e684	181	542	chatter:conversational opener; plan-mode:implementation plan
6abed61a896ea18127c8e685	181	543	chatter:conversational opener; plan-mode:implementation plan
6abed61a896ea18127c8e68c	181	550	chatter:conversational opener; plan-mode:implementation plan
6abed61a896ea18127c8e68e	181	552	chatter:conversational opener; plan-mode:translation_plan
6abed61a896ea18127c8e692	181	556	chatter:conversational opener; plan-mode:implementation plan
6abed61a896ea18127c8e69f	181	569	plan-mode:output contract
6abed61a896ea18127c8e6a0	181	570	chatter:conversational opener; plan-mode:implementation plan
6abed61a896ea18127c8e6a3	181	573	chatter:conversational opener; plan-mode:implementation plan
6abed61a896ea18127c8e6a9	181	579	chatter:conversational opener; plan-mode:implementation plan
6abed61a896ea18127c8e6b5	181	591	chatter:conversational opener; plan-mode:implementation plan
6abed61a896ea18127c8e6bc	181	598	chatter:conversational opener; plan-mode:implementation plan
6abed61a896ea18127c8e6c0	181	602	chatter:conversational opener; plan-mode:plan.md
6abed61a896ea18127c8e6cf	181	617	chatter:conversational opener; plan-mode:implementation plan
6abed661896ea18127c8e6d9	182	1	chatter:conversational opener; plan-mode:implementation plan
6abed661896ea18127c8e6dc	182	4	chatter:conversational opener; plan-mode:translation_plan
6abed661896ea18127c8e6dd	182	5	chatter:conversational opener; plan-mode:implementation plan
6abed661896ea18127c8e6f1	182	25	chatter:conversational opener; plan-mode:implementation plan
6abed661896ea18127c8e6f0	182	24	chatter:conversational opener; plan-mode:implementation plan
6abed661896ea18127c8e708	182	48	chatter:conversational opener; plan-mode:implementation plan
6abed661896ea18127c8e70b	182	51	chatter:conversational opener; plan-mode:implementation plan
6abed661896ea18127c8e70f	182	55	chatter:conversational opener; plan-mode:translation_plan
6abed661896ea18127c8e710	182	56	door:runaway
6abed661896ea18127c8e711	182	57	chatter:conversational opener; plan-mode:implementation plan
6abed661896ea18127c8e712	182	58	chatter:conversational opener; plan-mode:implementation plan; door:collapsed
6abed661896ea18127c8e716	182	62	chatter:conversational opener; plan-mode:plan.md
6abed661896ea18127c8e71d	182	69	chatter:conversational opener; plan-mode:implementation plan
6abed661896ea18127c8e729	182	81	chatter:conversational opener; plan-mode:implementation plan; door:collapsed
6abed661896ea18127c8e72f	182	87	chatter:conversational opener; plan-mode:implementation plan
6abed661896ea18127c8e736	182	94	chatter:conversational opener; plan-mode:implementation plan
6abed661896ea18127c8e735	182	93	chatter:conversational opener; plan-mode:implementation plan
6abed661896ea18127c8e73c	182	100	chatter:conversational opener; plan-mode:implementation plan
6abed661896ea18127c8e754	182	124	chatter:conversational opener; plan-mode:implementation plan
6abed661896ea18127c8e75c	182	132	chatter:conversational opener; plan-mode:implementation plan
6abed661896ea18127c8e75f	182	135	chatter:conversational opener; plan-mode:implementation plan
6abed661896ea18127c8e762	182	138	chatter:conversational opener; plan-mode:translation_plan
6abed661896ea18127c8e770	182	152	chatter:conversational opener; plan-mode:translation_plan
6abed661896ea18127c8e779	182	161	chatter:conversational opener; plan-mode:implementation plan
6abed661896ea18127c8e77e	182	166	chatter:conversational opener; plan-mode:implementation plan
6abed661896ea18127c8e78b	182	179	chatter:conversational opener; plan-mode:implementation plan
6abed661896ea18127c8e792	182	186	chatter:conversational opener; plan-mode:implementation plan
6abed661896ea18127c8e793	182	187	chatter:conversational opener; plan-mode:implementation plan
6abed661896ea18127c8e798	182	192	chatter:conversational opener; plan-mode:implementation plan
6abed661896ea18127c8e79d	182	197	chatter:conversational opener; plan-mode:implementation plan
6abed661896ea18127c8e7a2	182	202	chatter:conversational opener; plan-mode:implementation plan
6abed661896ea18127c8e7a6	182	206	chatter:conversational opener; plan-mode:translation_plan
6abed661896ea18127c8e7af	182	215	chatter:conversational opener; plan-mode:implementation plan
6abed661896ea18127c8e7bc	182	228	plan-mode:Please review
6abed661896ea18127c8e7be	182	230	chatter:conversational opener; plan-mode:implementation plan
6abed661896ea18127c8e7bd	182	229	chatter:conversational opener; plan-mode:implementation plan
6abed661896ea18127c8e7c0	182	232	chatter:conversational opener; plan-mode:implementation plan
6abed661896ea18127c8e7c6	182	238	chatter:conversational opener; plan-mode:implementation plan
6abed661896ea18127c8e7c8	182	240	chatter:conversational opener; plan-mode:implementation plan
6abed661896ea18127c8e7ca	182	242	chatter:conversational opener; plan-mode:implementation plan
6abed661896ea18127c8e7cc	182	244	chatter:conversational opener; plan-mode:implementation plan
6abed661896ea18127c8e7d7	182	255	chatter:conversational opener; plan-mode:implementation plan
6abed661896ea18127c8e7dd	182	261	chatter:conversational opener; plan-mode:implementation plan
6abed661896ea18127c8e7df	182	263	chatter:conversational opener; plan-mode:translation_plan
6abed661896ea18127c8e7ea	182	274	chatter:conversational opener; plan-mode:implementation plan
6abed661896ea18127c8e7ec	182	276	chatter:conversational opener; plan-mode:implementation plan
6abed661896ea18127c8e7ff	182	295	chatter:conversational opener; plan-mode:implementation plan
6abed661896ea18127c8e812	182	314	plan-mode:Output Contract
6abed661896ea18127c8e818	182	320	chatter:conversational opener; plan-mode:implementation plan
6abed661896ea18127c8e819	182	321	chatter:conversational opener; plan-mode:implementation plan
6abed661896ea18127c8e822	182	330	chatter:conversational opener; plan-mode:implementation plan
6abed661896ea18127c8e826	182	334	chatter:conversational opener; plan-mode:implementation plan
6abed661896ea18127c8e837	182	351	chatter:conversational opener; plan-mode:implementation plan
6abed661896ea18127c8e84a	182	370	chatter:conversational opener; plan-mode:implementation plan
6abed661896ea18127c8e848	182	368	chatter:conversational opener; plan-mode:implementation plan
6abed661896ea18127c8e852	182	378	chatter:conversational opener; plan-mode:implementation plan
6abed661896ea18127c8e857	182	383	chatter:conversational opener; plan-mode:implementation plan
6abed661896ea18127c8e864	182	396	chatter:conversational opener; plan-mode:implementation plan
6abed661896ea18127c8e866	182	398	chatter:conversational opener; plan-mode:implementation plan
6abed661896ea18127c8e870	182	408	chatter:conversational opener; plan-mode:implementation plan
6abed661896ea18127c8e87b	182	419	plan-mode:Please review
6abed661896ea18127c8e87c	182	420	chatter:conversational opener; plan-mode:implementation plan
6abed661896ea18127c8e881	182	425	chatter:conversational opener; plan-mode:implementation plan
6abed661896ea18127c8e882	182	426	chatter:conversational opener; plan-mode:implementation plan
6abed661896ea18127c8e890	182	440	chatter:conversational opener; plan-mode:implementation plan
6abed661896ea18127c8e894	182	444	chatter:conversational opener; plan-mode:implementation plan
6abed661896ea18127c8e89c	182	452	chatter:conversational opener; plan-mode:implementation plan
6abed661896ea18127c8e8a4	182	460	chatter:conversational opener; plan-mode:implementation plan
6abed661896ea18127c8e8a3	182	459	chatter:conversational opener; plan-mode:translation_plan
6abed661896ea18127c8e8b0	182	472	chatter:conversational opener; plan-mode:implementation plan
6abed661896ea18127c8e8bc	182	484	chatter:conversational opener; plan-mode:implementation plan
6abed661896ea18127c8e8c0	182	488	chatter:conversational opener; plan-mode:implementation plan
6abed661896ea18127c8e8c2	182	490	chatter:conversational opener; plan-mode:implementation plan
6abed661896ea18127c8e8c6	182	494	chatter:conversational opener; plan-mode:implementation plan
6abed661896ea18127c8e8cb	182	499	chatter:conversational opener; plan-mode:translation_plan
6abed661896ea18127c8e8d0	182	504	plan-mode:Please review
6abed661896ea18127c8e8dd	182	517	chatter:conversational opener; plan-mode:translation_plan
6abed661896ea18127c8e8e3	182	523	chatter:conversational opener; plan-mode:implementation plan
6abed661896ea18127c8e8e4	182	524	chatter:conversational opener; plan-mode:translation_plan
6abed661896ea18127c8e8e8	182	528	chatter:conversational opener; plan-mode:implementation plan
6abed661896ea18127c8e8e9	182	529	chatter:conversational opener; plan-mode:implementation plan
6abed661896ea18127c8e8f0	182	536	chatter:conversational opener; plan-mode:implementation plan
6abed661896ea18127c8e8fa	182	546	chatter:conversational opener; plan-mode:translation_plan
6abed661896ea18127c8e8fe	182	550	chatter:conversational opener; plan-mode:implementation plan
6abed661896ea18127c8e907	182	559	chatter:conversational opener; plan-mode:implementation plan
6abed661896ea18127c8e90a	182	562	chatter:conversational opener; plan-mode:implementation plan
6abed661896ea18127c8e90c	182	564	chatter:conversational opener; plan-mode:implementation plan
6abed661896ea18127c8e911	182	569	chatter:conversational opener; plan-mode:implementation plan
6abed661896ea18127c8e91b	182	579	chatter:conversational opener; plan-mode:implementation plan
6abed661896ea18127c8e921	182	585	chatter:conversational opener; plan-mode:implementation plan
6abed661896ea18127c8e920	182	584	chatter:conversational opener; plan-mode:implementation plan
6abed661896ea18127c8e922	182	586	chatter:conversational opener; plan-mode:implementation plan
6abed661896ea18127c8e924	182	588	chatter:conversational opener; plan-mode:translation_plan
6abed661896ea18127c8e925	182	589	chatter:conversational opener; plan-mode:implementation plan
6abed661896ea18127c8e929	182	593	chatter:conversational opener; plan-mode:implementation plan
6abed661896ea18127c8e940	182	616	chatter:conversational opener; plan-mode:implementation plan
6abed661896ea18127c8e947	182	623	chatter:conversational opener; plan-mode:implementation plan
6abed661896ea18127c8e948	182	624	chatter:conversational opener; plan-mode:implementation plan
6abed661896ea18127c8e955	182	637	chatter:conversational opener; plan-mode:translation_plan
6abed661896ea18127c8e962	182	650	chatter:conversational opener; plan-mode:implementation plan
6abed661896ea18127c8e969	182	657	plan-mode:output contract
6abed661896ea18127c8e971	182	665	chatter:conversational opener; plan-mode:implementation plan
6abed661896ea18127c8e972	182	666	chatter:conversational opener; plan-mode:implementation plan
6abed661896ea18127c8e973	182	667	chatter:conversational opener; plan-mode:implementation plan
6abed661896ea18127c8e976	182	670	chatter:conversational opener; plan-mode:implementation plan
6abed661896ea18127c8e97a	182	674	chatter:conversational opener; plan-mode:implementation plan
6abed661896ea18127c8e97c	182	676	chatter:conversational opener; plan-mode:implementation plan
6abed661896ea18127c8e97e	182	678	chatter:conversational opener; plan-mode:translation_plan
6abed661896ea18127c8e980	182	680	chatter:conversational opener; plan-mode:implementation plan
6abed661896ea18127c8e981	182	681	chatter:conversational opener; plan-mode:implementation plan
6abed661896ea18127c8e982	182	682	chatter:conversational opener; plan-mode:implementation plan
6abed661896ea18127c8e983	182	683	chatter:conversational opener; plan-mode:implementation plan
6abed661896ea18127c8e990	182	696	chatter:conversational opener; plan-mode:implementation plan
6abed661896ea18127c8e993	182	699	plan-mode:/plan
6abed661896ea18127c8e999	182	705	chatter:conversational opener; plan-mode:implementation plan
6abed661896ea18127c8e9a7	182	719	chatter:conversational opener; plan-mode:implementation plan
6abed661896ea18127c8e9ac	182	724	chatter:conversational opener; plan-mode:implementation plan
6abed661896ea18127c8e9cb	182	755	chatter:conversational opener; plan-mode:implementation plan
6abed661896ea18127c8e9d3	182	763	chatter:conversational opener; plan-mode:implementation plan
6abed661896ea18127c8e9d4	182	764	chatter:conversational opener; plan-mode:implementation plan
6abed661896ea18127c8e9e5	182	781	chatter:conversational opener; plan-mode:implementation plan
6abed69b896ea18127c8e9fb	183	5	chatter:conversational opener; plan-mode:implementation plan
6abed69b896ea18127c8ea0e	183	24	chatter:conversational opener; plan-mode:implementation plan
6abed69b896ea18127c8ea14	183	30	chatter:conversational opener; plan-mode:implementation plan
6abed69b896ea18127c8ea1e	183	40	chatter:conversational opener; plan-mode:implementation plan
6abed69b896ea18127c8ea1f	183	41	chatter:conversational opener; plan-mode:implementation plan
6abed69b896ea18127c8ea21	183	43	chatter:conversational opener; plan-mode:implementation plan
6abed69b896ea18127c8ea2b	183	53	chatter:conversational opener; plan-mode:implementation plan
6abed69b896ea18127c8ea2e	183	56	chatter:conversational opener; plan-mode:implementation plan
6abed69b896ea18127c8ea31	183	59	chatter:conversational opener; plan-mode:plan.md
6abed69b896ea18127c8ea33	183	61	chatter:conversational opener; plan-mode:implementation plan
6abed69b896ea18127c8ea35	183	63	chatter:conversational opener; plan-mode:implementation plan
6abed69b896ea18127c8ea37	183	65	chatter:conversational opener; plan-mode:implementation plan
6abed69b896ea18127c8ea3e	183	72	chatter:conversational opener; plan-mode:implementation plan
6abed69b896ea18127c8ea3f	183	73	chatter:conversational opener; plan-mode:implementation plan
6abed69b896ea18127c8ea44	183	78	chatter:conversational opener; plan-mode:implementation plan
6abed69b896ea18127c8ea57	183	97	chatter:conversational opener; plan-mode:implementation plan
6abed69b896ea18127c8ea58	183	98	chatter:conversational opener; plan-mode:implementation plan
6abed69b896ea18127c8ea59	183	99	chatter:conversational opener; plan-mode:implementation plan
6abed69b896ea18127c8ea5b	183	101	chatter:conversational opener; plan-mode:implementation plan
6abed69b896ea18127c8ea62	183	108	chatter:conversational opener; plan-mode:implementation plan
6abed69b896ea18127c8ea64	183	110	chatter:conversational opener; plan-mode:implementation plan
6abed69b896ea18127c8ea65	183	111	chatter:conversational opener; plan-mode:implementation plan
6abed69b896ea18127c8ea6d	183	119	chatter:conversational opener; plan-mode:implementation plan; door:collapsed
6abed69b896ea18127c8ea80	183	138	chatter:conversational opener; plan-mode:plan.md
6abed69b896ea18127c8ea8b	183	149	chatter:conversational opener; plan-mode:implementation plan
6abed69b896ea18127c8ea96	183	160	chatter:conversational opener; plan-mode:implementation plan
6abed69b896ea18127c8ea9b	183	165	chatter:conversational opener; plan-mode:implementation plan
6abed69b896ea18127c8ea9d	183	167	chatter:conversational opener; plan-mode:implementation plan
6abed69b896ea18127c8ea9a	183	164	door:runaway
6abed69b896ea18127c8eaad	183	183	chatter:conversational opener; plan-mode:implementation plan
6abed69b896ea18127c8eaaf	183	185	chatter:conversational opener; plan-mode:implementation plan
6abed69b896ea18127c8eab0	183	186	chatter:conversational opener; plan-mode:implementation plan
6abed69b896ea18127c8eab3	183	189	chatter:conversational opener; plan-mode:translation_plan
6abed69b896ea18127c8eac3	183	205	chatter:conversational opener; plan-mode:implementation plan
6abed69b896ea18127c8ead0	183	218	chatter:conversational opener; plan-mode:implementation plan
6abed69b896ea18127c8ead6	183	224	chatter:conversational opener; plan-mode:implementation plan
6abed69b896ea18127c8eadb	183	229	chatter:conversational opener; plan-mode:implementation plan
6abed69b896ea18127c8eae1	183	235	chatter:conversational opener; plan-mode:implementation plan
6abed69b896ea18127c8eae0	183	234	chatter:conversational opener; plan-mode:implementation plan
6abed69b896ea18127c8eae3	183	237	chatter:conversational opener; plan-mode:implementation plan
6abed69b896ea18127c8eaeb	183	245	chatter:conversational opener; plan-mode:implementation plan
6abed69b896ea18127c8eaf0	183	250	chatter:conversational opener; plan-mode:implementation plan
6abed69b896ea18127c8eaf3	183	253	chatter:conversational opener; plan-mode:implementation plan
6abed69b896ea18127c8eafb	183	261	chatter:conversational opener; plan-mode:implementation plan
6abed69b896ea18127c8eaf9	183	259	chatter:conversational opener; plan-mode:translation_plan
6abed69b896ea18127c8eafc	183	262	chatter:conversational opener; plan-mode:translation_plan
6abed69b896ea18127c8eb00	183	266	chatter:conversational opener; plan-mode:plan.md
6abed69b896ea18127c8eb03	183	269	chatter:conversational opener; plan-mode:implementation plan
6abed69b896ea18127c8eb0b	183	277	chatter:conversational opener; plan-mode:implementation plan
6abed69b896ea18127c8eb12	183	284	chatter:conversational opener; plan-mode:implementation plan
6abed69b896ea18127c8eb1a	183	292	chatter:conversational opener; plan-mode:implementation plan
6abed69b896ea18127c8eb1c	183	294	chatter:conversational opener; plan-mode:implementation plan
6abed69b896ea18127c8eb1e	183	296	chatter:conversational opener; plan-mode:implementation plan
6abed69b896ea18127c8eb24	183	302	chatter:conversational opener; plan-mode:implementation plan
6abed69b896ea18127c8eb25	183	303	chatter:conversational opener; plan-mode:implementation plan
6abed69b896ea18127c8eb27	183	305	chatter:conversational opener; plan-mode:implementation plan
6abed69b896ea18127c8eb2a	183	308	chatter:conversational opener; plan-mode:translation_plan
6abed69b896ea18127c8eb2d	183	311	chatter:conversational opener; plan-mode:implementation plan
6abed69b896ea18127c8eb32	183	316	chatter:conversational opener; plan-mode:implementation plan
6abed69b896ea18127c8eb45	183	335	chatter:conversational opener; plan-mode:implementation plan
6abed69b896ea18127c8eb43	183	333	chatter:conversational opener; plan-mode:implementation plan
6abed69b896ea18127c8eb47	183	337	chatter:conversational opener; plan-mode:implementation plan
6abed69b896ea18127c8eb4b	183	341	chatter:conversational opener; plan-mode:implementation plan
6abed69b896ea18127c8eb50	183	346	chatter:conversational opener; plan-mode:implementation plan
6abed69b896ea18127c8eb5d	183	359	chatter:conversational opener; plan-mode:implementation plan
6abed69b896ea18127c8eb5e	183	360	chatter:conversational opener; plan-mode:implementation plan
6abed69b896ea18127c8eb62	183	364	chatter:conversational opener; plan-mode:implementation plan
6abed69b896ea18127c8eb61	183	363	chatter:conversational opener; plan-mode:Please review
6abed69b896ea18127c8eb68	183	370	chatter:conversational opener; plan-mode:implementation plan
6abed69b896ea18127c8eb6e	183	376	chatter:conversational opener; plan-mode:implementation plan
6abed69b896ea18127c8eb6f	183	377	chatter:conversational opener; plan-mode:implementation plan
6abed69b896ea18127c8eb73	183	381	chatter:conversational opener; plan-mode:implementation plan
6abed69b896ea18127c8eb7d	183	391	chatter:conversational opener; plan-mode:implementation plan
6abed69b896ea18127c8eb81	183	395	chatter:conversational opener; plan-mode:implementation plan
6abed69b896ea18127c8eb83	183	397	chatter:conversational opener; plan-mode:implementation plan
6abed69b896ea18127c8eb8f	183	409	reasoning-leak:reasoning:I will output the final translation formatted strictly in ac; chatter:conversational opener; plan-mode:translation_plan; door:reasoning-leak
6abed69b896ea18127c8eb96	183	416	chatter:conversational opener; plan-mode:implementation plan
6abed69b896ea18127c8eb97	183	417	chatter:conversational opener; plan-mode:implementation plan
6abed69b896ea18127c8eb9b	183	421	chatter:conversational opener; plan-mode:implementation plan
6abed69b896ea18127c8eb9f	183	425	chatter:conversational opener; plan-mode:implementation plan
6abed69b896ea18127c8eba3	183	429	chatter:conversational opener; plan-mode:implementation plan
6abed69b896ea18127c8eba5	183	431	chatter:conversational opener; plan-mode:implementation plan
6abed69b896ea18127c8eba9	183	435	chatter:conversational opener; plan-mode:implementation plan
6abed69b896ea18127c8ebae	183	440	door:runaway
6abed69b896ea18127c8ebb2	183	444	chatter:conversational opener; plan-mode:translation_plan
6abed69b896ea18127c8ebb4	183	446	chatter:conversational opener; plan-mode:translation_plan
6abed69b896ea18127c8ebb9	183	451	chatter:conversational opener; plan-mode:implementation plan
6abed69b896ea18127c8ebc1	183	459	chatter:conversational opener; plan-mode:implementation plan
6abed69b896ea18127c8ebde	183	488	chatter:conversational opener; plan-mode:implementation plan; door:collapsed
6abed69b896ea18127c8ebee	183	504	chatter:conversational opener; plan-mode:implementation plan
6abed69b896ea18127c8ebf4	183	510	chatter:conversational opener; plan-mode:implementation plan
6abed69b896ea18127c8ebfa	183	516	chatter:conversational opener; plan-mode:implementation plan
6abed69b896ea18127c8ec01	183	523	chatter:conversational opener; plan-mode:translation_plan
6abed69b896ea18127c8ec0c	183	534	chatter:conversational opener; plan-mode:implementation plan
6abed69b896ea18127c8ec0d	183	535	chatter:conversational opener; plan-mode:implementation plan
6abed69b896ea18127c8ec17	183	545	chatter:conversational opener; plan-mode:implementation plan
6abed69b896ea18127c8ec1e	183	552	chatter:conversational opener; plan-mode:implementation plan
6abed69b896ea18127c8ec21	183	555	plan-mode:implementation plan
6abed69b896ea18127c8ec2c	183	566	chatter:conversational opener; plan-mode:implementation plan
6abed69b896ea18127c8ec2d	183	567	chatter:conversational opener; plan-mode:implementation plan
6abed69b896ea18127c8ec32	183	572	chatter:conversational opener; plan-mode:implementation plan
6abed72a896ea18127c8ec37	184	1	chatter:conversational opener; plan-mode:implementation plan
6abed72a896ea18127c8ec3a	184	4	chatter:conversational opener; plan-mode:implementation plan
6abed72a896ea18127c8ec41	184	11	chatter:conversational opener; plan-mode:implementation plan
6abed72a896ea18127c8ec48	184	18	chatter:conversational opener; plan-mode:implementation plan
6abed72a896ea18127c8ec53	184	29	chatter:conversational opener; plan-mode:implementation plan
6abed72a896ea18127c8ec57	184	33	chatter:conversational opener; plan-mode:implementation plan
6abed72a896ea18127c8ec6a	184	52	chatter:conversational opener; plan-mode:implementation plan
6abed72a896ea18127c8ec6c	184	54	chatter:conversational opener; plan-mode:implementation plan
6abed72a896ea18127c8ec71	184	59	chatter:conversational opener; plan-mode:translation_plan
6abed72a896ea18127c8ec81	184	75	plan-mode:/plan
6abed72a896ea18127c8ec82	184	76	chatter:conversational opener; plan-mode:implementation plan
6abed72a896ea18127c8ec92	184	92	chatter:conversational opener; plan-mode:translation_plan
6abed72a896ea18127c8ec93	184	93	chatter:conversational opener; plan-mode:implementation plan
6abed72a896ea18127c8ec9f	184	105	chatter:conversational opener; plan-mode:implementation plan
6abed72a896ea18127c8eca1	184	107	chatter:conversational opener; plan-mode:implementation plan
6abed72a896ea18127c8eca0	184	106	chatter:conversational opener; plan-mode:implementation plan
6abed72a896ea18127c8eca3	184	109	chatter:conversational opener; plan-mode:implementation plan
6abed72a896ea18127c8eca2	184	108	chatter:conversational opener; plan-mode:translation_plan
6abed72a896ea18127c8ecb8	184	130	chatter:conversational opener; plan-mode:implementation plan
6abed72a896ea18127c8ecc4	184	142	chatter:conversational opener; plan-mode:implementation plan
6abed72a896ea18127c8ecca	184	148	chatter:conversational opener; plan-mode:implementation plan
6abed72a896ea18127c8ecd1	184	155	chatter:conversational opener; plan-mode:implementation plan
6abed72a896ea18127c8ecd3	184	157	chatter:conversational opener; plan-mode:implementation plan
6abed72a896ea18127c8ecdc	184	166	chatter:conversational opener; plan-mode:implementation plan
6abed72a896ea18127c8ece3	184	173	chatter:conversational opener; plan-mode:implementation plan
6abed72a896ea18127c8ecec	184	182	chatter:conversational opener; plan-mode:implementation plan
6abed72a896ea18127c8eceb	184	181	chatter:conversational opener; plan-mode:translation_plan
6abed72a896ea18127c8ecef	184	185	chatter:conversational opener; plan-mode:implementation plan
6abed72a896ea18127c8ecf6	184	192	chatter:conversational opener; plan-mode:translation_plan
6abed72a896ea18127c8ecf7	184	193	door:stray-script
6abed72a896ea18127c8ecfe	184	200	chatter:conversational opener; plan-mode:implementation plan
6abed72a896ea18127c8ecff	184	201	chatter:conversational opener; plan-mode:implementation plan
6abed72a896ea18127c8ed04	184	206	chatter:conversational opener; plan-mode:implementation plan
6abed72a896ea18127c8ed09	184	211	chatter:conversational opener; plan-mode:implementation plan
6abed72a896ea18127c8ed0a	184	212	chatter:conversational opener; plan-mode:implementation plan
6abed72a896ea18127c8ed0e	184	216	chatter:conversational opener; plan-mode:implementation plan
6abed72a896ea18127c8ed12	184	220	chatter:conversational opener; plan-mode:translation_plan
6abed72a896ea18127c8ed18	184	226	chatter:conversational opener; plan-mode:implementation plan
6abed72a896ea18127c8ed1e	184	232	plan-mode:Please review
6abed72a896ea18127c8ed1f	184	233	chatter:conversational opener; plan-mode:implementation plan
6abed72a896ea18127c8ed26	184	240	chatter:conversational opener; plan-mode:implementation plan
6abed72a896ea18127c8ed2b	184	245	chatter:conversational opener; plan-mode:implementation plan
6abed72a896ea18127c8ed2e	184	248	chatter:conversational opener; plan-mode:implementation plan
6abed72a896ea18127c8ed30	184	250	chatter:conversational opener; plan-mode:implementation plan
6abed72a896ea18127c8ed32	184	252	chatter:conversational opener; plan-mode:implementation plan
6abed72a896ea18127c8ed39	184	259	chatter:conversational opener; plan-mode:implementation plan
6abed72a896ea18127c8ed3c	184	262	chatter:conversational opener; plan-mode:implementation plan
6abed72a896ea18127c8ed3d	184	263	chatter:conversational opener; plan-mode:implementation plan
6abed72a896ea18127c8ed46	184	272	chatter:conversational opener; plan-mode:implementation plan
6abed72a896ea18127c8ed4b	184	277	chatter:conversational opener; plan-mode:implementation plan
6abed72a896ea18127c8ed4d	184	279	chatter:conversational opener; plan-mode:implementation plan
6abed72a896ea18127c8ed4c	184	278	plan-mode:The user prompt; door:runaway
6abed72a896ea18127c8ed4f	184	281	chatter:conversational opener; plan-mode:implementation plan
6abed72a896ea18127c8ed5c	184	294	chatter:conversational opener; plan-mode:implementation plan
6abed72a896ea18127c8ed60	184	298	chatter:conversational opener; plan-mode:implementation plan
6abed72a896ea18127c8ed61	184	299	plan-mode:Please review
6abed72a896ea18127c8ed68	184	306	chatter:conversational opener; plan-mode:implementation plan
6abed72a896ea18127c8ed71	184	315	chatter:conversational opener; plan-mode:translation_plan
6abed72a896ea18127c8ed7b	184	325	chatter:conversational opener; plan-mode:implementation plan
6abed72a896ea18127c8ed84	184	334	chatter:conversational opener; plan-mode:plan.md
6abed72a896ea18127c8ed90	184	346	chatter:conversational opener; plan-mode:implementation plan
6abed72a896ea18127c8ed95	184	351	chatter:conversational opener; plan-mode:implementation plan
6abed72a896ea18127c8ed97	184	353	chatter:conversational opener; plan-mode:implementation plan
6abed72a896ea18127c8ed96	184	352	chatter:conversational opener; plan-mode:implementation plan
6abed72a896ea18127c8ed9f	184	361	chatter:conversational opener; plan-mode:translation_plan
6abed72a896ea18127c8eda9	184	371	chatter:conversational opener; plan-mode:translation_plan
6abed72a896ea18127c8edab	184	373	chatter:conversational opener; plan-mode:implementation plan
6abed72a896ea18127c8edad	184	375	chatter:conversational opener; plan-mode:implementation plan
6abed72a896ea18127c8edb5	184	383	chatter:conversational opener; plan-mode:implementation plan
6abed72a896ea18127c8edb9	184	387	chatter:conversational opener; plan-mode:implementation plan
6abed72a896ea18127c8edc5	184	399	chatter:conversational opener; plan-mode:implementation plan
6abed72a896ea18127c8edc9	184	403	chatter:conversational opener; plan-mode:translation_plan
6abed72a896ea18127c8edcf	184	409	chatter:conversational opener; plan-mode:implementation plan
6abed72a896ea18127c8eddc	184	422	chatter:conversational opener; plan-mode:implementation plan
6abed72a896ea18127c8ede4	184	430	chatter:conversational opener; plan-mode:translation_plan
6abed72a896ea18127c8ede7	184	433	chatter:conversational opener; plan-mode:implementation plan
6abed72a896ea18127c8edfa	184	452	chatter:conversational opener; plan-mode:translation_plan
6abed72a896ea18127c8edff	184	457	chatter:conversational opener; plan-mode:translation_plan
6abed72a896ea18127c8ee08	184	466	chatter:conversational opener; plan-mode:implementation plan
6abed72a896ea18127c8ee0a	184	468	chatter:conversational opener; plan-mode:translation_plan
6abed72a896ea18127c8ee0b	184	469	chatter:conversational opener; plan-mode:implementation plan
6abed72a896ea18127c8ee0c	184	470	chatter:conversational opener; plan-mode:implementation plan
6abed72a896ea18127c8ee14	184	478	chatter:conversational opener; plan-mode:implementation plan
6abed72a896ea18127c8ee25	184	495	chatter:conversational opener; plan-mode:implementation plan
6abed72a896ea18127c8ee35	184	511	chatter:conversational opener; plan-mode:translation_plan
6abed72a896ea18127c8ee3d	184	519	chatter:conversational opener
6abed76e896ea18127c8ee44	185	2	chatter:conversational opener; plan-mode:output contract
6abed76e896ea18127c8ee46	185	4	chatter:conversational opener; plan-mode:implementation plan
6abed76e896ea18127c8ee49	185	7	chatter:conversational opener; plan-mode:implementation plan
6abed76e896ea18127c8ee4d	185	11	chatter:conversational opener; plan-mode:translation_plan
6abed76e896ea18127c8ee58	185	22	chatter:conversational opener; plan-mode:implementation plan
6abed76e896ea18127c8ee6e	185	44	chatter:conversational opener; plan-mode:translation_plan
6abed76e896ea18127c8ee6f	185	45	chatter:conversational opener; plan-mode:implementation plan
6abed76e896ea18127c8ee73	185	49	chatter:conversational opener; plan-mode:translation_plan
6abed76e896ea18127c8ee76	185	52	chatter:conversational opener; plan-mode:implementation plan
6abed76e896ea18127c8ee78	185	54	chatter:conversational opener; plan-mode:implementation plan
6abed76e896ea18127c8ee7a	185	56	chatter:conversational opener; plan-mode:implementation plan
6abed76e896ea18127c8ee7b	185	57	chatter:conversational opener; plan-mode:implementation plan
6abed76e896ea18127c8ee7f	185	61	chatter:conversational opener; plan-mode:implementation plan
6abed76e896ea18127c8ee8c	185	74	chatter:conversational opener; plan-mode:implementation plan
6abed76e896ea18127c8ee8d	185	75	chatter:conversational opener; plan-mode:implementation plan
6abed76e896ea18127c8ee8e	185	76	chatter:conversational opener; plan-mode:implementation plan
6abed76e896ea18127c8ee9d	185	91	chatter:conversational opener; plan-mode:implementation plan
6abed76e896ea18127c8eea1	185	95	chatter:conversational opener; plan-mode:implementation plan
6abed76e896ea18127c8eea2	185	96	chatter:conversational opener; plan-mode:translation_plan
6abed76e896ea18127c8eea4	185	98	chatter:conversational opener; plan-mode:implementation plan
6abed76e896ea18127c8eeb6	185	116	chatter:conversational opener; plan-mode:implementation plan
6abed76e896ea18127c8eeb9	185	119	chatter:conversational opener; plan-mode:translation_plan
6abed76e896ea18127c8eec3	185	129	chatter:conversational opener; plan-mode:implementation plan
6abed76e896ea18127c8eec4	185	130	chatter:conversational opener; plan-mode:implementation plan
6abed76e896ea18127c8eec7	185	133	chatter:conversational opener; plan-mode:implementation plan
6abed76e896ea18127c8eecf	185	141	chatter:conversational opener; plan-mode:translation_plan
6abed76e896ea18127c8eed2	185	144	chatter:conversational opener; plan-mode:implementation plan
6abed76e896ea18127c8eedf	185	157	chatter:conversational opener; plan-mode:implementation plan
6abed76e896ea18127c8eeda	185	152	chatter:conversational opener; plan-mode:implementation plan
6abed76e896ea18127c8eee4	185	162	chatter:conversational opener; plan-mode:implementation plan
6abed76e896ea18127c8eeeb	185	169	reasoning-leak:reasoning:Warm museum; plan-mode:the user prompt; door:reasoning-leak
6abed76e896ea18127c8eeed	185	171	chatter:conversational opener; plan-mode:implementation plan
6abed76e896ea18127c8eeef	185	173	chatter:conversational opener; plan-mode:implementation plan
6abed76e896ea18127c8eef7	185	181	chatter:conversational opener; plan-mode:implementation plan
6abed76e896ea18127c8eefb	185	185	chatter:conversational opener; plan-mode:implementation plan
6abed76e896ea18127c8eefe	185	188	chatter:conversational opener; plan-mode:implementation plan
6abed76e896ea18127c8eeff	185	189	chatter:conversational opener; plan-mode:implementation plan
6abed76e896ea18127c8ef0d	185	203	chatter:conversational opener; plan-mode:implementation plan
6abed76e896ea18127c8ef1f	185	221	chatter:conversational opener; plan-mode:implementation plan
6abed76e896ea18127c8ef2a	185	232	chatter:conversational opener; plan-mode:implementation plan
6abed76e896ea18127c8ef2d	185	235	plan-mode:Please review
6abed76e896ea18127c8ef32	185	240	plan-mode:output contract
6abed76e896ea18127c8ef36	185	244	chatter:conversational opener; plan-mode:implementation plan
6abed76e896ea18127c8ef3a	185	248	chatter:conversational opener; plan-mode:implementation plan
6abed76e896ea18127c8ef3b	185	249	chatter:conversational opener; plan-mode:implementation plan
6abed76e896ea18127c8ef3c	185	250	chatter:conversational opener; plan-mode:implementation plan
6abed76e896ea18127c8ef3d	185	251	chatter:conversational opener; plan-mode:Please review
6abed76e896ea18127c8ef44	185	258	chatter:conversational opener; plan-mode:implementation plan
6abed76e896ea18127c8ef46	185	260	chatter:conversational opener; plan-mode:translation_plan
6abed76e896ea18127c8ef53	185	273	chatter:conversational opener; plan-mode:implementation plan
6abed76e896ea18127c8ef57	185	277	chatter:conversational opener; plan-mode:implementation plan
6abed76e896ea18127c8ef5a	185	280	chatter:conversational opener; plan-mode:implementation plan
6abed76e896ea18127c8ef6c	185	298	plan-mode:Output Contract
6abed76e896ea18127c8ef70	185	302	chatter:conversational opener; plan-mode:implementation plan
6abed76e896ea18127c8ef7b	185	313	chatter:conversational opener; plan-mode:implementation plan
6abed76e896ea18127c8ef86	185	324	chatter:conversational opener; plan-mode:implementation plan
6abed76e896ea18127c8ef91	185	335	chatter:conversational opener; plan-mode:implementation plan
6abed76e896ea18127c8ef93	185	337	chatter:conversational opener; plan-mode:implementation plan
6abed76e896ea18127c8ef95	185	339	plan-mode:Please review
6abed76e896ea18127c8ef96	185	340	chatter:conversational opener; plan-mode:implementation plan
6abed76e896ea18127c8ef98	185	342	chatter:conversational opener; plan-mode:implementation plan
6abed76e896ea18127c8ef99	185	343	chatter:conversational opener; plan-mode:translation_plan
6abed76e896ea18127c8ef9a	185	344	chatter:conversational opener; plan-mode:implementation plan
6abed76e896ea18127c8efa1	185	351	chatter:conversational opener; plan-mode:implementation plan
6abed76e896ea18127c8efa6	185	356	chatter:conversational opener; plan-mode:implementation plan
6abed76e896ea18127c8efae	185	364	chatter:conversational opener; plan-mode:implementation plan
6abed76e896ea18127c8efbb	185	377	chatter:conversational opener; plan-mode:translation_plan
6abed76e896ea18127c8efbe	185	380	chatter:conversational opener; plan-mode:implementation plan
6abed76e896ea18127c8efc5	185	387	chatter:conversational opener; plan-mode:implementation plan
6abed76e896ea18127c8efcb	185	393	chatter:conversational opener; plan-mode:implementation plan
6abed76e896ea18127c8efd1	185	399	chatter:conversational opener; plan-mode:implementation plan
6abed76e896ea18127c8efdb	185	409	chatter:conversational opener; plan-mode:translation_plan
6abed76e896ea18127c8efdc	185	410	chatter:conversational opener; plan-mode:implementation plan
6abed76e896ea18127c8efe0	185	414	chatter:conversational opener; plan-mode:implementation plan
6abed76e896ea18127c8efe4	185	418	chatter:conversational opener; plan-mode:implementation plan
6abed76e896ea18127c8efe9	185	423	chatter:conversational opener; plan-mode:implementation plan
6abed76e896ea18127c8efe8	185	422	chatter:conversational opener; plan-mode:implementation plan
6abed76e896ea18127c8efec	185	426	chatter:conversational opener; plan-mode:implementation plan
6abed76e896ea18127c8eff1	185	431	chatter:conversational opener; plan-mode:implementation plan
6abed76e896ea18127c8eff7	185	437	chatter:conversational opener; plan-mode:implementation plan
6abed76e896ea18127c8eff5	185	435	door:runaway
6abed76e896ea18127c8eff9	185	439	chatter:conversational opener; plan-mode:implementation plan
6abed76e896ea18127c8effd	185	443	chatter:conversational opener; plan-mode:implementation plan
6abed76e896ea18127c8f00d	185	459	chatter:conversational opener; plan-mode:implementation plan
6abed76e896ea18127c8f018	185	470	chatter:conversational opener; plan-mode:implementation plan
6abed76e896ea18127c8f031	185	495	chatter:conversational opener; plan-mode:implementation plan
6abed76e896ea18127c8f032	185	496	chatter:conversational opener; plan-mode:implementation plan
6abed76e896ea18127c8f040	185	510	chatter:conversational opener; plan-mode:implementation plan
6abed76e896ea18127c8f049	185	519	chatter:conversational opener; plan-mode:translation_plan
6abed76e896ea18127c8f051	185	527	chatter:conversational opener; plan-mode:implementation plan
6abed76e896ea18127c8f05e	185	540	chatter:conversational opener; plan-mode:implementation plan
6abed76e896ea18127c8f064	185	546	chatter:conversational opener; plan-mode:implementation plan
6abed76e896ea18127c8f067	185	549	chatter:conversational opener; plan-mode:implementation plan
6abed76e896ea18127c8f06e	185	556	chatter:conversational opener; plan-mode:implementation plan
6abed76e896ea18127c8f075	185	563	chatter:conversational opener; plan-mode:implementation plan
6abed76e896ea18127c8f083	185	577	chatter:conversational opener; plan-mode:implementation plan
6abed76e896ea18127c8f087	185	581	chatter:conversational opener; plan-mode:implementation plan
6abed76e896ea18127c8f09a	185	600	chatter:conversational opener; plan-mode:implementation plan
6abed76e896ea18127c8f0a6	185	612	chatter:conversational opener; plan-mode:translation_plan
6abed76e896ea18127c8f0b2	185	624	chatter:conversational opener; plan-mode:implementation plan
6abed76e896ea18127c8f0b6	185	628	chatter:conversational opener; plan-mode:implementation plan
6abed76e896ea18127c8f0c1	185	639	chatter:conversational opener; plan-mode:implementation plan
6abed76e896ea18127c8f0c4	185	642	chatter:conversational opener; plan-mode:translation_plan
6abed76e896ea18127c8f0cb	185	649	chatter:conversational opener; plan-mode:translation_plan
6abed7ae896ea18127c8f0da	186	6	chatter:conversational opener; plan-mode:translation_plan
6abed7ae896ea18127c8f0db	186	7	chatter:conversational opener; plan-mode:implementation plan
6abed7ae896ea18127c8f0e5	186	17	chatter:conversational opener; plan-mode:implementation plan
6abed7ae896ea18127c8f0f1	186	29	chatter:conversational opener; plan-mode:implementation plan
6abed7ae896ea18127c8f0f9	186	37	chatter:conversational opener; plan-mode:implementation plan
6abed7ae896ea18127c8f0fa	186	38	chatter:conversational opener; plan-mode:implementation plan
6abed7ae896ea18127c8f0fb	186	39	chatter:conversational opener; plan-mode:implementation plan
6abed7ae896ea18127c8f106	186	50	chatter:conversational opener; plan-mode:implementation plan
6abed7ae896ea18127c8f10b	186	55	chatter:conversational opener; plan-mode:implementation plan
6abed7ae896ea18127c8f10f	186	59	chatter:conversational opener; plan-mode:implementation plan
6abed7ae896ea18127c8f110	186	60	chatter:conversational opener; plan-mode:implementation plan
6abed7ae896ea18127c8f115	186	65	plan-mode:please let me know
6abed7ae896ea18127c8f124	186	80	chatter:conversational opener; plan-mode:implementation plan
6abed7ae896ea18127c8f127	186	83	chatter:conversational opener; plan-mode:implementation plan
6abed7ae896ea18127c8f12d	186	89	chatter:conversational opener; plan-mode:implementation plan
6abed7ae896ea18127c8f12c	186	88	chatter:conversational opener; plan-mode:implementation plan
6abed7ae896ea18127c8f131	186	93	chatter:conversational opener; plan-mode:translation_plan
6abed7ae896ea18127c8f136	186	98	chatter:conversational opener; plan-mode:implementation plan
6abed7ae896ea18127c8f13e	186	106	chatter:conversational opener; plan-mode:implementation plan
6abed7ae896ea18127c8f13f	186	107	chatter:conversational opener; plan-mode:implementation plan; door:collapsed
6abed7ae896ea18127c8f145	186	113	chatter:conversational opener; plan-mode:implementation plan
6abed7ae896ea18127c8f146	186	114	plan-mode:Please review
6abed7ae896ea18127c8f14c	186	120	chatter:conversational opener; plan-mode:implementation plan
6abed7ae896ea18127c8f14f	186	123	chatter:conversational opener; plan-mode:translation_plan; door:collapsed
6abed7ae896ea18127c8f155	186	129	chatter:conversational opener; plan-mode:translation_plan
6abed7ae896ea18127c8f161	186	141	chatter:conversational opener; plan-mode:implementation plan
6abed7ae896ea18127c8f165	186	145	chatter:conversational opener; plan-mode:implementation plan
6abed7ae896ea18127c8f167	186	147	chatter:conversational opener; plan-mode:implementation plan
6abed7ae896ea18127c8f172	186	158	chatter:conversational opener; plan-mode:implementation plan
6abed7ae896ea18127c8f180	186	172	chatter:conversational opener; plan-mode:implementation plan
6abed7ae896ea18127c8f18c	186	184	chatter:conversational opener; plan-mode:implementation plan
6abed7ae896ea18127c8f18f	186	187	chatter:conversational opener; plan-mode:translation_plan
6abed7ae896ea18127c8f191	186	189	chatter:conversational opener; plan-mode:Please review
6abed7ae896ea18127c8f196	186	194	chatter:conversational opener; plan-mode:implementation plan
6abed7ae896ea18127c8f19c	186	200	chatter:conversational opener; plan-mode:implementation plan
6abed7ae896ea18127c8f1a2	186	206	chatter:conversational opener; plan-mode:implementation plan
6abed7ae896ea18127c8f1a5	186	209	chatter:conversational opener; plan-mode:implementation plan
6abed7ae896ea18127c8f1a4	186	208	chatter:conversational opener; plan-mode:implementation plan
6abed7ae896ea18127c8f1a6	186	210	chatter:conversational opener; plan-mode:implementation plan
6abed7ae896ea18127c8f1a9	186	213	chatter:conversational opener; plan-mode:implementation plan
6abed7ae896ea18127c8f1b5	186	225	chatter:conversational opener; plan-mode:implementation plan
6abed7ae896ea18127c8f1b7	186	227	chatter:conversational opener; plan-mode:implementation plan
6abed7ae896ea18127c8f1be	186	234	chatter:conversational opener; plan-mode:implementation plan
6abed7ae896ea18127c8f1c0	186	236	chatter:conversational opener; plan-mode:implementation plan
6abed7ae896ea18127c8f1d4	186	256	chatter:conversational opener; plan-mode:translation_plan
6abed7ae896ea18127c8f1da	186	262	chatter:conversational opener; plan-mode:implementation plan
6abed7ae896ea18127c8f1df	186	267	chatter:conversational opener; plan-mode:translation_plan
6abed7ae896ea18127c8f1e4	186	272	chatter:conversational opener; plan-mode:implementation plan
6abed7ae896ea18127c8f1e6	186	274	chatter:conversational opener; plan-mode:implementation plan
6abed7ae896ea18127c8f1e7	186	275	chatter:conversational opener; plan-mode:implementation plan
6abed7ae896ea18127c8f1ea	186	278	chatter:conversational opener; plan-mode:implementation plan
6abed7ae896ea18127c8f1f7	186	291	chatter:conversational opener; plan-mode:output contract
6abed7ae896ea18127c8f1f8	186	292	chatter:conversational opener; plan-mode:implementation plan
6abed7ae896ea18127c8f201	186	301	chatter:conversational opener; plan-mode:implementation plan
6abed7ae896ea18127c8f211	186	317	chatter:conversational opener; plan-mode:implementation plan
6abed7ae896ea18127c8f21d	186	329	chatter:conversational opener; plan-mode:implementation plan
6abed7ae896ea18127c8f222	186	334	chatter:conversational opener; plan-mode:translation_plan
6abed7ae896ea18127c8f220	186	332	plan-mode:Please review
6abed7ae896ea18127c8f224	186	336	chatter:conversational opener; plan-mode:implementation plan
6abed7ae896ea18127c8f228	186	340	chatter:conversational opener; plan-mode:implementation plan
6abed7ae896ea18127c8f22b	186	343	chatter:conversational opener; plan-mode:translation_plan
6abed7ae896ea18127c8f22c	186	344	chatter:conversational opener; plan-mode:implementation plan
6abed7ae896ea18127c8f23c	186	360	chatter:conversational opener; plan-mode:implementation plan
6abed7ae896ea18127c8f245	186	369	chatter:conversational opener; plan-mode:implementation plan
6abed7ae896ea18127c8f249	186	373	chatter:conversational opener; plan-mode:implementation plan
6abed7ae896ea18127c8f24d	186	377	chatter:conversational opener; plan-mode:implementation plan
6abed7ae896ea18127c8f252	186	382	chatter:conversational opener; plan-mode:output contract
6abed7ae896ea18127c8f255	186	385	chatter:conversational opener; plan-mode:translation_plan
6abed7ae896ea18127c8f256	186	386	chatter:conversational opener; plan-mode:implementation plan
6abed7ae896ea18127c8f26d	186	409	chatter:conversational opener; plan-mode:implementation plan
6abed7ae896ea18127c8f26f	186	411	chatter:conversational opener; plan-mode:implementation plan
6abed7ae896ea18127c8f270	186	412	chatter:conversational opener; plan-mode:file:///
6abed7ae896ea18127c8f277	186	419	chatter:conversational opener; plan-mode:implementation plan
6abed7ae896ea18127c8f279	186	421	chatter:conversational opener; plan-mode:implementation plan
6abed7ae896ea18127c8f27a	186	422	chatter:conversational opener; plan-mode:implementation plan
6abed7ae896ea18127c8f27b	186	423	chatter:conversational opener; plan-mode:implementation plan
6abed7ae896ea18127c8f281	186	429	chatter:conversational opener; plan-mode:implementation plan
6abed7ae896ea18127c8f28f	186	443	chatter:conversational opener; plan-mode:implementation plan
6abed7ae896ea18127c8f295	186	449	chatter:conversational opener; plan-mode:implementation plan
6abed7ae896ea18127c8f29c	186	456	chatter:conversational opener; plan-mode:implementation plan
6abed7ae896ea18127c8f2a2	186	462	chatter:conversational opener; plan-mode:implementation plan
6abed7ae896ea18127c8f2a9	186	469	chatter:conversational opener; plan-mode:implementation plan
6abed7ae896ea18127c8f2b0	186	476	chatter:conversational opener; plan-mode:implementation plan
6abed7ae896ea18127c8f2b5	186	481	chatter:conversational opener; plan-mode:implementation plan; door:collapsed
6abed7ae896ea18127c8f2bb	186	487	plan-mode:Please review
6abed7ae896ea18127c8f2c8	186	500	chatter:conversational opener; plan-mode:implementation plan
6abed81b896ea18127c8f2d6	187	10	chatter:conversational opener; plan-mode:implementation plan
6abed81b896ea18127c8f2e9	187	29	chatter:conversational opener; plan-mode:implementation plan
6abed81b896ea18127c8f2ee	187	34	plan-mode:output contract; door:runaway
6abed81b896ea18127c8f304	187	56	reasoning-leak:reasoning:I will output the final translation adhering strictly to the; chatter:conversational opener; plan-mode:implementation plan; door:reasoning-leak
6abed81b896ea18127c8f308	187	60	chatter:conversational opener; plan-mode:implementation plan
6abed81b896ea18127c8f313	187	71	reasoning-leak:reasoning:I will output the final translation adhering strictly to the; chatter:conversational opener; plan-mode:implementation plan; door:reasoning-leak
6abed81b896ea18127c8f318	187	76	chatter:conversational opener; plan-mode:implementation plan
6abed81b896ea18127c8f320	187	84	chatter:conversational opener; plan-mode:Please review
6abed81b896ea18127c8f327	187	91	chatter:conversational opener; plan-mode:implementation plan
6abed81b896ea18127c8f33e	187	114	chatter:conversational opener; plan-mode:translation_plan
6abed81b896ea18127c8f341	187	117	chatter:conversational opener; plan-mode:translation_plan
6abed81b896ea18127c8f35b	187	143	chatter:conversational opener; plan-mode:implementation plan
6abed81b896ea18127c8f361	187	149	chatter:conversational opener; plan-mode:implementation plan
6abed81b896ea18127c8f364	187	152	chatter:conversational opener; plan-mode:implementation plan
6abed81b896ea18127c8f36a	187	158	chatter:conversational opener; plan-mode:implementation plan
6abed81b896ea18127c8f372	187	166	chatter:conversational opener; plan-mode:translation_plan
6abed81b896ea18127c8f37b	187	175	chatter:conversational opener; plan-mode:implementation plan
6abed81b896ea18127c8f37c	187	176	chatter:conversational opener; plan-mode:implementation plan
6abed81b896ea18127c8f37e	187	178	chatter:conversational opener; plan-mode:implementation plan
6abed81b896ea18127c8f396	187	202	chatter:conversational opener; plan-mode:implementation plan; door:collapsed
6abed81b896ea18127c8f395	187	201	chatter:conversational opener; plan-mode:implementation plan
6abed81b896ea18127c8f3a5	187	217	plan-mode:Please review
6abed81b896ea18127c8f3b8	187	236	chatter:conversational opener; plan-mode:implementation plan; door:collapsed
6abed81b896ea18127c8f3ba	187	238	chatter:conversational opener; plan-mode:implementation plan
6abed81b896ea18127c8f3c5	187	249	chatter:conversational opener; plan-mode:implementation plan
6abed81b896ea18127c8f3cb	187	255	chatter:conversational opener; plan-mode:implementation plan
6abed81b896ea18127c8f3fa	187	302	chatter:conversational opener; plan-mode:translation_plan
6abed81b896ea18127c8f40a	187	318	chatter:conversational opener; plan-mode:implementation plan
6abed81b896ea18127c8f40d	187	321	chatter:conversational opener; plan-mode:translation_plan
6abed81b896ea18127c8f410	187	324	chatter:conversational opener; plan-mode:implementation plan
6abed81b896ea18127c8f413	187	327	plan-mode:implementation plan
6abed81b896ea18127c8f41e	187	338	chatter:conversational opener; plan-mode:implementation plan
6abed81b896ea18127c8f422	187	342	chatter:conversational opener; plan-mode:translation_plan
6abed81b896ea18127c8f426	187	346	chatter:conversational opener; plan-mode:translation_plan
6abed81b896ea18127c8f428	187	348	chatter:conversational opener; plan-mode:implementation plan
6abed81b896ea18127c8f42c	187	352	chatter:conversational opener; plan-mode:implementation plan
6abed81b896ea18127c8f42f	187	355	chatter:conversational opener; plan-mode:translation_plan
6abed81b896ea18127c8f432	187	358	reasoning-leak:reasoning:I will output the final translation adhering strictly to you; chatter:conversational opener; plan-mode:implementation plan; door:reasoning-leak
6abed81b896ea18127c8f438	187	364	chatter:conversational opener; plan-mode:translation_plan
6abed81b896ea18127c8f439	187	365	door:runaway
6abed81b896ea18127c8f43c	187	368	chatter:conversational opener; plan-mode:implementation plan
6abed81b896ea18127c8f441	187	373	chatter:conversational opener; plan-mode:implementation plan
6abed81b896ea18127c8f446	187	378	chatter:conversational opener; plan-mode:implementation plan
6abed81b896ea18127c8f44a	187	382	chatter:conversational opener; plan-mode:implementation plan
6abed81b896ea18127c8f44e	187	386	chatter:conversational opener; plan-mode:translation_plan
6abed81b896ea18127c8f461	187	405	chatter:conversational opener; plan-mode:translation_plan
6abed81b896ea18127c8f464	187	408	chatter:conversational opener; plan-mode:implementation plan
6abed81b896ea18127c8f476	187	426	chatter:conversational opener; plan-mode:implementation plan
6abed81b896ea18127c8f48f	187	451	chatter:conversational opener; plan-mode:implementation plan
6abed81b896ea18127c8f493	187	455	chatter:conversational opener; plan-mode:implementation plan
6abed81b896ea18127c8f495	187	457	chatter:conversational opener; plan-mode:implementation plan
6abed81b896ea18127c8f498	187	460	chatter:conversational opener; plan-mode:implementation plan
6abed81b896ea18127c8f49d	187	465	chatter:conversational opener; plan-mode:implementation plan
6abed81b896ea18127c8f49c	187	464	chatter:conversational opener; plan-mode:implementation plan
6abed81b896ea18127c8f4a6	187	474	chatter:conversational opener; plan-mode:implementation plan
6abed81b896ea18127c8f4ae	187	482	chatter:conversational opener; plan-mode:implementation plan
6abed81b896ea18127c8f4ba	187	494	chatter:conversational opener; plan-mode:implementation plan
6abed81b896ea18127c8f4be	187	498	chatter:conversational opener; plan-mode:implementation plan
6abed81b896ea18127c8f4c2	187	502	chatter:conversational opener; plan-mode:implementation plan
6abed81b896ea18127c8f4cd	187	513	chatter:conversational opener; plan-mode:implementation plan
6abed81b896ea18127c8f4d4	187	520	chatter:conversational opener; plan-mode:implementation plan
6abed81b896ea18127c8f4db	187	527	chatter:conversational opener; plan-mode:implementation plan
6abed81b896ea18127c8f4e9	187	541	chatter:conversational opener; plan-mode:implementation plan
6abed81b896ea18127c8f4ea	187	542	chatter:conversational opener; plan-mode:plan.md
6abed81b896ea18127c8f4f4	187	552	chatter:conversational opener; plan-mode:implementation plan
6abed81b896ea18127c8f4ff	187	563	chatter:conversational opener; plan-mode:implementation plan
6abed81b896ea18127c8f504	187	568	chatter:conversational opener; plan-mode:implementation plan
6abed81b896ea18127c8f509	187	573	chatter:conversational opener; plan-mode:implementation plan
6abed81b896ea18127c8f517	187	587	chatter:conversational opener; plan-mode:translation_plan
6abed87d896ea18127c8f521	188	5	chatter:conversational opener; plan-mode:implementation plan
6abed87d896ea18127c8f522	188	6	chatter:conversational opener; plan-mode:implementation plan
6abed87d896ea18127c8f52a	188	14	chatter:conversational opener; plan-mode:implementation plan
6abed87d896ea18127c8f52c	188	16	chatter:conversational opener; plan-mode:translation_plan
6abed87d896ea18127c8f532	188	22	chatter:conversational opener; plan-mode:implementation plan
6abed87d896ea18127c8f539	188	29	chatter:conversational opener; plan-mode:translation_plan
6abed87d896ea18127c8f53d	188	33	chatter:conversational opener; plan-mode:implementation plan
6abed87d896ea18127c8f54e	188	50	chatter:conversational opener; plan-mode:implementation plan
6abed87d896ea18127c8f552	188	54	chatter:conversational opener; plan-mode:implementation plan
6abed87d896ea18127c8f554	188	56	chatter:conversational opener; plan-mode:implementation plan
6abed87d896ea18127c8f559	188	61	chatter:conversational opener; plan-mode:implementation plan
6abed87d896ea18127c8f572	188	86	chatter:conversational opener; plan-mode:implementation plan
6abed87d896ea18127c8f575	188	89	chatter:conversational opener; plan-mode:translation_plan
6abed87d896ea18127c8f57a	188	94	chatter:conversational opener; plan-mode:implementation plan; door:collapsed
6abed87d896ea18127c8f57d	188	97	chatter:conversational opener; plan-mode:implementation plan
6abed87d896ea18127c8f582	188	102	chatter:conversational opener; plan-mode:implementation plan
6abed87d896ea18127c8f58e	188	114	chatter:conversational opener; plan-mode:implementation plan
6abed87d896ea18127c8f592	188	118	chatter:conversational opener; plan-mode:implementation plan
6abed87d896ea18127c8f597	188	123	chatter:conversational opener; plan-mode:implementation plan
6abed87d896ea18127c8f59d	188	129	chatter:conversational opener; plan-mode:implementation plan
6abed87d896ea18127c8f5aa	188	142	chatter:conversational opener; plan-mode:translation_plan
6abed87d896ea18127c8f5ae	188	146	chatter:conversational opener; plan-mode:implementation plan
6abed87d896ea18127c8f5bf	188	163	chatter:conversational opener; plan-mode:translation_plan
6abed87d896ea18127c8f5d5	188	185	chatter:conversational opener; plan-mode:implementation plan
6abed87d896ea18127c8f5db	188	191	chatter:conversational opener; plan-mode:implementation plan
6abed87d896ea18127c8f5dd	188	193	chatter:conversational opener; plan-mode:translation_plan
6abed87d896ea18127c8f5e0	188	196	chatter:conversational opener; plan-mode:implementation plan
6abed87d896ea18127c8f5e5	188	201	chatter:conversational opener; plan-mode:translation_plan
6abed87d896ea18127c8f5f2	188	214	chatter:conversational opener; plan-mode:implementation plan
6abed87d896ea18127c8f5f6	188	218	chatter:conversational opener; plan-mode:implementation plan
6abed87d896ea18127c8f5f7	188	219	chatter:conversational opener; plan-mode:implementation plan
6abed87d896ea18127c8f607	188	235	chatter:conversational opener; plan-mode:implementation plan
6abed87d896ea18127c8f60a	188	238	chatter:conversational opener; plan-mode:implementation plan
6abed87d896ea18127c8f60d	188	241	chatter:conversational opener; plan-mode:implementation plan
6abed87d896ea18127c8f611	188	245	chatter:conversational opener; plan-mode:translation_plan
6abed87d896ea18127c8f61b	188	255	chatter:conversational opener; plan-mode:translation_plan
6abed87d896ea18127c8f61c	188	256	chatter:conversational opener; plan-mode:implementation plan
6abed87d896ea18127c8f61d	188	257	chatter:conversational opener; plan-mode:translation_plan
6abed87d896ea18127c8f61f	188	259	chatter:conversational opener; plan-mode:implementation plan
6abed87d896ea18127c8f624	188	264	chatter:conversational opener; plan-mode:implementation plan
6abed87d896ea18127c8f625	188	265	chatter:conversational opener; plan-mode:implementation plan
6abed87d896ea18127c8f62d	188	273	chatter:conversational opener; plan-mode:translation_plan
6abed87d896ea18127c8f633	188	279	chatter:conversational opener; plan-mode:implementation plan
6abed87d896ea18127c8f637	188	283	chatter:conversational opener; plan-mode:plan.md
6abed87d896ea18127c8f650	188	308	chatter:conversational opener; plan-mode:implementation plan
6abed87d896ea18127c8f652	188	310	chatter:conversational opener; plan-mode:translation_plan
6abed87d896ea18127c8f657	188	315	chatter:conversational opener; plan-mode:implementation plan
6abed87d896ea18127c8f659	188	317	door:runaway
6abed87d896ea18127c8f665	188	329	chatter:conversational opener; plan-mode:implementation plan
6abed87d896ea18127c8f66f	188	339	chatter:conversational opener; plan-mode:translation_plan
6abed87d896ea18127c8f676	188	346	chatter:conversational opener; plan-mode:implementation plan
6abed87d896ea18127c8f677	188	347	chatter:conversational opener; plan-mode:implementation plan
6abed87d896ea18127c8f67f	188	355	chatter:conversational opener; plan-mode:implementation plan
6abed87d896ea18127c8f687	188	363	chatter:conversational opener; plan-mode:implementation plan
6abed87d896ea18127c8f68b	188	367	chatter:conversational opener; plan-mode:implementation plan
6abed87d896ea18127c8f699	188	381	chatter:conversational opener; plan-mode:translation_plan
6abed87d896ea18127c8f6a5	188	393	chatter:conversational opener; plan-mode:implementation plan
6abed87d896ea18127c8f6ae	188	402	chatter:conversational opener; plan-mode:implementation plan
6abed87d896ea18127c8f6bc	188	416	chatter:conversational opener; plan-mode:implementation plan
6abed87d896ea18127c8f6e8	188	460	plan-mode:Please review
6abed87d896ea18127c8f6f0	188	468	chatter:conversational opener; plan-mode:implementation plan
6abed87d896ea18127c8f6fb	188	479	chatter:conversational opener; plan-mode:implementation plan
6abed87d896ea18127c8f6fc	188	480	chatter:conversational opener; plan-mode:implementation plan
6abed87d896ea18127c8f701	188	485	chatter:conversational opener; plan-mode:implementation plan
6abed87d896ea18127c8f703	188	487	chatter:conversational opener; plan-mode:implementation plan
6abed87d896ea18127c8f706	188	490	chatter:conversational opener; plan-mode:implementation plan
6abed87d896ea18127c8f70b	188	495	chatter:conversational opener; plan-mode:implementation plan
6abed87d896ea18127c8f720	188	516	chatter:conversational opener; plan-mode:implementation plan
6abed87d896ea18127c8f722	188	518	chatter:conversational opener; plan-mode:implementation plan
6abed87d896ea18127c8f723	188	519	chatter:conversational opener; plan-mode:implementation plan
6abed87d896ea18127c8f724	188	520	door:collapsed
6abed87d896ea18127c8f729	188	525	chatter:conversational opener; plan-mode:implementation plan
6abed87d896ea18127c8f73b	188	543	chatter:conversational opener; plan-mode:translation_plan
6abed87d896ea18127c8f744	188	552	chatter:conversational opener; plan-mode:implementation plan
6abed87d896ea18127c8f759	188	573	chatter:conversational opener; plan-mode:implementation plan
6abed87d896ea18127c8f75b	188	575	chatter:conversational opener; plan-mode:translation_plan
6abed8d1896ea18127c8f765	189	5	chatter:conversational opener; plan-mode:translation_plan
6abed8d1896ea18127c8f771	189	17	chatter:conversational opener; plan-mode:implementation plan
6abed8d1896ea18127c8f77c	189	28	chatter:conversational opener; plan-mode:implementation plan
6abed8d1896ea18127c8f780	189	32	chatter:conversational opener; plan-mode:implementation plan
6abed8d1896ea18127c8f78f	189	47	chatter:conversational opener; plan-mode:implementation plan
6abed8d1896ea18127c8f791	189	49	reasoning-leak:reasoning:the user provided; plan-mode:/plan; door:reasoning-leak
6abed8d1896ea18127c8f7a8	189	72	chatter:conversational opener; plan-mode:implementation plan
6abed8d1896ea18127c8f7ad	189	77	chatter:conversational opener; plan-mode:translation_plan
6abed8d1896ea18127c8f7bc	189	92	chatter:conversational opener; plan-mode:translation_plan
6abed8d1896ea18127c8f7c9	189	105	chatter:conversational opener; plan-mode:implementation plan
6abed8d1896ea18127c8f7d0	189	112	chatter:conversational opener; plan-mode:implementation plan
6abed8d1896ea18127c8f7e2	189	130	chatter:conversational opener; plan-mode:implementation plan
6abed8d1896ea18127c8f7e6	189	134	chatter:conversational opener; plan-mode:plan.md
6abed8d1896ea18127c8f7f3	189	147	chatter:conversational opener; plan-mode:implementation plan
6abed8d1896ea18127c8f7f5	189	149	chatter:conversational opener; plan-mode:translation_plan
6abed8d1896ea18127c8f7f8	189	152	chatter:conversational opener; plan-mode:implementation plan
6abed8d1896ea18127c8f80c	189	172	chatter:conversational opener; plan-mode:implementation plan
6abed8d1896ea18127c8f80e	189	174	chatter:conversational opener; plan-mode:implementation plan
6abed8d1896ea18127c8f81a	189	186	chatter:conversational opener; plan-mode:implementation plan
6abed8d1896ea18127c8f823	189	195	chatter:conversational opener; plan-mode:implementation plan
6abed8d1896ea18127c8f824	189	196	chatter:conversational opener; plan-mode:implementation plan
6abed8d1896ea18127c8f826	189	198	chatter:conversational opener; plan-mode:implementation plan
6abed8d1896ea18127c8f82f	189	207	chatter:conversational opener; plan-mode:implementation plan
6abed8d1896ea18127c8f835	189	213	chatter:conversational opener; plan-mode:implementation plan
6abed8d1896ea18127c8f837	189	215	chatter:conversational opener; plan-mode:translation_plan
6abed8d1896ea18127c8f839	189	217	chatter:conversational opener; plan-mode:implementation plan
6abed8d1896ea18127c8f841	189	225	chatter:conversational opener; plan-mode:implementation plan
6abed8d1896ea18127c8f845	189	229	chatter:conversational opener; plan-mode:implementation plan
6abed8d1896ea18127c8f849	189	233	chatter:conversational opener; plan-mode:translation_plan
6abed8d1896ea18127c8f854	189	244	chatter:conversational opener; plan-mode:translation_plan
6abed8d1896ea18127c8f864	189	260	chatter:conversational opener; plan-mode:implementation plan
6abed8d1896ea18127c8f86e	189	270	chatter:conversational opener; plan-mode:implementation plan
6abed8d1896ea18127c8f86f	189	271	chatter:conversational opener; plan-mode:implementation plan
6abed8d1896ea18127c8f88f	189	303	chatter:conversational opener; plan-mode:implementation plan
6abed8d1896ea18127c8f897	189	311	chatter:conversational opener; plan-mode:implementation plan
6abed8d1896ea18127c8f89d	189	317	chatter:conversational opener; plan-mode:implementation plan
6abed8d1896ea18127c8f8a2	189	322	chatter:conversational opener; plan-mode:implementation plan
6abed8d1896ea18127c8f8a9	189	329	chatter:conversational opener; plan-mode:implementation plan
6abed8d1896ea18127c8f8af	189	335	chatter:conversational opener; plan-mode:implementation plan
6abed8d1896ea18127c8f8b2	189	338	plan-mode:Please review
6abed8d1896ea18127c8f8b5	189	341	chatter:conversational opener; plan-mode:translation_plan
6abed8d1896ea18127c8f8b8	189	344	chatter:conversational opener; plan-mode:implementation plan
6abed8d1896ea18127c8f8c8	189	360	chatter:conversational opener; plan-mode:implementation plan
6abed8d1896ea18127c8f8d3	189	371	chatter:conversational opener; plan-mode:implementation plan
6abed8d1896ea18127c8f8db	189	379	chatter:conversational opener; plan-mode:implementation plan
6abed8d1896ea18127c8f8dd	189	381	plan-mode:Please review
6abed8d1896ea18127c8f8e3	189	387	chatter:conversational opener; plan-mode:translation_plan
6abed8d1896ea18127c8f8e6	189	390	chatter:conversational opener; plan-mode:implementation plan
6abed8d1896ea18127c8f91d	189	445	chatter:conversational opener; plan-mode:implementation plan
6abed8d1896ea18127c8f920	189	448	chatter:conversational opener; plan-mode:implementation plan
6abed8d1896ea18127c8f925	189	453	chatter:conversational opener; plan-mode:implementation plan
6abed8d1896ea18127c8f92a	189	458	chatter:conversational opener; plan-mode:implementation plan
6abed8d1896ea18127c8f93b	189	475	chatter:conversational opener; plan-mode:translation_plan
6abed8d1896ea18127c8f941	189	481	chatter:conversational opener; plan-mode:implementation plan
6abed8d1896ea18127c8f94d	189	493	chatter:conversational opener; plan-mode:implementation plan
6abed8d1896ea18127c8f954	189	500	chatter:conversational opener; plan-mode:file:///
6abed8d1896ea18127c8f958	189	504	chatter:conversational opener; plan-mode:implementation plan
6abed8d1896ea18127c8f95c	189	508	chatter:conversational opener; plan-mode:implementation plan
6abed8d1896ea18127c8f964	189	516	chatter:conversational opener; plan-mode:translation_plan
6abed8d1896ea18127c8f965	189	517	chatter:conversational opener; plan-mode:translation_plan
6abed8d1896ea18127c8f974	189	532	chatter:conversational opener; plan-mode:implementation plan
6abed8d1896ea18127c8f978	189	536	chatter:conversational opener; plan-mode:implementation plan
6abed8d1896ea18127c8f97d	189	541	chatter:conversational opener; plan-mode:implementation plan
6abed8d1896ea18127c8f982	189	546	chatter:conversational opener; plan-mode:translation_plan
6abed8d1896ea18127c8f98a	189	554	chatter:conversational opener; plan-mode:implementation plan
6abed8d1896ea18127c8f98b	189	555	chatter:conversational opener; plan-mode:implementation plan
6abed8d1896ea18127c8f98c	189	556	chatter:conversational opener; plan-mode:implementation plan
6abed8d1896ea18127c8f999	189	569	chatter:conversational opener; plan-mode:Please review
6abed8d1896ea18127c8f99f	189	575	chatter:conversational opener; plan-mode:implementation plan
6abed8d1896ea18127c8f9a0	189	576	chatter:conversational opener; plan-mode:implementation plan
6abed8d1896ea18127c8f9a8	189	584	chatter:conversational opener; plan-mode:implementation plan
6abed8d1896ea18127c8f9a9	189	585	chatter:conversational opener; plan-mode:implementation plan
6abed8d1896ea18127c8f9b7	189	599	chatter:conversational opener; plan-mode:implementation plan
6abed8d1896ea18127c8f9b9	189	601	chatter:conversational opener; plan-mode:implementation plan
6abed8d1896ea18127c8f9c0	189	608	chatter:conversational opener; plan-mode:implementation plan
6abed8d1896ea18127c8f9c6	189	614	chatter:conversational opener; plan-mode:implementation plan
6abed8d1896ea18127c8f9cf	189	623	chatter:conversational opener; plan-mode:implementation plan
6abed8d1896ea18127c8f9e1	189	641	chatter:conversational opener; plan-mode:implementation plan
6abed8d1896ea18127c8f9e2	189	642	chatter:conversational opener; plan-mode:implementation plan
6abed8d1896ea18127c8f9e6	189	646	plan-mode:/plan
6abed914896ea18127c8f9f5	190	5	chatter:conversational opener; plan-mode:implementation plan
6abed914896ea18127c8f9fc	190	12	chatter:conversational opener; plan-mode:implementation plan
6abed914896ea18127c8f9ff	190	15	chatter:conversational opener; plan-mode:implementation plan
6abed914896ea18127c8fa09	190	25	chatter:conversational opener; plan-mode:implementation plan
6abed914896ea18127c8fa16	190	38	chatter:conversational opener; plan-mode:implementation plan
6abed914896ea18127c8fa21	190	49	chatter:conversational opener; plan-mode:implementation plan
6abed914896ea18127c8fa30	190	64	chatter:conversational opener; plan-mode:implementation plan
6abed914896ea18127c8fa45	190	85	chatter:conversational opener; plan-mode:translation_plan
6abed914896ea18127c8fa44	190	84	chatter:conversational opener; plan-mode:translation_plan
6abed914896ea18127c8fa55	190	101	chatter:conversational opener; plan-mode:implementation plan
6abed914896ea18127c8fa57	190	103	chatter:conversational opener; plan-mode:implementation plan
6abed914896ea18127c8fa5c	190	108	chatter:conversational opener; plan-mode:implementation plan
6abed914896ea18127c8fa66	190	118	chatter:conversational opener; plan-mode:implementation plan
6abed914896ea18127c8fa65	190	117	door:runaway
6abed914896ea18127c8fa77	190	135	plan-mode:implementation plan
6abed914896ea18127c8fa83	190	147	chatter:conversational opener; plan-mode:implementation plan
6abed914896ea18127c8fa85	190	149	chatter:conversational opener; plan-mode:implementation plan
6abed914896ea18127c8fa8c	190	156	chatter:conversational opener; plan-mode:implementation plan
6abed914896ea18127c8fa8f	190	159	chatter:conversational opener; plan-mode:implementation plan
6abed914896ea18127c8fa91	190	161	chatter:conversational opener; plan-mode:implementation plan
6abed914896ea18127c8fa95	190	165	chatter:conversational opener; plan-mode:implementation plan
6abed914896ea18127c8fa9b	190	171	chatter:conversational opener; plan-mode:implementation plan
6abed914896ea18127c8faa1	190	177	chatter:conversational opener; plan-mode:implementation plan
6abed914896ea18127c8faae	190	190	chatter:conversational opener; plan-mode:implementation plan
6abed914896ea18127c8fabb	190	203	chatter:conversational opener; plan-mode:translation_plan
6abed914896ea18127c8fabf	190	207	chatter:conversational opener; plan-mode:implementation plan
6abed914896ea18127c8fac8	190	216	chatter:conversational opener; plan-mode:implementation plan
6abed914896ea18127c8fac5	190	213	door:runaway
6abed914896ea18127c8fae0	190	240	chatter:conversational opener; plan-mode:implementation plan
6abed914896ea18127c8fae8	190	248	chatter:conversational opener; plan-mode:implementation plan
6abed914896ea18127c8faef	190	255	chatter:conversational opener; plan-mode:implementation plan
6abed914896ea18127c8fb17	190	295	chatter:conversational opener; plan-mode:implementation plan
6abed914896ea18127c8fb23	190	307	chatter:conversational opener; plan-mode:implementation plan
6abed914896ea18127c8fb29	190	313	chatter:conversational opener; plan-mode:translation_plan
6abed914896ea18127c8fb2e	190	318	chatter:conversational opener; plan-mode:implementation plan
6abed914896ea18127c8fb3f	190	335	chatter:conversational opener; plan-mode:implementation plan
6abed914896ea18127c8fb45	190	341	chatter:conversational opener; plan-mode:implementation plan
6abed914896ea18127c8fb4c	190	348	chatter:conversational opener; plan-mode:implementation plan
6abed914896ea18127c8fb59	190	361	chatter:conversational opener; plan-mode:implementation plan
6abed914896ea18127c8fb5b	190	363	chatter:conversational opener; plan-mode:implementation plan
6abed914896ea18127c8fb5f	190	367	chatter:conversational opener; plan-mode:implementation plan
6abed914896ea18127c8fb61	190	369	chatter:conversational opener; plan-mode:implementation plan
6abed914896ea18127c8fb65	190	373	chatter:conversational opener; plan-mode:plan.md
6abed914896ea18127c8fb69	190	377	chatter:conversational opener; plan-mode:implementation plan
6abed914896ea18127c8fb6c	190	380	chatter:conversational opener; plan-mode:implementation plan
6abed914896ea18127c8fb79	190	393	chatter:conversational opener; plan-mode:implementation plan
6abed914896ea18127c8fb7a	190	394	chatter:conversational opener; plan-mode:implementation plan
6abed914896ea18127c8fb80	190	400	chatter:conversational opener; plan-mode:output contract
6abed914896ea18127c8fb82	190	402	chatter:conversational opener; plan-mode:translation_plan
6abed914896ea18127c8fb87	190	407	chatter:conversational opener; plan-mode:implementation plan
6abed914896ea18127c8fb8c	190	412	chatter:conversational opener; plan-mode:implementation plan
6abed914896ea18127c8fb8f	190	415	chatter:conversational opener; plan-mode:implementation plan
6abed914896ea18127c8fb9b	190	427	chatter:conversational opener; plan-mode:implementation plan
6abed914896ea18127c8fba2	190	434	chatter:conversational opener; plan-mode:implementation plan
6abed914896ea18127c8fba9	190	441	chatter:conversational opener; plan-mode:implementation plan
6abed914896ea18127c8fbb7	190	455	chatter:conversational opener; plan-mode:translation_plan
6abed914896ea18127c8fbb9	190	457	chatter:conversational opener; plan-mode:implementation plan
6abed914896ea18127c8fbc2	190	466	chatter:conversational opener; plan-mode:implementation plan
6abed914896ea18127c8fbcf	190	479	door:runaway
6abed914896ea18127c8fbd5	190	485	chatter:conversational opener; plan-mode:implementation plan
6abed914896ea18127c8fbd7	190	487	chatter:conversational opener; plan-mode:implementation plan
6abed914896ea18127c8fbd9	190	489	chatter:conversational opener; plan-mode:implementation plan
6abed914896ea18127c8fbe5	190	501	chatter:conversational opener; plan-mode:implementation plan
6abed914896ea18127c8fbf8	190	520	chatter:conversational opener; plan-mode:translation_plan
6abed914896ea18127c8fc01	190	529	chatter:conversational opener; plan-mode:implementation plan
6abed914896ea18127c8fc0a	190	538	chatter:conversational opener; plan-mode:implementation plan
6abed914896ea18127c8fc1a	190	554	chatter:conversational opener; plan-mode:implementation plan
6abed914896ea18127c8fc1f	190	559	chatter:conversational opener; plan-mode:implementation plan
6abed914896ea18127c8fc2f	190	575	chatter:conversational opener; plan-mode:implementation plan
6abed914896ea18127c8fc30	190	576	chatter:conversational opener; plan-mode:implementation plan
6abed914896ea18127c8fc32	190	578	chatter:conversational opener; plan-mode:implementation plan
6abed914896ea18127c8fc37	190	583	chatter:conversational opener; plan-mode:implementation plan
6abed914896ea18127c8fc39	190	585	chatter:conversational opener; plan-mode:implementation plan
6abed914896ea18127c8fc3e	190	590	chatter:conversational opener; plan-mode:implementation plan
6abed914896ea18127c8fc48	190	600	chatter:conversational opener; plan-mode:translation_plan
6abed914896ea18127c8fc54	190	612	chatter:conversational opener; plan-mode:implementation plan
6abed914896ea18127c8fc57	190	615	chatter:conversational opener; plan-mode:implementation plan
6abed914896ea18127c8fc5b	190	619	chatter:conversational opener; plan-mode:implementation plan
6abed914896ea18127c8fc5d	190	621	chatter:conversational opener; plan-mode:implementation plan
6abed914896ea18127c8fc5e	190	622	chatter:conversational opener; plan-mode:implementation plan
6abed914896ea18127c8fc5f	190	623	chatter:conversational opener; plan-mode:implementation plan
6abed914896ea18127c8fc61	190	625	chatter:conversational opener; plan-mode:translation_plan
6abed914896ea18127c8fc65	190	629	chatter:conversational opener; plan-mode:implementation plan
6abed914896ea18127c8fc6b	190	635	chatter:conversational opener; plan-mode:translation_plan
6abed914896ea18127c8fc69	190	633	chatter:conversational opener; plan-mode:implementation plan
6abed914896ea18127c8fc75	190	645	chatter:conversational opener; plan-mode:implementation plan
6abed914896ea18127c8fc7f	190	655	chatter:conversational opener; plan-mode:implementation plan
6abed914896ea18127c8fc85	190	661	chatter:conversational opener; plan-mode:translation_plan
6abed914896ea18127c8fca5	190	693	chatter:conversational opener; plan-mode:implementation plan
6abed914896ea18127c8fca6	190	694	chatter:conversational opener; plan-mode:implementation plan
6abed914896ea18127c8fca8	190	696	chatter:conversational opener; plan-mode:implementation plan
6abed914896ea18127c8fcad	190	701	chatter:conversational opener; plan-mode:implementation plan
6abed914896ea18127c8fcae	190	702	chatter:conversational opener; plan-mode:implementation plan
6abed914896ea18127c8fcba	190	714	chatter:conversational opener; plan-mode:implementation plan
6abed914896ea18127c8fcc1	190	721	chatter:conversational opener; plan-mode:implementation plan
6abed914896ea18127c8fcc3	190	723	chatter:conversational opener; plan-mode:implementation plan
6abed914896ea18127c8fcca	190	730	chatter:conversational opener; plan-mode:implementation plan
6abed914896ea18127c8fcce	190	734	chatter:conversational opener; plan-mode:implementation plan
6abed96d896ea18127c8fcdd	191	9	chatter:conversational opener; plan-mode:implementation plan
6abed96d896ea18127c8fcdf	191	11	chatter:conversational opener; plan-mode:implementation plan
6abed96d896ea18127c8fcea	191	22	chatter:conversational opener; plan-mode:implementation plan
6abed96d896ea18127c8fcf5	191	33	chatter:conversational opener; plan-mode:implementation plan
6abed96d896ea18127c8fcf8	191	36	door:runaway
6abed96d896ea18127c8fcfc	191	40	chatter:conversational opener; plan-mode:implementation plan
6abed96d896ea18127c8fcff	191	43	chatter:conversational opener; plan-mode:implementation plan
6abed96d896ea18127c8fcfd	191	41	chatter:conversational opener; plan-mode:implementation plan
6abed96d896ea18127c8fcfe	191	42	reasoning-leak:reasoning:Wait, the prompt; plan-mode:the user request; door:reasoning-leak
6abed96d896ea18127c8fd0b	191	55	chatter:conversational opener; plan-mode:implementation plan
6abed96d896ea18127c8fd10	191	60	chatter:conversational opener; plan-mode:implementation plan
6abed96d896ea18127c8fd13	191	63	chatter:conversational opener; plan-mode:implementation plan
6abed96d896ea18127c8fd1a	191	70	chatter:conversational opener; plan-mode:implementation plan
6abed96d896ea18127c8fd1c	191	72	chatter:conversational opener; plan-mode:implementation plan
6abed96d896ea18127c8fd1b	191	71	chatter:conversational opener; plan-mode:implementation plan
6abed96d896ea18127c8fd21	191	77	chatter:conversational opener; plan-mode:plan.md; door:collapsed
6abed96d896ea18127c8fd29	191	85	door:runaway
6abed96d896ea18127c8fd33	191	95	chatter:conversational opener; plan-mode:implementation plan
6abed96d896ea18127c8fd36	191	98	chatter:conversational opener; plan-mode:implementation plan
6abed96d896ea18127c8fd38	191	100	chatter:conversational opener; plan-mode:implementation plan
6abed96d896ea18127c8fd43	191	111	chatter:conversational opener; plan-mode:implementation plan
6abed96d896ea18127c8fd4a	191	118	chatter:conversational opener; plan-mode:implementation plan
6abed96d896ea18127c8fd4e	191	122	chatter:conversational opener; plan-mode:implementation plan
6abed96d896ea18127c8fd51	191	125	chatter:conversational opener; plan-mode:implementation plan
6abed96d896ea18127c8fd61	191	141	chatter:conversational opener; plan-mode:translation_plan
6abed96d896ea18127c8fd6b	191	151	chatter:conversational opener; plan-mode:implementation plan
6abed96d896ea18127c8fd6e	191	154	chatter:conversational opener; plan-mode:implementation plan
6abed96d896ea18127c8fd89	191	181	chatter:conversational opener; plan-mode:translation_plan
6abed96d896ea18127c8fd92	191	190	chatter:conversational opener; plan-mode:implementation plan
6abed96d896ea18127c8fda2	191	206	chatter:conversational opener; plan-mode:implementation plan
6abed96d896ea18127c8fda4	191	208	chatter:conversational opener; plan-mode:implementation plan
6abed96d896ea18127c8fdaa	191	214	chatter:conversational opener; plan-mode:implementation plan
6abed96d896ea18127c8fdab	191	215	chatter:conversational opener; plan-mode:implementation plan
6abed96d896ea18127c8fdbc	191	232	chatter:conversational opener; plan-mode:translation_plan
6abed96d896ea18127c8fdc3	191	239	chatter:conversational opener; plan-mode:implementation plan
6abed96d896ea18127c8fdc7	191	243	chatter:conversational opener; plan-mode:translation_plan
6abed96d896ea18127c8fdc9	191	245	chatter:conversational opener; plan-mode:implementation plan
6abed96d896ea18127c8fdd7	191	259	chatter:conversational opener; plan-mode:implementation plan
6abed96d896ea18127c8fddf	191	267	chatter:conversational opener; plan-mode:implementation plan
6abed96d896ea18127c8fde2	191	270	chatter:conversational opener; plan-mode:translation_plan
6abed96d896ea18127c8fde5	191	273	chatter:conversational opener; plan-mode:implementation plan
6abed96d896ea18127c8fde6	191	274	chatter:conversational opener; plan-mode:implementation plan
6abed96d896ea18127c8fdec	191	280	chatter:conversational opener; plan-mode:implementation plan
6abed96d896ea18127c8fdeb	191	279	chatter:conversational opener; plan-mode:implementation plan
6abed96d896ea18127c8fdf1	191	285	chatter:conversational opener; plan-mode:implementation plan
6abed96d896ea18127c8fdf7	191	291	chatter:conversational opener; plan-mode:implementation plan
6abed96d896ea18127c8fdf9	191	293	chatter:conversational opener; plan-mode:file:///
6abed96d896ea18127c8fdfc	191	296	chatter:conversational opener; plan-mode:implementation plan
6abed96d896ea18127c8fdfe	191	298	chatter:conversational opener; plan-mode:implementation plan
6abed96d896ea18127c8fdff	191	299	chatter:conversational opener; plan-mode:translation_plan
6abed96d896ea18127c8fe01	191	301	chatter:conversational opener; plan-mode:implementation plan
6abed96d896ea18127c8fe08	191	308	chatter:conversational opener; plan-mode:implementation plan
6abed96d896ea18127c8fe15	191	321	chatter:conversational opener; plan-mode:implementation plan
6abed96d896ea18127c8fe14	191	320	chatter:conversational opener; plan-mode:implementation plan
6abed96d896ea18127c8fe1b	191	327	chatter:conversational opener; plan-mode:translation_plan
6abed96d896ea18127c8fe21	191	333	chatter:conversational opener; plan-mode:implementation plan
6abed96d896ea18127c8fe23	191	335	chatter:conversational opener; plan-mode:implementation plan
6abed96d896ea18127c8fe29	191	341	chatter:conversational opener; plan-mode:translation_plan
6abed96d896ea18127c8fe27	191	339	chatter:conversational opener; plan-mode:translation_plan
6abed96d896ea18127c8fe2b	191	343	chatter:conversational opener; plan-mode:implementation plan
6abed96d896ea18127c8fe32	191	350	plan-mode:output contract; door:runaway
6abed96d896ea18127c8fe33	191	351	chatter:conversational opener; plan-mode:implementation plan; door:collapsed
6abed96d896ea18127c8fe35	191	353	chatter:conversational opener; plan-mode:implementation plan
6abed96d896ea18127c8fe3c	191	360	chatter:conversational opener; plan-mode:implementation plan
6abed96d896ea18127c8fe3d	191	361	chatter:conversational opener; plan-mode:implementation plan
6abed96d896ea18127c8fe42	191	366	chatter:conversational opener; plan-mode:implementation plan
6abed96d896ea18127c8fe41	191	365	chatter:conversational opener; plan-mode:implementation plan
6abed96d896ea18127c8fe4a	191	374	chatter:conversational opener; plan-mode:implementation plan
6abed96d896ea18127c8fe4b	191	375	chatter:conversational opener; plan-mode:implementation plan
6abed96d896ea18127c8fe4d	191	377	chatter:conversational opener; plan-mode:implementation plan
6abed96d896ea18127c8fe4f	191	379	chatter:conversational opener; plan-mode:implementation plan
6abed96d896ea18127c8fe53	191	383	chatter:conversational opener; plan-mode:translation_plan
6abed96d896ea18127c8fe5b	191	391	chatter:conversational opener; plan-mode:translation_plan
6abed96d896ea18127c8fe63	191	399	chatter:conversational opener; plan-mode:implementation plan
6abed96d896ea18127c8fe69	191	405	chatter:conversational opener; plan-mode:implementation plan
6abed96d896ea18127c8fe6e	191	410	chatter:conversational opener; plan-mode:implementation plan
6abed96d896ea18127c8fe70	191	412	chatter:conversational opener; plan-mode:implementation plan
6abed96d896ea18127c8fe72	191	414	chatter:conversational opener; plan-mode:implementation plan
6abed96d896ea18127c8fe74	191	416	chatter:conversational opener; plan-mode:translation_plan
6abed96d896ea18127c8fe77	191	419	chatter:conversational opener; plan-mode:implementation plan
6abed96d896ea18127c8fe7e	191	426	chatter:conversational opener; plan-mode:implementation plan
6abed96d896ea18127c8fe83	191	431	chatter:conversational opener; plan-mode:implementation plan
6abed96d896ea18127c8fe88	191	436	chatter:conversational opener; plan-mode:translation_plan
6abed96d896ea18127c8fe8e	191	442	chatter:conversational opener; plan-mode:implementation plan
6abed96d896ea18127c8fe91	191	445	chatter:conversational opener; plan-mode:implementation plan
6abed96d896ea18127c8fe9e	191	458	chatter:conversational opener; plan-mode:implementation plan
6abed96d896ea18127c8feab	191	471	chatter:conversational opener; plan-mode:implementation plan
6abed96d896ea18127c8feb0	191	476	chatter:conversational opener; plan-mode:translation_plan
6abed96d896ea18127c8fec7	191	499	chatter:conversational opener; plan-mode:implementation plan
6abed96d896ea18127c8fed3	191	511	chatter:conversational opener; plan-mode:implementation plan
6abed96d896ea18127c8fed4	191	512	chatter:conversational opener; plan-mode:translation_plan
6abed96d896ea18127c8fee3	191	527	chatter:conversational opener; plan-mode:implementation plan
6abed96d896ea18127c8fee7	191	531	chatter:conversational opener; plan-mode:translation_plan
6abed96d896ea18127c8feec	191	536	chatter:conversational opener; plan-mode:implementation plan
6abed96d896ea18127c8feed	191	537	chatter:conversational opener; plan-mode:translation_plan
6abed96d896ea18127c8feee	191	538	chatter:conversational opener; plan-mode:implementation plan
6abed96d896ea18127c8fef6	191	546	chatter:conversational opener; plan-mode:implementation plan
6abed96d896ea18127c8fefa	191	550	chatter:conversational opener; plan-mode:implementation plan
6abed96d896ea18127c8fefc	191	552	chatter:conversational opener; plan-mode:implementation plan
6abed96d896ea18127c8fefe	191	554	chatter:conversational opener; plan-mode:translation_plan
6abed96d896ea18127c8ff0e	191	570	chatter:conversational opener; plan-mode:implementation plan
6abed96d896ea18127c8ff1a	191	582	chatter:conversational opener; plan-mode:plan.md
6abed96d896ea18127c8ff37	191	611	chatter:conversational opener; plan-mode:translation_plan
6abed96d896ea18127c8ff38	191	612	chatter:conversational opener; plan-mode:implementation plan
6abed96d896ea18127c8ff3a	191	614	chatter:conversational opener; plan-mode:implementation plan
6abed96d896ea18127c8ff4c	191	632	chatter:conversational opener; plan-mode:implementation plan
6abed96d896ea18127c8ff58	191	644	chatter:conversational opener; plan-mode:implementation plan
6abed96d896ea18127c8ff5d	191	649	chatter:conversational opener; plan-mode:implementation plan
6abed96d896ea18127c8ff66	191	658	chatter:conversational opener; plan-mode:implementation plan
6abed96d896ea18127c8ff65	191	657	chatter:conversational opener; plan-mode:implementation plan
6abed96d896ea18127c8ff67	191	659	door:runaway
6abed96d896ea18127c8ff6b	191	663	chatter:conversational opener; plan-mode:implementation plan
6abed96d896ea18127c8ff6c	191	664	plan-mode:Please review
6abed96d896ea18127c8ff6e	191	666	chatter:conversational opener; plan-mode:implementation plan
6abed96d896ea18127c8ff7f	191	683	chatter:conversational opener; plan-mode:output contract
6abed96d896ea18127c8ff87	191	691	chatter:conversational opener; plan-mode:implementation plan
6abed96d896ea18127c8ff8d	191	697	chatter:conversational opener; plan-mode:implementation plan
6abed96d896ea18127c8ff90	191	700	plan-mode:the user request; door:runaway
6abed96d896ea18127c8ff93	191	703	chatter:conversational opener; plan-mode:implementation plan
6abed96d896ea18127c8ff95	191	705	chatter:conversational opener; plan-mode:implementation plan
6abed96d896ea18127c8ff9c	191	712	chatter:conversational opener; plan-mode:translation_plan; door:collapsed
6abed96d896ea18127c8ffa0	191	716	chatter:conversational opener; plan-mode:implementation plan
6abed96d896ea18127c8ffa5	191	721	chatter:conversational opener; plan-mode:implementation plan
6abed9ad896ea18127c8ffb7	192	11	chatter:conversational opener; plan-mode:implementation plan
6abed9ad896ea18127c8ffbc	192	16	chatter:conversational opener; plan-mode:implementation plan
6abed9ad896ea18127c8ffc0	192	20	chatter:conversational opener; plan-mode:translation_plan
6abed9ad896ea18127c8ffc3	192	23	chatter:conversational opener; plan-mode:implementation plan
6abed9ad896ea18127c8ffc8	192	28	chatter:conversational opener; plan-mode:implementation plan
6abed9ad896ea18127c8ffca	192	30	chatter:conversational opener; plan-mode:implementation plan
6abed9ad896ea18127c8ffcd	192	33	chatter:conversational opener; plan-mode:implementation plan
6abed9ad896ea18127c8ffd3	192	39	chatter:conversational opener; plan-mode:implementation plan
6abed9ad896ea18127c8ffe2	192	54	chatter:conversational opener; plan-mode:implementation plan
6abed9ad896ea18127c8ffe6	192	58	chatter:conversational opener; plan-mode:implementation plan
6abed9ad896ea18127c8ffeb	192	63	door:runaway
6abed9ad896ea18127c8fff3	192	71	chatter:conversational opener; plan-mode:implementation plan
6abed9ad896ea18127c8fff5	192	73	chatter:conversational opener; plan-mode:implementation plan
6abed9ad896ea18127c8fff7	192	75	chatter:conversational opener; plan-mode:implementation plan
6abed9ad896ea18127c8fffb	192	79	chatter:conversational opener; plan-mode:implementation plan
6abed9ad896ea18127c9000f	192	99	chatter:conversational opener; plan-mode:translation_plan
6abed9ad896ea18127c90017	192	107	chatter:conversational opener; plan-mode:implementation plan
6abed9ad896ea18127c9001a	192	110	chatter:conversational opener; plan-mode:translation_plan
6abed9ad896ea18127c9002f	192	131	chatter:conversational opener; plan-mode:implementation plan
6abed9ad896ea18127c90034	192	136	chatter:conversational opener; plan-mode:implementation plan
6abed9ad896ea18127c90033	192	135	chatter:conversational opener; plan-mode:implementation plan
6abed9ad896ea18127c9003d	192	145	chatter:conversational opener; plan-mode:translation_plan
6abed9ad896ea18127c90047	192	155	chatter:conversational opener; plan-mode:implementation plan
6abed9ad896ea18127c90048	192	156	chatter:conversational opener; plan-mode:implementation plan
6abed9ad896ea18127c90049	192	157	chatter:conversational opener; plan-mode:implementation plan
6abed9ad896ea18127c9004a	192	158	chatter:conversational opener; plan-mode:translation_plan
6abed9ad896ea18127c9004b	192	159	chatter:conversational opener; plan-mode:implementation plan
6abed9ad896ea18127c90050	192	164	chatter:conversational opener; plan-mode:implementation plan
6abed9ad896ea18127c9005d	192	177	chatter:conversational opener; plan-mode:implementation plan
6abed9ad896ea18127c9005f	192	179	chatter:conversational opener; plan-mode:translation_plan
6abed9ad896ea18127c9006e	192	194	chatter:conversational opener; plan-mode:implementation plan
6abed9ad896ea18127c9007b	192	207	chatter:conversational opener; plan-mode:implementation plan
6abed9ad896ea18127c90082	192	214	chatter:conversational opener; plan-mode:implementation plan
6abed9ad896ea18127c90086	192	218	chatter:conversational opener; plan-mode:implementation plan
6abed9ad896ea18127c90090	192	228	chatter:conversational opener; plan-mode:translation_plan
6abed9ad896ea18127c9009c	192	240	chatter:conversational opener; plan-mode:implementation plan
6abed9ad896ea18127c900aa	192	254	chatter:conversational opener; plan-mode:implementation plan
6abed9ad896ea18127c900ae	192	258	chatter:conversational opener; plan-mode:implementation plan
6abed9ad896ea18127c900b2	192	262	chatter:conversational opener; plan-mode:implementation plan
6abed9ad896ea18127c900b8	192	268	chatter:conversational opener; plan-mode:Please review
6abed9ad896ea18127c900c1	192	277	plan-mode:Please review
6abed9ad896ea18127c900c4	192	280	chatter:conversational opener; plan-mode:implementation plan
6abed9ad896ea18127c900cb	192	287	chatter:conversational opener; plan-mode:implementation plan
6abed9ad896ea18127c900d2	192	294	chatter:conversational opener; plan-mode:translation_plan
6abed9ad896ea18127c900d3	192	295	chatter:conversational opener; plan-mode:implementation plan
6abed9ad896ea18127c900e9	192	317	chatter:conversational opener; plan-mode:implementation plan
6abed9ad896ea18127c900ea	192	318	chatter:conversational opener; plan-mode:implementation plan
6abed9ad896ea18127c900eb	192	319	plan-mode:implementation plan
6abed9ad896ea18127c900f1	192	325	chatter:conversational opener; plan-mode:translation_plan
6abed9ad896ea18127c900f2	192	326	chatter:conversational opener; plan-mode:implementation plan
6abed9ad896ea18127c900fa	192	334	chatter:conversational opener; plan-mode:implementation plan
6abed9ad896ea18127c900ff	192	339	chatter:conversational opener; plan-mode:implementation plan
6abed9ad896ea18127c9010b	192	351	chatter:conversational opener; plan-mode:implementation plan
6abed9ad896ea18127c9010f	192	355	door:runaway
6abed9ad896ea18127c90114	192	360	chatter:conversational opener; plan-mode:implementation plan
6abed9ad896ea18127c90118	192	364	chatter:conversational opener; plan-mode:implementation plan
6abed9ad896ea18127c90121	192	373	chatter:conversational opener; plan-mode:implementation plan
6abed9ad896ea18127c90125	192	377	chatter:conversational opener; plan-mode:implementation plan
6abed9ad896ea18127c90127	192	379	chatter:conversational opener; plan-mode:implementation plan
6abed9ad896ea18127c90128	192	380	chatter:conversational opener; plan-mode:implementation plan
6abed9ad896ea18127c9012f	192	387	chatter:conversational opener; plan-mode:implementation plan
6abed9ad896ea18127c90135	192	393	chatter:conversational opener; plan-mode:implementation plan
6abed9ad896ea18127c9013c	192	400	chatter:conversational opener; plan-mode:implementation plan
6abed9ad896ea18127c90149	192	413	chatter:conversational opener; plan-mode:translation_plan
6abed9ad896ea18127c90153	192	423	chatter:conversational opener; plan-mode:implementation plan
6abed9ad896ea18127c9015e	192	434	chatter:conversational opener; plan-mode:implementation plan
6abed9ad896ea18127c9016c	192	448	chatter:conversational opener; plan-mode:implementation plan
6abed9ad896ea18127c90170	192	452	chatter:conversational opener; plan-mode:implementation plan
6abed9ad896ea18127c90174	192	456	chatter:conversational opener; plan-mode:implementation plan
6abed9ad896ea18127c90177	192	459	chatter:conversational opener; plan-mode:implementation plan
6abed9ad896ea18127c9017b	192	463	chatter:conversational opener; plan-mode:implementation plan
6abed9ad896ea18127c9017d	192	465	chatter:conversational opener; plan-mode:implementation plan
6abed9ad896ea18127c90183	192	471	chatter:conversational opener; plan-mode:implementation plan
6abed9ad896ea18127c90187	192	475	chatter:conversational opener; plan-mode:implementation plan
6abed9ad896ea18127c9018e	192	482	chatter:conversational opener; plan-mode:implementation plan
6abed9ad896ea18127c90196	192	490	chatter:conversational opener; plan-mode:translation_plan
6abed9ad896ea18127c901ae	192	514	chatter:conversational opener; plan-mode:implementation plan
6abed9ad896ea18127c901b8	192	524	plan-mode:Please review
6abed9ad896ea18127c901c8	192	540	chatter:conversational opener; plan-mode:implementation plan
6abed9ad896ea18127c901ce	192	546	chatter:conversational opener; plan-mode:implementation plan
6abed9ad896ea18127c901dc	192	560	chatter:conversational opener; plan-mode:translation_plan
6abed9ad896ea18127c901e3	192	567	chatter:conversational opener; plan-mode:implementation plan
6abed9ad896ea18127c901ed	192	577	chatter:conversational opener; plan-mode:implementation plan
6abed9ad896ea18127c90200	192	596	chatter:conversational opener; plan-mode:implementation plan
6abed9ad896ea18127c90201	192	597	chatter:conversational opener; plan-mode:implementation plan
6abed9ad896ea18127c90205	192	601	chatter:conversational opener; plan-mode:implementation plan
6abed9ad896ea18127c90206	192	602	chatter:conversational opener; plan-mode:implementation plan
6abed9ad896ea18127c90209	192	605	chatter:conversational opener; plan-mode:implementation plan
6abed9ad896ea18127c9020a	192	606	chatter:conversational opener; plan-mode:implementation plan
6abed9ad896ea18127c9020f	192	611	chatter:conversational opener; plan-mode:implementation plan
6abed9ad896ea18127c90210	192	612	chatter:conversational opener; plan-mode:implementation plan
6abed9ad896ea18127c90218	192	620	chatter:conversational opener; plan-mode:implementation plan
6abed9ad896ea18127c9021f	192	627	chatter:conversational opener; plan-mode:implementation plan
6abed9ad896ea18127c9022a	192	638	chatter:conversational opener; plan-mode:implementation plan
6abed9ad896ea18127c90231	192	645	chatter:conversational opener; plan-mode:translation_plan
6abed9ff896ea18127c90247	193	3	chatter:conversational opener; plan-mode:translation_plan
6abed9ff896ea18127c90255	193	17	chatter:conversational opener; plan-mode:implementation plan
6abed9ff896ea18127c90259	193	21	chatter:conversational opener; plan-mode:implementation plan
6abed9ff896ea18127c9025e	193	26	chatter:conversational opener; plan-mode:implementation plan
6abed9ff896ea18127c90263	193	31	chatter:conversational opener; plan-mode:implementation plan
6abed9ff896ea18127c90273	193	47	chatter:conversational opener; plan-mode:translation_plan
6abed9ff896ea18127c90277	193	51	chatter:conversational opener; plan-mode:implementation plan
6abed9ff896ea18127c9027d	193	57	chatter:conversational opener; plan-mode:implementation plan
6abed9ff896ea18127c90286	193	66	chatter:conversational opener; plan-mode:implementation plan
6abed9ff896ea18127c9029f	193	91	chatter:conversational opener; plan-mode:implementation plan
6abed9ff896ea18127c902a1	193	93	chatter:conversational opener; plan-mode:implementation plan
6abed9ff896ea18127c902a0	193	92	plan-mode:Please review
6abed9ff896ea18127c902a6	193	98	chatter:conversational opener; plan-mode:implementation plan
6abed9ff896ea18127c902a9	193	101	chatter:conversational opener; plan-mode:implementation plan
6abed9ff896ea18127c902aa	193	102	chatter:conversational opener; plan-mode:implementation plan
6abed9ff896ea18127c902ae	193	106	chatter:conversational opener; plan-mode:implementation plan
6abed9ff896ea18127c902b3	193	111	chatter:conversational opener; plan-mode:implementation plan
6abed9ff896ea18127c902b2	193	110	chatter:conversational opener; plan-mode:implementation plan
6abed9ff896ea18127c902ba	193	118	chatter:conversational opener; plan-mode:translation_plan
6abed9ff896ea18127c902c1	193	125	chatter:conversational opener; plan-mode:implementation plan
6abed9ff896ea18127c902c4	193	128	plan-mode:implementation plan
6abed9ff896ea18127c902c5	193	129	chatter:conversational opener; plan-mode:implementation plan
6abed9ff896ea18127c902c6	193	130	chatter:conversational opener; plan-mode:implementation plan
6abed9ff896ea18127c902c7	193	131	chatter:conversational opener; plan-mode:implementation plan
6abed9ff896ea18127c902ca	193	134	door:runaway
6abed9ff896ea18127c902d2	193	142	chatter:conversational opener; plan-mode:implementation plan
6abed9ff896ea18127c902d4	193	144	chatter:conversational opener; plan-mode:implementation plan
6abed9ff896ea18127c902d6	193	146	chatter:conversational opener; plan-mode:implementation plan
6abed9ff896ea18127c902d5	193	145	chatter:conversational opener; plan-mode:implementation plan
6abed9ff896ea18127c902da	193	150	chatter:conversational opener; plan-mode:implementation plan
6abed9ff896ea18127c902e4	193	160	chatter:conversational opener; plan-mode:implementation plan
6abed9ff896ea18127c902ec	193	168	chatter:conversational opener; plan-mode:implementation plan
6abed9ff896ea18127c902ee	193	170	chatter:conversational opener; plan-mode:implementation plan
6abed9ff896ea18127c902f7	193	179	chatter:conversational opener; plan-mode:implementation plan
6abed9ff896ea18127c90302	193	190	chatter:conversational opener; plan-mode:implementation plan
6abed9ff896ea18127c9031b	193	215	chatter:conversational opener; plan-mode:implementation plan
6abed9ff896ea18127c9031a	193	214	chatter:conversational opener; plan-mode:translation_plan
6abed9ff896ea18127c9031e	193	218	chatter:conversational opener; plan-mode:implementation plan
6abed9ff896ea18127c90322	193	222	plan-mode:Please review
6abed9ff896ea18127c90338	193	244	chatter:conversational opener; plan-mode:implementation plan
6abed9ff896ea18127c9033d	193	249	chatter:conversational opener; plan-mode:implementation plan
6abed9ff896ea18127c9034e	193	266	chatter:conversational opener; plan-mode:implementation plan
6abed9ff896ea18127c90359	193	277	chatter:conversational opener; plan-mode:translation_plan
6abed9ff896ea18127c9035c	193	280	chatter:conversational opener; plan-mode:implementation plan
6abed9ff896ea18127c9035d	193	281	chatter:conversational opener; plan-mode:implementation plan
6abed9ff896ea18127c90363	193	287	chatter:conversational opener; plan-mode:implementation plan
6abed9ff896ea18127c90366	193	290	chatter:conversational opener; plan-mode:implementation plan
6abed9ff896ea18127c90368	193	292	chatter:conversational opener; plan-mode:translation_plan
6abed9ff896ea18127c90371	193	301	chatter:conversational opener; plan-mode:translation_plan
6abed9ff896ea18127c90377	193	307	door:runaway
6abed9ff896ea18127c90389	193	325	chatter:conversational opener; plan-mode:implementation plan
6abed9ff896ea18127c9038d	193	329	chatter:conversational opener; plan-mode:implementation plan
6abed9ff896ea18127c9038c	193	328	chatter:conversational opener; plan-mode:implementation plan
6abed9ff896ea18127c90395	193	337	chatter:conversational opener; plan-mode:implementation plan
6abed9ff896ea18127c9039d	193	345	chatter:conversational opener; plan-mode:translation_plan
6abed9ff896ea18127c903a2	193	350	chatter:conversational opener; plan-mode:translation_plan
6abed9ff896ea18127c903a4	193	352	chatter:conversational opener; plan-mode:implementation plan
6abed9ff896ea18127c903b0	193	364	chatter:conversational opener; plan-mode:implementation plan
6abed9ff896ea18127c903b1	193	365	chatter:conversational opener; plan-mode:implementation plan
6abed9ff896ea18127c903d4	193	400	chatter:conversational opener; plan-mode:implementation plan
6abed9ff896ea18127c903d5	193	401	chatter:conversational opener; plan-mode:implementation plan
6abed9ff896ea18127c903e6	193	418	plan-mode:Output contract; door:runaway
6abed9ff896ea18127c903ed	193	425	chatter:conversational opener; plan-mode:implementation plan
6abed9ff896ea18127c903f7	193	435	chatter:conversational opener; plan-mode:output contract
6abed9ff896ea18127c903fa	193	438	chatter:conversational opener; plan-mode:implementation plan
6abed9ff896ea18127c90401	193	445	chatter:conversational opener; plan-mode:translation_plan
6abed9ff896ea18127c90407	193	451	chatter:conversational opener; plan-mode:implementation plan
6abed9ff896ea18127c90412	193	462	chatter:conversational opener; plan-mode:implementation plan
6abed9ff896ea18127c9041a	193	470	chatter:conversational opener; plan-mode:implementation plan
6abed9ff896ea18127c9041c	193	472	chatter:conversational opener; plan-mode:implementation plan
6abed9ff896ea18127c9042d	193	489	chatter:conversational opener; plan-mode:translation_plan
6abed9ff896ea18127c90430	193	492	chatter:conversational opener; plan-mode:implementation plan
6abed9ff896ea18127c90436	193	498	chatter:conversational opener; plan-mode:implementation plan
6abed9ff896ea18127c9043f	193	507	chatter:conversational opener; plan-mode:implementation plan
6abed9ff896ea18127c90441	193	509	chatter:conversational opener; plan-mode:implementation plan
6abed9ff896ea18127c90442	193	510	chatter:conversational opener; plan-mode:implementation plan
6abed9ff896ea18127c90451	193	525	chatter:conversational opener; plan-mode:implementation plan
6abed9ff896ea18127c90454	193	528	chatter:conversational opener; plan-mode:implementation plan
6abed9ff896ea18127c90452	193	526	chatter:conversational opener; plan-mode:implementation plan
6abed9ff896ea18127c90460	193	540	chatter:conversational opener; plan-mode:implementation plan
6abed9ff896ea18127c90461	193	541	chatter:conversational opener; plan-mode:implementation plan
6abed9ff896ea18127c90463	193	543	chatter:conversational opener; plan-mode:implementation plan
6abed9ff896ea18127c90464	193	544	chatter:conversational opener; plan-mode:implementation plan
6abed9ff896ea18127c9046b	193	551	chatter:conversational opener; plan-mode:translation_plan
6abed9ff896ea18127c9046e	193	554	chatter:conversational opener; plan-mode:implementation plan
6abed9ff896ea18127c90470	193	556	chatter:conversational opener; plan-mode:translation_plan
6abed9ff896ea18127c90472	193	558	chatter:conversational opener; plan-mode:implementation plan
6abed9ff896ea18127c90482	193	574	chatter:conversational opener; plan-mode:implementation plan
6abed9ff896ea18127c90483	193	575	chatter:conversational opener; plan-mode:implementation plan
6abed9ff896ea18127c90484	193	576	chatter:conversational opener; plan-mode:implementation plan
6abed9ff896ea18127c90487	193	579	chatter:conversational opener; plan-mode:translation_plan
6abed9ff896ea18127c9048f	193	587	chatter:conversational opener; plan-mode:implementation plan
6abed9ff896ea18127c90492	193	590	chatter:conversational opener; plan-mode:implementation plan
6abed9ff896ea18127c90495	193	593	chatter:conversational opener; plan-mode:implementation plan
6abed9ff896ea18127c9049b	193	599	chatter:conversational opener; plan-mode:implementation plan
6abed9ff896ea18127c904a3	193	607	chatter:conversational opener; plan-mode:implementation plan
6abed9ff896ea18127c904ae	193	618	chatter:conversational opener; plan-mode:implementation plan
6abeb159896ea18127c826b7	96	51	chatter:conversational opener; plan-mode:implementation plan
6abeb159896ea18127c826cc	96	72	stage1-failed:denied_tool
6abeb159896ea18127c826d6	96	82	stage1-failed:denied_tool
6abeb159896ea18127c826c9	96	69	chatter:conversational opener; plan-mode:implementation plan
6abeb159896ea18127c826d9	96	85	stage1-failed:denied_tool
6abeb159896ea18127c826d8	96	84	chatter:conversational opener; plan-mode:implementation plan
6abeb159896ea18127c826eb	96	103	stage1-failed:denied_tool
6abeb159896ea18127c826fa	96	118	stage1-failed:denied_tool
6abeb159896ea18127c826fd	96	121	chatter:conversational opener; plan-mode:implementation plan
6abeb159896ea18127c8270d	96	137	stage1-failed:denied_tool
6abeb159896ea18127c82725	96	161	chatter:conversational opener; plan-mode:translation_plan
6abeb159896ea18127c82721	96	157	chatter:conversational opener; plan-mode:implementation plan
6abeb159896ea18127c8273b	96	183	chatter:conversational opener; plan-mode:translation_plan
6abeb159896ea18127c8273e	96	186	chatter:conversational opener; plan-mode:implementation plan
6abeb159896ea18127c82753	96	207	chatter:conversational opener; plan-mode:implementation plan
6abeb159896ea18127c82761	96	221	chatter:conversational opener; plan-mode:implementation plan
6abeb159896ea18127c82764	96	224	chatter:conversational opener; plan-mode:implementation plan
6abeb159896ea18127c82767	96	227	chatter:conversational opener; plan-mode:implementation plan
6abeb159896ea18127c8276d	96	233	chatter:conversational opener; plan-mode:translation_plan
6abeb159896ea18127c82776	96	242	chatter:conversational opener; plan-mode:implementation plan
6abeb159896ea18127c8279d	96	281	chatter:conversational opener; plan-mode:implementation plan
6abeb159896ea18127c827b1	96	301	chatter:conversational opener; plan-mode:implementation plan
6abeb159896ea18127c827ae	96	298	chatter:conversational opener; plan-mode:implementation plan
6abeb159896ea18127c827cb	96	327	chatter:conversational opener; plan-mode:implementation plan
6abeb159896ea18127c827ce	96	330	chatter:conversational opener; plan-mode:implementation plan
6abeb159896ea18127c827d5	96	337	chatter:conversational opener; plan-mode:implementation plan
6abeb159896ea18127c82804	96	384	chatter:conversational opener; plan-mode:implementation plan
6abeb159896ea18127c82835	96	433	chatter:conversational opener; plan-mode:implementation plan
6abeb159896ea18127c82838	96	436	chatter:conversational opener; plan-mode:implementation plan
6abeb159896ea18127c82843	96	447	chatter:conversational opener; plan-mode:translation_plan
6abeb159896ea18127c82844	96	448	chatter:conversational opener; plan-mode:Please review
6abeb159896ea18127c82846	96	450	chatter:conversational opener; plan-mode:implementation plan
6abeb159896ea18127c8284e	96	458	chatter:conversational opener; plan-mode:translation_plan
6abeb159896ea18127c8285f	96	475	chatter:conversational opener; plan-mode:implementation plan
6abeb159896ea18127c82864	96	480	chatter:conversational opener; plan-mode:implementation plan
6abeb159896ea18127c8286c	96	488	chatter:conversational opener; plan-mode:implementation plan
6abeb159896ea18127c8288b	96	519	chatter:conversational opener; plan-mode:implementation plan
6abeb159896ea18127c8289b	96	535	chatter:conversational opener; plan-mode:implementation plan
6abeb159896ea18127c828a2	96	542	chatter:conversational opener; plan-mode:implementation plan
6abeb1dd896ea18127c828ce	97	16	chatter:conversational opener; plan-mode:implementation plan
6abeb1dd896ea18127c828d3	97	21	chatter:conversational opener; plan-mode:Please review
6abeb1dd896ea18127c828da	97	28	chatter:conversational opener; plan-mode:implementation plan
6abeb1dd896ea18127c828e4	97	38	chatter:conversational opener; plan-mode:implementation plan
6abeb1dd896ea18127c8290c	97	78	chatter:conversational opener; plan-mode:implementation plan
6abeb1dd896ea18127c82909	97	75	door:runaway
6abeb1dd896ea18127c82915	97	87	chatter:conversational opener; plan-mode:implementation plan
6abeb1dd896ea18127c82917	97	89	chatter:conversational opener; plan-mode:implementation plan
6abeb1dd896ea18127c82919	97	91	chatter:conversational opener; plan-mode:implementation plan
6abeb1dd896ea18127c8291a	97	92	chatter:conversational opener; plan-mode:translation_plan
6abeb1dd896ea18127c82927	97	105	chatter:conversational opener; plan-mode:implementation plan
6abeb1dd896ea18127c82926	97	104	chatter:conversational opener; plan-mode:implementation plan
6abeb1dd896ea18127c8292b	97	109	chatter:conversational opener; plan-mode:implementation plan
6abeb1dd896ea18127c8292e	97	112	plan-mode:Please review
6abeb1dd896ea18127c82937	97	121	chatter:conversational opener; plan-mode:implementation plan
6abeb1dd896ea18127c8293d	97	127	chatter:conversational opener; plan-mode:implementation plan
6abeb1dd896ea18127c82956	97	152	chatter:conversational opener; plan-mode:implementation plan
6abeb1dd896ea18127c82962	97	164	chatter:conversational opener; plan-mode:implementation plan
6abeb1dd896ea18127c8297c	97	190	chatter:conversational opener; plan-mode:implementation plan
6abeb1dd896ea18127c829d2	97	276	chatter:conversational opener; plan-mode:implementation plan
6abeb1dd896ea18127c829ed	97	303	chatter:conversational opener; plan-mode:implementation plan
6abeb1dd896ea18127c829f3	97	309	chatter:conversational opener; plan-mode:implementation plan
6abeb1dd896ea18127c82a04	97	326	chatter:conversational opener; plan-mode:implementation plan
6abeb1dd896ea18127c829fb	97	317	chatter:conversational opener; plan-mode:implementation plan
6abeb1dd896ea18127c82a1e	97	352	chatter:conversational opener; plan-mode:implementation plan
6abeb1dd896ea18127c82a27	97	361	chatter:conversational opener; plan-mode:implementation plan
6abeb1dd896ea18127c82a2e	97	368	chatter:conversational opener; plan-mode:plan.md
6abeb1dd896ea18127c82a3c	97	382	chatter:conversational opener; plan-mode:implementation plan
6abeb1dd896ea18127c82a3f	97	385	chatter:conversational opener; plan-mode:translation_plan
6abeb1dd896ea18127c82a44	97	390	chatter:conversational opener; plan-mode:implementation plan
6abeb1dd896ea18127c82a58	97	410	chatter:conversational opener; plan-mode:implementation plan
6abeb1dd896ea18127c82a55	97	407	chatter:conversational opener; plan-mode:implementation plan
6abeb1dd896ea18127c82a73	97	437	chatter:conversational opener; plan-mode:translation_plan
6abeb1dd896ea18127c82a6e	97	432	chatter:conversational opener; plan-mode:implementation plan
6abeb1dd896ea18127c82a84	97	454	chatter:conversational opener; plan-mode:implementation plan
6abeb1dd896ea18127c82a86	97	456	chatter:conversational opener; plan-mode:implementation plan
6abeb1dd896ea18127c82a8a	97	460	chatter:conversational opener; plan-mode:implementation plan
6abeb1dd896ea18127c82a9d	97	479	chatter:conversational opener; plan-mode:implementation plan
6abeb1dd896ea18127c82aa6	97	488	chatter:conversational opener; plan-mode:translation_plan
6abeb1dd896ea18127c82aad	97	495	chatter:conversational opener; plan-mode:implementation plan
6abeb1dd896ea18127c82ac7	97	521	chatter:conversational opener; plan-mode:implementation plan
6abeb1dd896ea18127c82ad0	97	530	chatter:conversational opener; plan-mode:implementation plan
6abeb1dd896ea18127c82ad8	97	538	chatter:conversational opener; plan-mode:implementation plan
6abeb20c896ea18127c82b1e	98	27	chatter:conversational opener; plan-mode:implementation plan
6abeb20c896ea18127c82b25	98	34	chatter:conversational opener; plan-mode:implementation plan
6abeb20c896ea18127c82b22	98	31	chatter:conversational opener; plan-mode:implementation plan
6abeb20c896ea18127c82b46	98	67	chatter:conversational opener; plan-mode:implementation plan
6abeb20c896ea18127c82b57	98	84	chatter:conversational opener; plan-mode:implementation plan
6abeb20c896ea18127c82b63	98	96	chatter:conversational opener; plan-mode:implementation plan
6abeb20c896ea18127c82b74	98	113	chatter:conversational opener; plan-mode:implementation plan
6abeb20c896ea18127c82b7d	98	122	chatter:conversational opener; plan-mode:implementation plan
6abeb20c896ea18127c82b8f	98	140	chatter:conversational opener; plan-mode:implementation plan
6abeb20c896ea18127c82b8c	98	137	chatter:conversational opener; plan-mode:implementation plan
6abeb20c896ea18127c82b9c	98	153	chatter:conversational opener; plan-mode:implementation plan
6abeb20c896ea18127c82ba2	98	159	chatter:conversational opener; plan-mode:implementation plan
6abeb20c896ea18127c82bb3	98	176	chatter:conversational opener; plan-mode:translation_plan
6abeb20c896ea18127c82bf2	98	239	chatter:conversational opener; plan-mode:implementation plan
6abeb20c896ea18127c82c15	98	274	chatter:conversational opener; plan-mode:implementation plan
6abeb20c896ea18127c82c32	98	303	chatter:conversational opener; plan-mode:implementation plan
6abeb20c896ea18127c82c35	98	306	chatter:conversational opener; plan-mode:implementation plan
6abeb20c896ea18127c82c3b	98	312	chatter:conversational opener; plan-mode:translation_plan
6abeb20c896ea18127c82c57	98	340	chatter:conversational opener; plan-mode:implementation plan
6abeb20c896ea18127c82c73	98	368	chatter:conversational opener; plan-mode:implementation plan
6abeb20c896ea18127c82c76	98	371	chatter:conversational opener; plan-mode:implementation plan
6abeb20c896ea18127c82c79	98	374	chatter:conversational opener; plan-mode:implementation plan
6abeb20c896ea18127c82c7e	98	379	chatter:conversational opener; plan-mode:implementation plan
6abeb20c896ea18127c82c81	98	382	chatter:conversational opener; plan-mode:translation_plan
6abeb20c896ea18127c82c86	98	387	chatter:conversational opener; plan-mode:implementation plan
6abeb20c896ea18127c82c96	98	403	chatter:conversational opener; plan-mode:implementation plan; door:collapsed
6abeb20c896ea18127c82c9a	98	407	chatter:conversational opener; plan-mode:implementation plan
6abeb20c896ea18127c82ca1	98	414	chatter:conversational opener; plan-mode:translation_plan
6abeb20c896ea18127c82cb2	98	431	chatter:conversational opener; plan-mode:implementation plan
6abeb20c896ea18127c82cb3	98	432	chatter:conversational opener; plan-mode:translation_plan
6abeb20c896ea18127c82cbc	98	441	chatter:conversational opener; plan-mode:translation_plan
6abeb20c896ea18127c82cf5	98	498	chatter:conversational opener; plan-mode:implementation plan
6abeb20c896ea18127c82d28	98	549	chatter:conversational opener; plan-mode:implementation plan
6abeb20c896ea18127c82d2b	98	552	chatter:conversational opener; plan-mode:implementation plan
6abeb20c896ea18127c82d2f	98	556	chatter:conversational opener; plan-mode:implementation plan
6abeb20c896ea18127c82d33	98	560	chatter:conversational opener; plan-mode:implementation plan
6abeb20c896ea18127c82d34	98	561	chatter:conversational opener; plan-mode:implementation plan
6abeb20c896ea18127c82d44	98	577	chatter:conversational opener; plan-mode:implementation plan
6abeb20c896ea18127c82d47	98	580	chatter:conversational opener; plan-mode:implementation plan
6abeb20c896ea18127c82d4a	98	583	chatter:conversational opener; plan-mode:implementation plan
6abeb20c896ea18127c82d51	98	590	chatter:conversational opener; plan-mode:translation_plan
6abeb20c896ea18127c82d5d	98	602	chatter:conversational opener; plan-mode:implementation plan
6abeb20c896ea18127c82d62	98	607	chatter:conversational opener; plan-mode:implementation plan
6abeb20c896ea18127c82d79	98	630	chatter:conversational opener; plan-mode:implementation plan
6abeb247896ea18127c82da7	99	14	chatter:conversational opener; plan-mode:implementation plan
6abeb247896ea18127c82db5	99	28	chatter:conversational opener; plan-mode:implementation plan
6abeb247896ea18127c82dbc	99	35	chatter:conversational opener; plan-mode:implementation plan
6abeb247896ea18127c82db8	99	31	chatter:conversational opener; plan-mode:implementation plan
6abeb247896ea18127c82dce	99	53	chatter:conversational opener; plan-mode:implementation plan
6abeb247896ea18127c82de3	99	74	chatter:conversational opener; plan-mode:translation_plan
6abeb247896ea18127c82e01	99	104	chatter:conversational opener; plan-mode:implementation plan
6abeb247896ea18127c82e11	99	120	chatter:conversational opener; plan-mode:implementation plan
6abeb247896ea18127c82e23	99	138	chatter:conversational opener; plan-mode:implementation plan
6abeb247896ea18127c82e33	99	154	chatter:conversational opener; plan-mode:implementation plan
6abeb247896ea18127c82e3f	99	166	chatter:conversational opener; plan-mode:implementation plan
6abeb247896ea18127c82e44	99	171	chatter:conversational opener; plan-mode:implementation plan
6abeb247896ea18127c82e49	99	176	chatter:conversational opener; plan-mode:implementation plan
6abeb247896ea18127c82e4d	99	180	reasoning-leak:reasoning:Wait, the prompt; plan-mode:The user prompt; door:reasoning-leak
6abeb247896ea18127c82e53	99	186	chatter:conversational opener; plan-mode:implementation plan
6abeb247896ea18127c82e5a	99	193	chatter:conversational opener; plan-mode:implementation plan
6abeb247896ea18127c82e83	99	234	plan-mode:Please review
6abeb247896ea18127c82e85	99	236	chatter:conversational opener; plan-mode:implementation plan
6abeb247896ea18127c82e93	99	250	chatter:conversational opener; plan-mode:implementation plan
6abeb247896ea18127c82e95	99	252	chatter:conversational opener; plan-mode:implementation plan
6abeb247896ea18127c82ea1	99	264	chatter:conversational opener; plan-mode:implementation plan
6abeb247896ea18127c82eb1	99	280	chatter:conversational opener; plan-mode:translation_plan
6abeb247896ea18127c82ec4	99	299	chatter:conversational opener; plan-mode:implementation plan
6abeb247896ea18127c82efd	99	356	chatter:conversational opener; plan-mode:implementation plan
6abeb247896ea18127c82f00	99	359	chatter:conversational opener; plan-mode:implementation plan
6abeb247896ea18127c82f06	99	365	chatter:conversational opener; plan-mode:implementation plan
6abeb247896ea18127c82f08	99	367	plan-mode:Please review
6abeb247896ea18127c82f0b	99	370	plan-mode:Output Contract
6abeb247896ea18127c82f0a	99	369	chatter:conversational opener; plan-mode:translation_plan
6abeb247896ea18127c82f1e	99	389	chatter:conversational opener; plan-mode:implementation plan
6abeb247896ea18127c82f25	99	396	chatter:conversational opener; plan-mode:implementation plan
6abeb247896ea18127c82f28	99	399	chatter:conversational opener; plan-mode:implementation plan
6abeb247896ea18127c82f29	99	400	chatter:conversational opener; plan-mode:translation_plan
6abeb247896ea18127c82f2c	99	403	chatter:conversational opener; plan-mode:implementation plan
6abeb247896ea18127c82f36	99	413	chatter:conversational opener; plan-mode:translation_plan
6abeb247896ea18127c82f41	99	424	chatter:conversational opener; plan-mode:implementation plan
6abeb247896ea18127c82f52	99	441	chatter:conversational opener; plan-mode:implementation plan
6abeb247896ea18127c82f5c	99	451	chatter:conversational opener; plan-mode:implementation plan
6abeb247896ea18127c82f62	99	457	reasoning-leak:reasoning:system prompt; plan-mode:output contract; door:reasoning-leak
6abeb247896ea18127c82f75	99	476	chatter:conversational opener; plan-mode:plan.md
6abeb247896ea18127c82f79	99	480	chatter:conversational opener; plan-mode:implementation plan
6abeb247896ea18127c82f80	99	487	chatter:conversational opener; plan-mode:translation_plan
6abeb247896ea18127c82f7e	99	485	chatter:conversational opener; plan-mode:implementation plan
6abeb247896ea18127c82f84	99	491	chatter:conversational opener; plan-mode:translation_plan
6abeb247896ea18127c82f8f	99	502	chatter:conversational opener; plan-mode:implementation plan
6abeb247896ea18127c82fb9	99	544	chatter:conversational opener; plan-mode:implementation plan
6abeb247896ea18127c82fba	99	545	chatter:conversational opener; plan-mode:implementation plan
6abeb247896ea18127c82fc4	99	555	chatter:conversational opener; plan-mode:translation_plan
6abeb247896ea18127c82fc6	99	557	chatter:conversational opener; plan-mode:implementation plan
6abeb289896ea18127c82fe1	100	8	plan-mode:The user prompt; door:runaway
6abeb289896ea18127c82fe6	100	13	chatter:conversational opener; plan-mode:implementation plan
6abeb289896ea18127c83002	100	41	chatter:conversational opener; plan-mode:implementation plan
6abeb289896ea18127c83009	100	48	chatter:conversational opener; plan-mode:implementation plan
6abeb289896ea18127c83012	100	57	chatter:conversational opener; plan-mode:implementation plan
6abeb289896ea18127c8301b	100	66	chatter:conversational opener; plan-mode:translation_plan
6abeb289896ea18127c8301c	100	67	chatter:conversational opener; plan-mode:implementation plan
6abeb289896ea18127c83020	100	71	chatter:conversational opener; plan-mode:implementation plan
6abeb289896ea18127c8304e	100	117	chatter:conversational opener; plan-mode:implementation plan
6abeb289896ea18127c83063	100	138	chatter:conversational opener; plan-mode:implementation plan
6abeb289896ea18127c83068	100	143	chatter:conversational opener; plan-mode:implementation plan
6abeb289896ea18127c830a3	100	202	chatter:conversational opener; plan-mode:implementation plan
6abeb289896ea18127c830c4	100	235	chatter:conversational opener; plan-mode:implementation plan
6abeb289896ea18127c830c5	100	236	chatter:conversational opener; plan-mode:translation_plan
6abeb289896ea18127c830c8	100	239	chatter:conversational opener; plan-mode:implementation plan
6abeb289896ea18127c830ef	100	278	chatter:conversational opener; plan-mode:implementation plan
6abeb289896ea18127c830f3	100	282	chatter:conversational opener; plan-mode:implementation plan
6abeb289896ea18127c8313f	100	358	chatter:conversational opener; plan-mode:implementation plan
6abeb289896ea18127c8315d	100	388	chatter:conversational opener; plan-mode:implementation plan
6abeb289896ea18127c8316b	100	402	chatter:conversational opener; plan-mode:translation_plan
6abeb289896ea18127c831a0	100	455	chatter:conversational opener; plan-mode:implementation plan
6abeb289896ea18127c831e2	100	521	chatter:conversational opener; plan-mode:implementation plan
6abeb289896ea18127c831e8	100	527	chatter:conversational opener; plan-mode:implementation plan
6abeb289896ea18127c831fb	100	546	chatter:conversational opener; plan-mode:implementation plan
6abeb289896ea18127c831ff	100	550	chatter:conversational opener; plan-mode:implementation plan
6abeb289896ea18127c83206	100	557	chatter:conversational opener; plan-mode:implementation plan
6abeb289896ea18127c83209	100	560	chatter:conversational opener; plan-mode:implementation plan
6abeb289896ea18127c8320d	100	564	chatter:conversational opener; plan-mode:implementation plan
6abeb289896ea18127c8321f	100	582	chatter:conversational opener; plan-mode:implementation plan
6abeb289896ea18127c83223	100	586	chatter:conversational opener; plan-mode:implementation plan
6abeb289896ea18127c83228	100	591	chatter:conversational opener; plan-mode:translation_plan
6abeb289896ea18127c83234	100	603	chatter:conversational opener; plan-mode:implementation plan
6abeb289896ea18127c83240	100	615	door:runaway
6abeb289896ea18127c8324a	100	625	chatter:conversational opener; plan-mode:implementation plan
6abeb289896ea18127c8324d	100	628	chatter:conversational opener; plan-mode:implementation plan
6abeb289896ea18127c83251	100	632	chatter:conversational opener; plan-mode:implementation plan
6abeb289896ea18127c8325b	100	642	chatter:conversational opener; plan-mode:implementation plan
6abeb2b4896ea18127c83282	101	3	chatter:conversational opener; plan-mode:implementation plan
6abeb2b4896ea18127c83294	101	21	chatter:conversational opener; plan-mode:implementation plan
6abeb2b4896ea18127c832a6	101	39	chatter:conversational opener; plan-mode:translation_plan
6abeb2b4896ea18127c832b1	101	50	chatter:conversational opener; plan-mode:implementation plan
6abeb2b4896ea18127c832c8	101	73	chatter:conversational opener; plan-mode:translation_plan
6abeb2b4896ea18127c832e2	101	99	chatter:conversational opener; plan-mode:translation_plan
6abeb2b4896ea18127c832ea	101	107	chatter:conversational opener; plan-mode:translation_plan
6abeb2b4896ea18127c832f2	101	115	chatter:conversational opener; plan-mode:implementation plan
6abeb2b4896ea18127c83318	101	153	chatter:conversational opener; plan-mode:translation_plan
6abeb2b4896ea18127c83316	101	151	chatter:conversational opener; plan-mode:implementation plan
6abeb2b4896ea18127c83329	101	170	chatter:conversational opener; plan-mode:implementation plan
6abeb2b4896ea18127c8333b	101	188	chatter:conversational opener; plan-mode:translation_plan
6abeb2b4896ea18127c8333f	101	192	chatter:conversational opener; plan-mode:implementation plan
6abeb2b4896ea18127c8334a	101	203	reasoning-leak:reasoning:system prompt; plan-mode:the user prompt; door:reasoning-leak
6abeb2b4896ea18127c83351	101	210	chatter:conversational opener; plan-mode:implementation plan
6abeb2b4896ea18127c83362	101	227	chatter:conversational opener; plan-mode:implementation plan
6abeb2b4896ea18127c83387	101	264	chatter:conversational opener; plan-mode:implementation plan
6abeb2b4896ea18127c83389	101	266	chatter:conversational opener; plan-mode:implementation plan
6abeb2b4896ea18127c83390	101	273	chatter:conversational opener; plan-mode:implementation plan
6abeb2b4896ea18127c83391	101	274	chatter:conversational opener; plan-mode:implementation plan
6abeb2b4896ea18127c833a0	101	289	chatter:conversational opener; plan-mode:translation_plan
6abeb2b4896ea18127c833a2	101	291	chatter:conversational opener; plan-mode:implementation plan
6abeb2b4896ea18127c833cf	101	336	chatter:conversational opener; plan-mode:implementation plan
6abeb2b4896ea18127c833d1	101	338	chatter:conversational opener; plan-mode:implementation plan
6abeb2b4896ea18127c833d4	101	341	chatter:conversational opener; plan-mode:implementation plan
6abeb2b4896ea18127c833d5	101	342	chatter:conversational opener; plan-mode:implementation plan
6abeb2b4896ea18127c833de	101	351	chatter:conversational opener; plan-mode:translation_plan
6abeb2b4896ea18127c833db	101	348	chatter:conversational opener; plan-mode:implementation plan
6abeb2b4896ea18127c833e1	101	354	chatter:conversational opener; plan-mode:implementation plan
6abeb2b4896ea18127c833e3	101	356	chatter:conversational opener; plan-mode:translation_plan
6abeb2b4896ea18127c833ed	101	366	plan-mode:output contract; door:runaway
6abeb2b4896ea18127c83432	101	435	chatter:conversational opener; plan-mode:implementation plan
6abeb2b4896ea18127c83435	101	438	chatter:conversational opener; plan-mode:implementation plan
6abeb2b4896ea18127c8343a	101	443	chatter:conversational opener; plan-mode:implementation plan
6abeb2b4896ea18127c83467	101	488	chatter:conversational opener; plan-mode:translation_plan
6abeb2b4896ea18127c8348e	101	527	chatter:conversational opener; plan-mode:implementation plan
6abeb2b4896ea18127c834c2	101	579	chatter:conversational opener; plan-mode:implementation plan
6abeb2b4896ea18127c834d6	101	599	chatter:conversational opener; plan-mode:implementation plan
6abeb2b4896ea18127c834d4	101	597	chatter:conversational opener; plan-mode:implementation plan
6abeb2b4896ea18127c834e1	101	610	chatter:conversational opener; plan-mode:implementation plan
6abeb2b4896ea18127c834f0	101	625	chatter:conversational opener; plan-mode:output contract
6abeb2b4896ea18127c834e5	101	614	chatter:conversational opener; plan-mode:translation_plan
6abeb2b4896ea18127c83501	101	642	chatter:conversational opener; plan-mode:translation_plan
6abeb2b4896ea18127c83512	101	659	chatter:conversational opener; plan-mode:implementation plan
6abeb2b4896ea18127c8351c	101	669	chatter:conversational opener; plan-mode:implementation plan
6abeb2b4896ea18127c83521	101	674	chatter:conversational opener; plan-mode:translation_plan
6abeb2b4896ea18127c83523	101	676	chatter:conversational opener; plan-mode:implementation plan
6abe825259b86b7d32a6597d	102	1	chatter:conversational opener; plan-mode:implementation plan
6abe825259b86b7d32a65996	102	26	chatter:conversational opener; plan-mode:implementation plan
6abe825259b86b7d32a659a1	102	37	chatter:conversational opener; plan-mode:implementation plan
6abe825259b86b7d32a659bd	102	65	chatter:conversational opener; plan-mode:implementation plan
6abe825259b86b7d32a659be	102	66	chatter:conversational opener; plan-mode:implementation plan
6abe825259b86b7d32a659cf	102	83	chatter:conversational opener; plan-mode:implementation plan
6abe825259b86b7d32a659d4	102	88	chatter:conversational opener; plan-mode:implementation plan
6abe825259b86b7d32a659d7	102	91	chatter:conversational opener; plan-mode:translation_plan
6abe825259b86b7d32a659f7	102	123	chatter:conversational opener; plan-mode:implementation plan
6abe825259b86b7d32a65a06	102	138	chatter:conversational opener; plan-mode:implementation plan
6abe825259b86b7d32a65a0f	102	147	chatter:conversational opener; plan-mode:implementation plan
6abe825259b86b7d32a65a13	102	151	chatter:conversational opener; plan-mode:translation_plan
6abe825259b86b7d32a65a2d	102	177	chatter:conversational opener; plan-mode:implementation plan
6abe825259b86b7d32a65a5c	102	224	chatter:conversational opener; plan-mode:implementation plan
6abe825259b86b7d32a65a64	102	232	chatter:conversational opener; plan-mode:translation_plan
6abe825259b86b7d32a65a86	102	266	chatter:conversational opener; plan-mode:implementation plan
6abe825259b86b7d32a65a9d	102	289	chatter:conversational opener; plan-mode:implementation plan
6abe825259b86b7d32a65aac	102	304	chatter:conversational opener; plan-mode:implementation plan
6abe825259b86b7d32a65aaf	102	307	chatter:conversational opener; plan-mode:implementation plan
6abe825259b86b7d32a65ac9	102	333	chatter:conversational opener; plan-mode:implementation plan
6abe825259b86b7d32a65ad3	102	343	chatter:conversational opener; plan-mode:translation_plan
6abe825259b86b7d32a65ae0	102	356	chatter:conversational opener; plan-mode:implementation plan
6abe825259b86b7d32a65aef	102	371	chatter:conversational opener; plan-mode:implementation plan
6abe825259b86b7d32a65b1b	102	415	chatter:conversational opener; plan-mode:implementation plan
6abe825259b86b7d32a65b2f	102	435	chatter:conversational opener; plan-mode:implementation plan
6abe825259b86b7d32a65b5a	102	478	chatter:conversational opener; plan-mode:implementation plan
6abe825259b86b7d32a65b6a	102	494	chatter:conversational opener; plan-mode:implementation plan
6abe825259b86b7d32a65b78	102	508	chatter:conversational opener; plan-mode:implementation plan
6abe825259b86b7d32a65b8e	102	530	chatter:conversational opener; plan-mode:translation_plan
6abe825259b86b7d32a65b96	102	538	chatter:conversational opener; plan-mode:translation_plan
6abe825259b86b7d32a65b9c	102	544	chatter:conversational opener; plan-mode:implementation plan
6abe825259b86b7d32a65bc8	102	588	chatter:conversational opener; plan-mode:implementation plan
6abe825259b86b7d32a65beb	102	623	chatter:conversational opener; plan-mode:implementation plan
6abe825259b86b7d32a65c14	102	664	chatter:conversational opener; plan-mode:implementation plan
6abe825259b86b7d32a65c17	102	667	chatter:conversational opener; plan-mode:implementation plan
6abe825259b86b7d32a65c21	102	677	chatter:conversational opener; plan-mode:implementation plan
6abeb2ee896ea18127c83536	103	11	chatter:conversational opener; plan-mode:implementation plan
6abeb2ee896ea18127c8353d	103	18	chatter:conversational opener; plan-mode:translation_plan
6abeb2ee896ea18127c8353c	103	17	chatter:conversational opener; plan-mode:implementation plan
6abeb2ee896ea18127c83543	103	24	chatter:conversational opener; plan-mode:implementation plan
6abeb2ee896ea18127c83557	103	44	chatter:conversational opener; plan-mode:translation_plan
6abeb2ee896ea18127c83556	103	43	chatter:conversational opener; plan-mode:implementation plan
6abeb2ee896ea18127c83586	103	91	chatter:conversational opener; plan-mode:implementation plan
6abeb2ee896ea18127c83594	103	105	chatter:conversational opener; plan-mode:implementation plan
6abeb2ee896ea18127c83595	103	106	chatter:conversational opener; plan-mode:implementation plan
6abeb2ee896ea18127c8359a	103	111	chatter:conversational opener; plan-mode:implementation plan
6abeb2ee896ea18127c835a7	103	124	chatter:conversational opener; plan-mode:implementation plan
6abeb2ee896ea18127c835b9	103	142	chatter:conversational opener; plan-mode:implementation plan
6abeb2ee896ea18127c835be	103	147	chatter:conversational opener; plan-mode:translation_plan
6abeb2ee896ea18127c835c7	103	156	chatter:conversational opener; plan-mode:implementation plan
6abeb2ee896ea18127c835d9	103	174	chatter:conversational opener; plan-mode:implementation plan
6abeb2ee896ea18127c835d7	103	172	chatter:conversational opener; plan-mode:implementation plan
6abeb2ee896ea18127c835de	103	179	chatter:conversational opener; plan-mode:translation_plan
6abeb2ee896ea18127c835e5	103	186	chatter:conversational opener; plan-mode:implementation plan
6abeb2ee896ea18127c83605	103	218	chatter:conversational opener; plan-mode:translation_plan
6abeb2ee896ea18127c83616	103	235	chatter:conversational opener; plan-mode:implementation plan
6abeb2ee896ea18127c83610	103	229	chatter:conversational opener; plan-mode:implementation plan
6abeb2ee896ea18127c83615	103	234	chatter:conversational opener; plan-mode:implementation plan
6abeb2ee896ea18127c83624	103	249	chatter:conversational opener; plan-mode:implementation plan
6abeb2ee896ea18127c83628	103	253	chatter:conversational opener; plan-mode:implementation plan
6abeb2ee896ea18127c8362a	103	255	chatter:conversational opener; plan-mode:implementation plan
6abeb2ee896ea18127c83630	103	261	chatter:conversational opener; plan-mode:implementation plan
6abeb2ee896ea18127c83640	103	277	chatter:conversational opener; plan-mode:translation_plan
6abeb2ee896ea18127c83649	103	286	chatter:conversational opener; plan-mode:translation_plan
6abeb2ee896ea18127c83655	103	298	chatter:conversational opener; plan-mode:implementation plan
6abeb2ee896ea18127c8367e	103	339	chatter:conversational opener; plan-mode:implementation plan
6abeb2ee896ea18127c83684	103	345	chatter:conversational opener; plan-mode:implementation plan
6abeb2ee896ea18127c83693	103	360	chatter:conversational opener; plan-mode:translation_plan
6abeb2ee896ea18127c836b3	103	392	chatter:conversational opener; plan-mode:implementation plan
6abeb2ee896ea18127c836be	103	403	chatter:conversational opener; plan-mode:translation_plan
6abeb2ee896ea18127c836c1	103	406	chatter:conversational opener; plan-mode:implementation plan
6abeb2ee896ea18127c83702	103	471	chatter:conversational opener; plan-mode:implementation plan
6abeb2ee896ea18127c83703	103	472	chatter:conversational opener; plan-mode:implementation plan
6abeb2ee896ea18127c83709	103	478	chatter:conversational opener; plan-mode:implementation plan
6abeb2ee896ea18127c83710	103	485	chatter:conversational opener; plan-mode:implementation plan
6abeb2ee896ea18127c83716	103	491	chatter:conversational opener; plan-mode:implementation plan
6abeb2ee896ea18127c83730	103	517	chatter:conversational opener; plan-mode:implementation plan
6abeb2ee896ea18127c8372a	103	511	chatter:conversational opener; plan-mode:implementation plan
6abeb2ee896ea18127c83756	103	555	chatter:conversational opener; plan-mode:implementation plan
6abeb2ee896ea18127c8376a	103	575	chatter:conversational opener; plan-mode:implementation plan
6abeb2ee896ea18127c8376f	103	580	chatter:conversational opener; plan-mode:implementation plan
6abeb2ee896ea18127c83790	103	613	plan-mode:output contract
6abeb2ee896ea18127c8378c	103	609	chatter:conversational opener; plan-mode:implementation plan
6abeb2ee896ea18127c83799	103	622	chatter:conversational opener; plan-mode:implementation plan
6abeb2ee896ea18127c83795	103	618	chatter:conversational opener; plan-mode:implementation plan
6abeb2ee896ea18127c837bb	103	656	chatter:conversational opener; plan-mode:implementation plan
6abeb2ee896ea18127c837be	103	659	chatter:conversational opener; plan-mode:implementation plan
6abeb2ee896ea18127c837e8	103	701	chatter:conversational opener; plan-mode:implementation plan
6abeb2ee896ea18127c837f2	103	711	chatter:conversational opener; plan-mode:translation_plan
6abeb2ee896ea18127c837fa	103	719	chatter:conversational opener; plan-mode:implementation plan
6abeb2ee896ea18127c8380a	103	735	chatter:conversational opener; plan-mode:plan.md
6abeb2ee896ea18127c83811	103	742	chatter:conversational opener; plan-mode:implementation plan
6abeb331896ea18127c83840	104	37	chatter:conversational opener; plan-mode:implementation plan
6abeb331896ea18127c83843	104	40	chatter:conversational opener; plan-mode:implementation plan
6abeb331896ea18127c8387f	104	100	chatter:conversational opener; plan-mode:implementation plan
6abeb331896ea18127c8388c	104	113	chatter:conversational opener; plan-mode:implementation plan
6abeb331896ea18127c83889	104	110	chatter:conversational opener; plan-mode:implementation plan
6abeb331896ea18127c8388a	104	111	chatter:conversational opener; plan-mode:implementation plan
6abeb331896ea18127c8389b	104	128	chatter:conversational opener; plan-mode:implementation plan
6abeb331896ea18127c838a7	104	140	chatter:conversational opener; plan-mode:translation_plan
6abeb331896ea18127c838d8	104	189	chatter:conversational opener; plan-mode:implementation plan
6abeb331896ea18127c838ea	104	207	chatter:conversational opener; plan-mode:implementation plan
6abeb331896ea18127c838f3	104	216	chatter:conversational opener; plan-mode:implementation plan
6abeb331896ea18127c83909	104	238	chatter:conversational opener; plan-mode:implementation plan
6abeb331896ea18127c83920	104	261	chatter:conversational opener; plan-mode:implementation plan
6abeb331896ea18127c83939	104	286	chatter:conversational opener; plan-mode:implementation plan
6abeb331896ea18127c8394b	104	304	chatter:conversational opener; plan-mode:translation_plan
6abeb331896ea18127c83950	104	309	chatter:conversational opener; plan-mode:translation_plan
6abeb331896ea18127c83962	104	327	chatter:conversational opener; plan-mode:implementation plan
6abeb331896ea18127c83966	104	331	chatter:conversational opener; plan-mode:implementation plan
6abeb331896ea18127c8396c	104	337	chatter:conversational opener; plan-mode:implementation plan
6abeb331896ea18127c83973	104	344	chatter:conversational opener; plan-mode:implementation plan
6abeb331896ea18127c8397c	104	353	chatter:conversational opener; plan-mode:implementation plan
6abeb331896ea18127c83983	104	360	chatter:conversational opener; plan-mode:implementation plan
6abeb331896ea18127c83988	104	365	chatter:conversational opener; plan-mode:implementation plan
6abeb331896ea18127c8398c	104	369	chatter:conversational opener; plan-mode:implementation plan
6abeb331896ea18127c839a2	104	391	chatter:conversational opener; plan-mode:implementation plan
6abeb331896ea18127c83a00	104	485	chatter:conversational opener; plan-mode:translation_plan; door:runaway
6abeb331896ea18127c83a21	104	518	chatter:conversational opener; plan-mode:implementation plan
6abeb331896ea18127c83a2e	104	531	chatter:conversational opener; plan-mode:implementation plan
6abeb331896ea18127c83a41	104	550	chatter:conversational opener; plan-mode:implementation plan
6abeb331896ea18127c83a58	104	573	chatter:conversational opener; plan-mode:implementation plan
6abeb331896ea18127c83a60	104	581	chatter:conversational opener; plan-mode:implementation plan
6abeb331896ea18127c83a63	104	584	chatter:conversational opener; plan-mode:translation_plan
6abeb331896ea18127c83a7e	104	611	chatter:conversational opener; plan-mode:implementation plan
6abeb331896ea18127c83a95	104	634	chatter:conversational opener; plan-mode:implementation plan
6abeb331896ea18127c83a9b	104	640	chatter:conversational opener; plan-mode:implementation plan
6abeb331896ea18127c83aa0	104	645	chatter:conversational opener; plan-mode:implementation plan
6abeb331896ea18127c83aad	104	658	chatter:conversational opener; plan-mode:translation_plan
6abeb331896ea18127c83ab2	104	663	chatter:conversational opener; plan-mode:implementation plan
6abeb331896ea18127c83ab5	104	666	chatter:conversational opener; plan-mode:implementation plan
6abeb331896ea18127c83ab8	104	669	chatter:conversational opener; plan-mode:implementation plan
6abeb331896ea18127c83ac1	104	678	chatter:conversational opener; plan-mode:implementation plan
6abeb331896ea18127c83ad4	104	697	chatter:conversational opener; plan-mode:translation_plan
6abeb331896ea18127c83ae9	104	718	chatter:conversational opener; plan-mode:translation_plan
6abeb331896ea18127c83aec	104	721	chatter:conversational opener; plan-mode:implementation plan
6abeb331896ea18127c83af0	104	725	chatter:conversational opener; plan-mode:implementation plan
6abeb361896ea18127c83b03	105	12	chatter:conversational opener; plan-mode:implementation plan
6abeb361896ea18127c83b0d	105	22	chatter:conversational opener; plan-mode:implementation plan
6abeb361896ea18127c83b13	105	28	chatter:conversational opener; plan-mode:implementation plan
6abeb361896ea18127c83b1d	105	38	chatter:conversational opener; plan-mode:Please review
6abeb361896ea18127c83b28	105	49	chatter:conversational opener; plan-mode:translation_plan
6abeb361896ea18127c83b3b	105	68	chatter:conversational opener; plan-mode:implementation plan
6abeb361896ea18127c83b49	105	82	chatter:conversational opener; plan-mode:implementation plan
6abeb361896ea18127c83b53	105	92	chatter:conversational opener; plan-mode:implementation plan
6abeb361896ea18127c83b56	105	95	chatter:conversational opener; plan-mode:implementation plan
6abeb361896ea18127c83b5a	105	99	chatter:conversational opener; plan-mode:implementation plan
6abeb361896ea18127c83b5b	105	100	chatter:conversational opener; plan-mode:Please review
6abeb361896ea18127c83b7d	105	134	chatter:conversational opener; plan-mode:implementation plan
6abeb361896ea18127c83b96	105	159	chatter:conversational opener; plan-mode:implementation plan
6abeb361896ea18127c83bc5	105	206	chatter:conversational opener; plan-mode:implementation plan
6abeb361896ea18127c83bec	105	245	chatter:conversational opener; plan-mode:implementation plan
6abeb361896ea18127c83c15	105	286	chatter:conversational opener; plan-mode:implementation plan
6abeb361896ea18127c83c1f	105	296	chatter:conversational opener; plan-mode:implementation plan
6abeb361896ea18127c83c34	105	317	chatter:conversational opener; plan-mode:implementation plan
6abeb361896ea18127c83c47	105	336	chatter:conversational opener; plan-mode:implementation plan
6abeb361896ea18127c83c49	105	338	chatter:conversational opener; plan-mode:implementation plan
6abeb361896ea18127c83c4d	105	342	chatter:conversational opener; plan-mode:implementation plan
6abeb361896ea18127c83c8f	105	408	chatter:conversational opener; plan-mode:implementation plan
6abeb361896ea18127c83c94	105	413	chatter:conversational opener; plan-mode:implementation plan
6abeb361896ea18127c83c9c	105	421	chatter:conversational opener; plan-mode:implementation plan
6abeb361896ea18127c83caa	105	435	chatter:conversational opener; plan-mode:implementation plan
6abeb361896ea18127c83cc8	105	465	chatter:conversational opener; plan-mode:implementation plan
6abeb361896ea18127c83cdd	105	486	chatter:conversational opener; plan-mode:translation_plan
6abeb361896ea18127c83ce8	105	497	chatter:conversational opener; plan-mode:implementation plan
6abeb361896ea18127c83ce9	105	498	chatter:conversational opener; plan-mode:plan.md
6abeb361896ea18127c83cec	105	501	chatter:conversational opener; plan-mode:implementation plan
6abeb361896ea18127c83d00	105	521	chatter:conversational opener; plan-mode:implementation plan
6abeb361896ea18127c83d0c	105	533	chatter:conversational opener; plan-mode:implementation plan
6abeb361896ea18127c83d13	105	540	chatter:conversational opener; plan-mode:implementation plan
6abeb361896ea18127c83d20	105	553	chatter:conversational opener; plan-mode:translation_plan
6abeb361896ea18127c83d22	105	555	chatter:conversational opener; plan-mode:implementation plan
6abeb361896ea18127c83d2f	105	568	chatter:conversational opener; plan-mode:implementation plan
6abeb361896ea18127c83d39	105	578	chatter:conversational opener; plan-mode:implementation plan
6abeb361896ea18127c83d3c	105	581	chatter:conversational opener; plan-mode:translation_plan
6abeb361896ea18127c83d4c	105	597	chatter:conversational opener; plan-mode:implementation plan
6abeb361896ea18127c83d5d	105	614	chatter:conversational opener; plan-mode:implementation plan
6abeb361896ea18127c83d63	105	620	chatter:conversational opener; plan-mode:implementation plan
6abeb3a1896ea18127c83db7	106	4	chatter:conversational opener; plan-mode:translation_plan
6abeb3a1896ea18127c83dc0	106	13	chatter:conversational opener; plan-mode:implementation plan
6abeb3a1896ea18127c83dda	106	39	chatter:conversational opener; plan-mode:implementation plan
6abeb3a1896ea18127c83ddf	106	44	chatter:conversational opener; plan-mode:implementation plan
6abeb3a1896ea18127c83df6	106	67	chatter:conversational opener; plan-mode:implementation plan
6abeb3a1896ea18127c83df7	106	68	plan-mode:Please review
6abeb3a1896ea18127c83e0f	106	92	chatter:conversational opener; plan-mode:implementation plan
6abeb3a1896ea18127c83e29	106	118	chatter:conversational opener; plan-mode:implementation plan
6abeb3a1896ea18127c83e2e	106	123	chatter:conversational opener; plan-mode:translation_plan
6abeb3a1896ea18127c83e4a	106	151	chatter:conversational opener; plan-mode:translation_plan
6abeb3a1896ea18127c83e7f	106	204	chatter:conversational opener; plan-mode:implementation plan
6abeb3a1896ea18127c83e80	106	205	chatter:conversational opener; plan-mode:implementation plan
6abeb3a1896ea18127c83e84	106	209	chatter:conversational opener; plan-mode:implementation plan
6abeb3a1896ea18127c83ea1	106	238	chatter:conversational opener; plan-mode:implementation plan
6abeb3a1896ea18127c83ea9	106	246	chatter:conversational opener; plan-mode:translation_plan
6abeb3a1896ea18127c83ebe	106	267	chatter:conversational opener; plan-mode:implementation plan
6abeb3a1896ea18127c83f0f	106	348	chatter:conversational opener; plan-mode:implementation plan
6abeb3a1896ea18127c83f13	106	352	chatter:conversational opener; plan-mode:implementation plan
6abeb3a1896ea18127c83f2d	106	378	chatter:conversational opener; plan-mode:implementation plan
6abeb3a1896ea18127c83f29	106	374	chatter:conversational opener; plan-mode:implementation plan
6abeb3a1896ea18127c83f30	106	381	chatter:conversational opener; plan-mode:implementation plan
6abeb3a1896ea18127c83f48	106	405	chatter:conversational opener; plan-mode:translation_plan
6abeb3a1896ea18127c83f76	106	451	chatter:conversational opener; plan-mode:implementation plan
6abeb3a1896ea18127c83f7e	106	459	chatter:conversational opener; plan-mode:implementation plan
6abeb3a1896ea18127c83f8d	106	474	chatter:conversational opener; plan-mode:implementation plan
6abeb3a1896ea18127c83fa9	106	502	chatter:conversational opener; plan-mode:implementation plan
6abeb3a1896ea18127c83fc4	106	529	chatter:conversational opener; plan-mode:implementation plan
6abeb3d8896ea18127c83ff9	107	10	chatter:conversational opener; plan-mode:implementation plan
6abeb3d8896ea18127c83ffb	107	12	chatter:conversational opener; plan-mode:translation_plan
6abeb3d8896ea18127c84003	107	20	chatter:conversational opener; plan-mode:implementation plan
6abeb3d8896ea18127c8401a	107	43	chatter:conversational opener; plan-mode:translation_plan
6abeb3d8896ea18127c8401c	107	45	chatter:conversational opener; plan-mode:implementation plan
6abeb3d8896ea18127c84048	107	89	chatter:conversational opener; plan-mode:implementation plan
6abeb3d8896ea18127c8405f	107	112	chatter:conversational opener; plan-mode:translation_plan
6abeb3d8896ea18127c84083	107	148	chatter:conversational opener; plan-mode:implementation plan
6abeb3d8896ea18127c8408b	107	156	chatter:conversational opener; plan-mode:implementation plan
6abeb3d8896ea18127c8408d	107	158	chatter:conversational opener; plan-mode:implementation plan
6abeb3d8896ea18127c8408c	107	157	chatter:conversational opener; plan-mode:implementation plan
6abeb3d8896ea18127c8409c	107	173	chatter:conversational opener; plan-mode:implementation plan
6abeb3d8896ea18127c840b0	107	193	chatter:conversational opener; plan-mode:translation_plan
6abeb3d8896ea18127c840b5	107	198	chatter:conversational opener; plan-mode:implementation plan
6abeb3d8896ea18127c840e6	107	247	chatter:conversational opener; plan-mode:implementation plan
6abeb3d8896ea18127c840e9	107	250	chatter:conversational opener; plan-mode:implementation plan
6abeb3d8896ea18127c84109	107	282	chatter:conversational opener; plan-mode:implementation plan
6abeb3d8896ea18127c84122	107	307	chatter:conversational opener; plan-mode:translation_plan
6abeb3d8896ea18127c84138	107	329	reasoning-leak:reasoning:the prompt says; plan-mode:the user prompt; door:reasoning-leak
6abeb3d8896ea18127c84143	107	340	chatter:conversational opener; plan-mode:implementation plan
6abeb3d8896ea18127c84144	107	341	plan-mode:Please review
6abeb3d8896ea18127c8414b	107	348	chatter:conversational opener; plan-mode:implementation plan
6abeb3d8896ea18127c84156	107	359	chatter:conversational opener; plan-mode:implementation plan
6abeb3d8896ea18127c8417b	107	396	chatter:conversational opener; plan-mode:implementation plan
6abeb3d8896ea18127c84186	107	407	chatter:conversational opener; plan-mode:translation_plan
6abeb3d8896ea18127c84187	107	408	chatter:conversational opener; plan-mode:translation_plan
6abeb3d8896ea18127c8418f	107	416	chatter:conversational opener; plan-mode:implementation plan
6abeb3d8896ea18127c8419c	107	429	chatter:conversational opener; plan-mode:implementation plan
6abeb3d8896ea18127c841bb	107	460	chatter:conversational opener; plan-mode:implementation plan
6abeb3d8896ea18127c841cd	107	478	chatter:conversational opener; plan-mode:implementation plan
6abeb3d8896ea18127c841ce	107	479	chatter:conversational opener; plan-mode:implementation plan
6abeb3d8896ea18127c841d1	107	482	chatter:conversational opener; plan-mode:translation_plan
6abeb3d8896ea18127c841ee	107	511	chatter:conversational opener; plan-mode:translation_plan
6abeb3d8896ea18127c841fa	107	523	chatter:conversational opener; plan-mode:translation_plan
6abeb3d8896ea18127c841fd	107	526	chatter:conversational opener; plan-mode:implementation plan
6abeb3d8896ea18127c841ff	107	528	chatter:conversational opener; plan-mode:implementation plan
6abeb3d8896ea18127c8420f	107	544	chatter:conversational opener; plan-mode:implementation plan
6abeb3d8896ea18127c8421e	107	559	chatter:conversational opener; plan-mode:implementation plan
6abeb3d8896ea18127c84221	107	562	chatter:conversational opener; plan-mode:implementation plan
6abeb3d8896ea18127c84228	107	569	chatter:conversational opener; plan-mode:implementation plan
6abeb3d8896ea18127c8422d	107	574	chatter:conversational opener; plan-mode:implementation plan
6abeb406896ea18127c8423d	108	6	chatter:conversational opener; plan-mode:implementation plan
6abeb406896ea18127c84250	108	25	chatter:conversational opener; plan-mode:implementation plan
6abeb406896ea18127c84258	108	33	chatter:conversational opener; plan-mode:implementation plan
6abeb406896ea18127c8425c	108	37	chatter:conversational opener; plan-mode:implementation plan
6abeb406896ea18127c84268	108	49	chatter:conversational opener; plan-mode:implementation plan
6abeb406896ea18127c8426a	108	51	chatter:conversational opener; plan-mode:translation_plan
6abeb406896ea18127c84296	108	95	chatter:conversational opener; plan-mode:implementation plan
6abeb406896ea18127c842b1	108	122	chatter:conversational opener; plan-mode:implementation plan
6abeb406896ea18127c842de	108	167	chatter:conversational opener; plan-mode:implementation plan
6abeb406896ea18127c84314	108	221	chatter:conversational opener; plan-mode:implementation plan
6abeb406896ea18127c84317	108	224	chatter:conversational opener; plan-mode:implementation plan
6abeb406896ea18127c84319	108	226	chatter:conversational opener; plan-mode:implementation plan
6abeb406896ea18127c84339	108	258	chatter:conversational opener; plan-mode:implementation plan
6abeb406896ea18127c84344	108	269	chatter:conversational opener; plan-mode:implementation plan
6abeb406896ea18127c8434d	108	278	chatter:conversational opener; plan-mode:implementation plan
6abeb406896ea18127c84356	108	287	chatter:conversational opener; plan-mode:implementation plan
6abeb406896ea18127c8438e	108	343	chatter:conversational opener; plan-mode:implementation plan
6abeb406896ea18127c8439b	108	356	chatter:conversational opener; plan-mode:implementation plan
6abeb406896ea18127c843c4	108	397	chatter:conversational opener; plan-mode:implementation plan
6abeb406896ea18127c843d0	108	409	chatter:conversational opener; plan-mode:implementation plan
6abeb406896ea18127c843e5	108	430	chatter:conversational opener; plan-mode:implementation plan
6abeb406896ea18127c843ec	108	437	chatter:conversational opener; plan-mode:translation_plan
6abeb406896ea18127c84408	108	465	chatter:conversational opener; plan-mode:translation_plan
6abeb406896ea18127c84410	108	473	chatter:conversational opener; plan-mode:implementation plan
6abeb406896ea18127c84413	108	476	chatter:conversational opener; plan-mode:implementation plan
6abeb406896ea18127c84447	108	528	chatter:conversational opener; plan-mode:translation_plan
6abeb406896ea18127c84449	108	530	chatter:conversational opener; plan-mode:implementation plan
6abeb406896ea18127c8444b	108	532	chatter:conversational opener; plan-mode:implementation plan
6abeb406896ea18127c84459	108	546	chatter:conversational opener; plan-mode:implementation plan
6abeb406896ea18127c8446c	108	565	chatter:conversational opener; plan-mode:implementation plan
6abeb406896ea18127c8446d	108	566	chatter:conversational opener; plan-mode:translation_plan
6abeb406896ea18127c84475	108	574	chatter:conversational opener; plan-mode:implementation plan
6abeb406896ea18127c84482	108	587	chatter:conversational opener; plan-mode:implementation plan
6abeb406896ea18127c84485	108	590	chatter:conversational opener; plan-mode:translation_plan
6abeb406896ea18127c844af	108	632	chatter:conversational opener; plan-mode:implementation plan
6abeb442896ea18127c844d0	109	29	chatter:conversational opener; plan-mode:implementation plan
6abeb442896ea18127c844e4	109	49	chatter:conversational opener; plan-mode:implementation plan
6abeb442896ea18127c844e7	109	52	chatter:conversational opener; plan-mode:implementation plan
6abeb442896ea18127c844ec	109	57	chatter:conversational opener; plan-mode:translation_plan
6abeb442896ea18127c844ff	109	76	chatter:conversational opener; plan-mode:implementation plan
6abeb442896ea18127c84502	109	79	chatter:conversational opener; plan-mode:implementation plan
6abeb442896ea18127c84503	109	80	chatter:conversational opener; plan-mode:implementation plan
6abeb442896ea18127c8452d	109	122	chatter:conversational opener; plan-mode:implementation plan
6abeb442896ea18127c8453a	109	135	chatter:conversational opener; plan-mode:implementation plan
6abeb442896ea18127c84544	109	145	chatter:conversational opener; plan-mode:implementation plan
6abeb442896ea18127c8454b	109	152	chatter:conversational opener; plan-mode:implementation plan
6abeb442896ea18127c8454f	109	156	chatter:conversational opener; plan-mode:implementation plan
6abeb442896ea18127c84554	109	161	chatter:conversational opener; plan-mode:implementation plan
6abeb442896ea18127c84557	109	164	plan-mode:Please review
6abeb442896ea18127c8455e	109	171	chatter:conversational opener; plan-mode:implementation plan
6abeb442896ea18127c8456a	109	183	chatter:conversational opener; plan-mode:implementation plan
6abeb442896ea18127c8458f	109	220	chatter:conversational opener; plan-mode:translation_plan
6abeb442896ea18127c845ab	109	248	chatter:conversational opener; plan-mode:implementation plan
6abeb442896ea18127c845b0	109	253	chatter:conversational opener; plan-mode:implementation plan
6abeb442896ea18127c845cf	109	284	chatter:conversational opener; plan-mode:translation_plan
6abeb442896ea18127c845e6	109	307	chatter:conversational opener; plan-mode:implementation plan
6abeb442896ea18127c84606	109	339	chatter:conversational opener; plan-mode:implementation plan
6abeb442896ea18127c84615	109	354	chatter:conversational opener; plan-mode:implementation plan
6abeb442896ea18127c84631	109	382	chatter:conversational opener; plan-mode:implementation plan
6abeb442896ea18127c8468e	109	475	chatter:conversational opener; plan-mode:implementation plan
6abeb442896ea18127c84696	109	483	chatter:conversational opener; plan-mode:implementation plan
6abeb442896ea18127c846ce	109	539	chatter:conversational opener; plan-mode:implementation plan
6abeb442896ea18127c846d1	109	542	chatter:conversational opener; plan-mode:implementation plan
6abeb442896ea18127c846d8	109	549	chatter:conversational opener; plan-mode:implementation plan
6abeb442896ea18127c84700	109	589	chatter:conversational opener; plan-mode:implementation plan
6abeb442896ea18127c84708	109	597	chatter:conversational opener; plan-mode:implementation plan
6abeb442896ea18127c84712	109	607	chatter:conversational opener; plan-mode:translation_plan
6abeb442896ea18127c8471d	109	618	chatter:conversational opener; plan-mode:implementation plan
6abeb442896ea18127c84723	109	624	chatter:conversational opener; plan-mode:implementation plan
6abeb4ba896ea18127c84737	110	16	chatter:conversational opener; plan-mode:implementation plan
6abeb4ba896ea18127c84754	110	45	chatter:conversational opener; plan-mode:implementation plan
6abeb4ba896ea18127c84758	110	49	chatter:conversational opener; plan-mode:implementation plan
6abeb4ba896ea18127c84781	110	90	chatter:conversational opener; plan-mode:implementation plan
6abeb4ba896ea18127c847b9	110	146	chatter:conversational opener; plan-mode:implementation plan
6abeb4ba896ea18127c847c1	110	154	chatter:conversational opener; plan-mode:implementation plan
6abeb4ba896ea18127c847cf	110	168	chatter:conversational opener; plan-mode:implementation plan
6abeb4ba896ea18127c847d2	110	171	chatter:conversational opener; plan-mode:implementation plan
6abeb4ba896ea18127c84809	110	226	chatter:conversational opener; plan-mode:implementation plan
6abeb4ba896ea18127c8481b	110	244	chatter:conversational opener; plan-mode:implementation plan
6abeb4ba896ea18127c8481e	110	247	chatter:conversational opener; plan-mode:implementation plan
6abeb4ba896ea18127c8481c	110	245	chatter:conversational opener; plan-mode:implementation plan
6abeb4ba896ea18127c84820	110	249	chatter:conversational opener; plan-mode:plan.md
6abeb4ba896ea18127c8482a	110	259	chatter:conversational opener; plan-mode:implementation plan
6abeb4ba896ea18127c8482c	110	261	chatter:conversational opener; plan-mode:implementation plan
6abeb4ba896ea18127c8483b	110	276	chatter:conversational opener; plan-mode:implementation plan
6abeb4ba896ea18127c8484f	110	296	reasoning-leak:reasoning:I will output the final translation adhering strictly to you; plan-mode:Please review; door:reasoning-leak
6abeb4ba896ea18127c8485a	110	307	chatter:conversational opener; plan-mode:implementation plan
6abeb4ba896ea18127c84860	110	313	chatter:conversational opener; plan-mode:implementation plan
6abeb4ba896ea18127c84869	110	322	chatter:conversational opener; plan-mode:implementation plan
6abeb4ba896ea18127c8487e	110	343	chatter:conversational opener; plan-mode:Please review
6abeb4ba896ea18127c84889	110	354	chatter:conversational opener; plan-mode:implementation plan
6abeb4ba896ea18127c848ab	110	388	chatter:conversational opener; plan-mode:implementation plan
6abeb4ba896ea18127c848b8	110	401	chatter:conversational opener; plan-mode:implementation plan
6abeb4ba896ea18127c848f0	110	457	chatter:conversational opener; plan-mode:translation_plan
6abeb4ba896ea18127c848f8	110	465	chatter:conversational opener; plan-mode:implementation plan
6abeb4ba896ea18127c8490c	110	485	chatter:conversational opener; plan-mode:translation_plan
6abeb4ba896ea18127c84929	110	514	chatter:conversational opener; plan-mode:implementation plan
6abeb4ba896ea18127c8492d	110	518	chatter:conversational opener; plan-mode:implementation plan
6abeb4ba896ea18127c84931	110	522	chatter:conversational opener; plan-mode:implementation plan
6abeb4ba896ea18127c84943	110	540	chatter:conversational opener; plan-mode:implementation plan
6abeb4ba896ea18127c8494b	110	548	chatter:conversational opener; plan-mode:implementation plan
6abeb4ba896ea18127c8496e	110	583	chatter:conversational opener; plan-mode:translation_plan
6abeb4ba896ea18127c8498e	110	615	chatter:conversational opener; plan-mode:implementation plan
6abeb4ba896ea18127c849a5	110	638	chatter:conversational opener; plan-mode:implementation plan
6abeb4ba896ea18127c849b5	110	654	chatter:conversational opener; plan-mode:implementation plan
6abeb4ba896ea18127c849ba	110	659	chatter:conversational opener; plan-mode:implementation plan
6abeb4ba896ea18127c849b6	110	655	chatter:conversational opener; plan-mode:implementation plan
6abeb4ba896ea18127c849c4	110	669	chatter:conversational opener; plan-mode:implementation plan
6abeb4ba896ea18127c849c9	110	674	chatter:conversational opener; plan-mode:implementation plan
6abeb4e8896ea18127c849f6	111	1	chatter:conversational opener; plan-mode:implementation plan
6abeb4e8896ea18127c84a07	111	18	chatter:conversational opener; plan-mode:implementation plan
6abeb4e8896ea18127c84a0d	111	24	chatter:conversational opener; plan-mode:implementation plan
6abeb4e8896ea18127c84a10	111	27	chatter:conversational opener; plan-mode:implementation plan
6abeb4e8896ea18127c84a16	111	33	chatter:conversational opener; plan-mode:implementation plan
6abeb4e8896ea18127c84a2a	111	53	chatter:conversational opener; plan-mode:output contract
6abeb4e8896ea18127c84a31	111	60	chatter:conversational opener; plan-mode:translation_plan
6abeb4e8896ea18127c84a3e	111	73	chatter:conversational opener; plan-mode:implementation plan
6abeb4e8896ea18127c84a3f	111	74	chatter:conversational opener; plan-mode:implementation plan
6abeb4e8896ea18127c84a55	111	96	chatter:conversational opener; plan-mode:implementation plan
6abeb4e8896ea18127c84a79	111	132	chatter:conversational opener; plan-mode:translation_plan
6abeb4e8896ea18127c84a9a	111	165	chatter:conversational opener; plan-mode:implementation plan
6abeb4e8896ea18127c84aa0	111	171	chatter:conversational opener; plan-mode:implementation plan
6abeb4e8896ea18127c84aa9	111	180	chatter:conversational opener; plan-mode:implementation plan
6abeb4e8896ea18127c84ac9	111	212	chatter:conversational opener; plan-mode:implementation plan
6abeb4e8896ea18127c84ad3	111	222	chatter:conversational opener; plan-mode:implementation plan
6abeb4e8896ea18127c84ae4	111	239	chatter:conversational opener; plan-mode:implementation plan
6abeb4e8896ea18127c84ae8	111	243	chatter:conversational opener; plan-mode:implementation plan
6abeb4e8896ea18127c84ae9	111	244	chatter:conversational opener; plan-mode:implementation plan
6abeb4e8896ea18127c84aed	111	248	chatter:conversational opener; plan-mode:implementation plan
6abeb4e8896ea18127c84b02	111	269	chatter:conversational opener; plan-mode:implementation plan
6abeb4e8896ea18127c84b0a	111	277	chatter:conversational opener; plan-mode:implementation plan
6abeb4e8896ea18127c84b15	111	288	chatter:conversational opener; plan-mode:implementation plan
6abeb4e8896ea18127c84b1e	111	297	chatter:conversational opener; plan-mode:implementation plan
6abeb4e8896ea18127c84b24	111	303	chatter:conversational opener; plan-mode:translation_plan
6abeb4e8896ea18127c84b2e	111	313	chatter:conversational opener; plan-mode:implementation plan
6abeb4e8896ea18127c84b4a	111	341	chatter:conversational opener; plan-mode:implementation plan
6abeb4e8896ea18127c84b68	111	371	chatter:conversational opener; plan-mode:translation_plan
6abeb4e8896ea18127c84b70	111	379	chatter:conversational opener; plan-mode:implementation plan
6abeb4e8896ea18127c84b73	111	382	chatter:conversational opener; plan-mode:implementation plan
6abeb4e8896ea18127c84b7a	111	389	chatter:conversational opener; plan-mode:implementation plan
6abeb4e8896ea18127c84b9c	111	423	chatter:conversational opener; plan-mode:implementation plan
6abeb4e8896ea18127c84ba8	111	435	plan-mode:Please review
6abeb4e8896ea18127c84bb7	111	450	chatter:conversational opener; plan-mode:implementation plan
6abeb4e8896ea18127c84bc1	111	460	chatter:conversational opener; plan-mode:implementation plan
6abeb4e8896ea18127c84be6	111	497	chatter:conversational opener; plan-mode:implementation plan
6abeb4e8896ea18127c84bed	111	504	chatter:conversational opener; plan-mode:implementation plan
6abeb4e8896ea18127c84bf9	111	516	plan-mode:Please review
6abeb4e8896ea18127c84bfb	111	518	chatter:conversational opener; plan-mode:translation_plan
6abeb4e8896ea18127c84c04	111	527	chatter:conversational opener; plan-mode:translation_plan
6abeb4e8896ea18127c84c07	111	530	chatter:conversational opener; plan-mode:translation_plan
6abeb4e8896ea18127c84c12	111	541	chatter:conversational opener; plan-mode:implementation plan
6abeb4e8896ea18127c84c1e	111	553	chatter:conversational opener; plan-mode:implementation plan
6abeb4e8896ea18127c84c53	111	606	chatter:conversational opener; plan-mode:implementation plan
6abeb4e8896ea18127c84c58	111	611	chatter:conversational opener; plan-mode:implementation plan
6abeb51e896ea18127c84c6e	112	5	chatter:conversational opener; plan-mode:implementation plan
6abeb51e896ea18127c84c74	112	11	chatter:conversational opener; plan-mode:implementation plan
6abeb51e896ea18127c84ca0	112	55	chatter:conversational opener; plan-mode:implementation plan
6abeb51e896ea18127c84cd5	112	108	chatter:conversational opener; plan-mode:translation_plan
6abeb51e896ea18127c84cf5	112	140	chatter:conversational opener; plan-mode:implementation plan
6abeb51e896ea18127c84cfe	112	149	chatter:conversational opener; plan-mode:implementation plan
6abeb51e896ea18127c84d01	112	152	chatter:conversational opener; plan-mode:translation_plan
6abeb51e896ea18127c84d13	112	170	chatter:conversational opener; plan-mode:implementation plan
6abeb51e896ea18127c84d1c	112	179	chatter:conversational opener; plan-mode:implementation plan
6abeb51e896ea18127c84d2e	112	197	chatter:conversational opener; plan-mode:translation_plan
6abeb51e896ea18127c84d33	112	202	chatter:conversational opener; plan-mode:implementation plan
6abeb51e896ea18127c84d48	112	223	chatter:conversational opener; plan-mode:implementation plan
6abeb51e896ea18127c84d6e	112	261	plan-mode:implementation plan
6abeb51e896ea18127c84d8a	112	289	chatter:conversational opener; plan-mode:implementation plan
6abeb51e896ea18127c84dab	112	322	chatter:conversational opener; plan-mode:translation_plan
6abeb51e896ea18127c84df0	112	391	chatter:conversational opener; plan-mode:implementation plan
6abeb51e896ea18127c84def	112	390	chatter:conversational opener; plan-mode:implementation plan
6abeb51e896ea18127c84df2	112	393	chatter:conversational opener; plan-mode:implementation plan
6abeb51e896ea18127c84e06	112	413	chatter:conversational opener; plan-mode:implementation plan
6abeb51e896ea18127c84e24	112	443	chatter:conversational opener; plan-mode:translation_plan
6abeb51e896ea18127c84e2e	112	453	chatter:conversational opener; plan-mode:implementation plan
6abeb51e896ea18127c84e34	112	459	chatter:conversational opener; plan-mode:implementation plan
6abeb51e896ea18127c84e42	112	473	chatter:conversational opener; plan-mode:implementation plan
6abeb51e896ea18127c84e64	112	507	chatter:conversational opener; plan-mode:implementation plan
6abed3fd896ea18127c8d280	174	12	chatter:conversational opener; plan-mode:implementation plan
6abed3fd896ea18127c8d288	174	20	chatter:conversational opener; plan-mode:implementation plan
6abed3fd896ea18127c8d28c	174	24	chatter:conversational opener; plan-mode:implementation plan
6abed3fd896ea18127c8d294	174	32	chatter:conversational opener; plan-mode:implementation plan
6abed3fd896ea18127c8d298	174	36	chatter:conversational opener; plan-mode:translation_plan
6abed3fd896ea18127c8d29a	174	38	chatter:conversational opener; plan-mode:implementation plan
6abed3fd896ea18127c8d2a4	174	48	chatter:conversational opener; plan-mode:implementation plan
6abed3fd896ea18127c8d2a7	174	51	plan-mode:Please review
6abed3fd896ea18127c8d2b5	174	65	chatter:conversational opener; plan-mode:implementation plan
6abed3fd896ea18127c8d2be	174	74	chatter:conversational opener; plan-mode:implementation plan
6abed3fd896ea18127c8d2c2	174	78	chatter:conversational opener; plan-mode:implementation plan
6abed3fd896ea18127c8d2ca	174	86	chatter:conversational opener; plan-mode:Please review
6abed3fd896ea18127c8d2d8	174	100	chatter:conversational opener; plan-mode:implementation plan
6abed3fd896ea18127c8d30f	174	155	chatter:conversational opener; plan-mode:implementation plan
6abed3fd896ea18127c8d319	174	165	chatter:conversational opener; plan-mode:implementation plan
6abed3fd896ea18127c8d31c	174	168	chatter:conversational opener; plan-mode:implementation plan
6abed3fd896ea18127c8d31d	174	169	chatter:conversational opener; plan-mode:implementation plan
6abed3fd896ea18127c8d31f	174	171	chatter:conversational opener; plan-mode:translation_plan
6abed3fd896ea18127c8d323	174	175	chatter:conversational opener; plan-mode:implementation plan
6abed3fd896ea18127c8d327	174	179	chatter:conversational opener; plan-mode:implementation plan
6abed3fd896ea18127c8d34a	174	214	chatter:conversational opener; plan-mode:translation_plan
6abed3fd896ea18127c8d369	174	245	chatter:conversational opener; plan-mode:implementation plan
6abed3fd896ea18127c8d376	174	258	chatter:conversational opener; plan-mode:implementation plan
6abed3fd896ea18127c8d395	174	289	chatter:conversational opener; plan-mode:translation_plan
6abed3fd896ea18127c8d3a7	174	307	chatter:conversational opener; plan-mode:implementation plan
6abed3fd896ea18127c8d3aa	174	310	chatter:conversational opener; plan-mode:implementation plan
6abed3fd896ea18127c8d3ab	174	311	chatter:conversational opener; plan-mode:implementation plan
6abed3fd896ea18127c8d3b0	174	316	chatter:conversational opener; plan-mode:implementation plan
6abed3fd896ea18127c8d3fc	174	392	chatter:conversational opener; plan-mode:implementation plan
6abed3fd896ea18127c8d422	174	430	chatter:conversational opener; plan-mode:translation_plan
6abed3fd896ea18127c8d42b	174	439	chatter:conversational opener; plan-mode:implementation plan
6abed3fd896ea18127c8d431	174	445	chatter:conversational opener; plan-mode:implementation plan
6abed3fd896ea18127c8d441	174	461	chatter:conversational opener; plan-mode:implementation plan
6abed3fd896ea18127c8d44c	174	472	chatter:conversational opener; plan-mode:implementation plan
6abed3fd896ea18127c8d471	174	509	chatter:conversational opener; plan-mode:implementation plan
6abed3fd896ea18127c8d479	174	517	chatter:conversational opener; plan-mode:implementation plan
6abed3fd896ea18127c8d486	174	530	plan-mode:/plan
6abed3fd896ea18127c8d4a4	174	560	chatter:conversational opener; plan-mode:implementation plan
6abed3fd896ea18127c8d4ad	174	569	chatter:conversational opener; plan-mode:implementation plan
6abed3fd896ea18127c8d4b0	174	572	chatter:conversational opener; plan-mode:implementation plan
6abed3fd896ea18127c8d4c0	174	588	chatter:conversational opener; plan-mode:implementation plan
6abed3fd896ea18127c8d4d2	174	606	chatter:conversational opener; plan-mode:implementation plan
6abed3fd896ea18127c8d4de	174	618	chatter:conversational opener; plan-mode:implementation plan
6abed3fd896ea18127c8d502	174	654	chatter:conversational opener; plan-mode:implementation plan
6abed3fd896ea18127c8d500	174	652	chatter:conversational opener; plan-mode:implementation plan
6abed3fd896ea18127c8d525	174	689	chatter:conversational opener; plan-mode:implementation plan
6abed3fd896ea18127c8d524	174	688	chatter:conversational opener; plan-mode:translation_plan
6abed3fd896ea18127c8d53e	174	714	chatter:conversational opener; plan-mode:implementation plan
6abed3fd896ea18127c8d540	174	716	chatter:conversational opener; plan-mode:translation_plan
6abed3fd896ea18127c8d53f	174	715	chatter:conversational opener; plan-mode:implementation plan
6abed42d896ea18127c8d555	175	4	chatter:conversational opener; plan-mode:implementation plan
6abed42d896ea18127c8d556	175	5	chatter:conversational opener; plan-mode:implementation plan
6abed42d896ea18127c8d55c	175	11	chatter:conversational opener; plan-mode:implementation plan
6abed42d896ea18127c8d573	175	34	chatter:conversational opener; plan-mode:implementation plan
6abed42d896ea18127c8d57b	175	42	chatter:conversational opener; plan-mode:implementation plan
6abed42d896ea18127c8d586	175	53	chatter:conversational opener; plan-mode:implementation plan
6abed42d896ea18127c8d592	175	65	chatter:conversational opener; plan-mode:plan.md
6abed42d896ea18127c8d599	175	72	chatter:conversational opener; plan-mode:implementation plan
6abed42d896ea18127c8d5a3	175	82	chatter:conversational opener; plan-mode:implementation plan
6abed42d896ea18127c8d5a8	175	87	chatter:conversational opener; plan-mode:translation_plan
6abed42d896ea18127c8d5ae	175	93	chatter:conversational opener; plan-mode:translation_plan
6abed42d896ea18127c8d5b7	175	102	chatter:conversational opener; plan-mode:implementation plan
6abed42d896ea18127c8d5b5	175	100	chatter:conversational opener; plan-mode:implementation plan
6abed42d896ea18127c8d5e9	175	152	chatter:conversational opener; plan-mode:implementation plan
6abed42d896ea18127c8d60e	175	189	chatter:conversational opener; plan-mode:implementation plan; door:collapsed
6abed42d896ea18127c8d612	175	193	chatter:conversational opener; plan-mode:implementation plan
6abed42d896ea18127c8d617	175	198	chatter:conversational opener; plan-mode:implementation plan
6abed42d896ea18127c8d634	175	227	chatter:conversational opener; plan-mode:implementation plan
6abed42d896ea18127c8d63c	175	235	chatter:conversational opener; plan-mode:implementation plan
6abed42d896ea18127c8d64c	175	251	chatter:conversational opener; plan-mode:implementation plan
6abed42d896ea18127c8d650	175	255	chatter:conversational opener; plan-mode:implementation plan
6abed42d896ea18127c8d652	175	257	chatter:conversational opener; plan-mode:implementation plan
6abed42d896ea18127c8d661	175	272	chatter:conversational opener; plan-mode:implementation plan
6abed42d896ea18127c8d66b	175	282	chatter:conversational opener; plan-mode:implementation plan
6abed42d896ea18127c8d675	175	292	chatter:conversational opener; plan-mode:implementation plan
6abed42d896ea18127c8d677	175	294	chatter:conversational opener; plan-mode:implementation plan
6abed42d896ea18127c8d678	175	295	chatter:conversational opener; plan-mode:implementation plan
6abed42d896ea18127c8d680	175	303	chatter:conversational opener; plan-mode:translation_plan
6abed42d896ea18127c8d68e	175	317	chatter:conversational opener; plan-mode:implementation plan
6abed42d896ea18127c8d694	175	323	chatter:conversational opener; plan-mode:translation_plan
6abed42d896ea18127c8d696	175	325	plan-mode:/plan; door:runaway
6abed42d896ea18127c8d6a0	175	335	chatter:conversational opener; plan-mode:translation_plan
6abed42d896ea18127c8d6b7	175	358	chatter:conversational opener; plan-mode:implementation plan
6abed42d896ea18127c8d6be	175	365	chatter:conversational opener; plan-mode:implementation plan
6abed42d896ea18127c8d6cc	175	379	chatter:conversational opener; plan-mode:translation_plan
6abed42d896ea18127c8d6ce	175	381	chatter:conversational opener; plan-mode:implementation plan
6abed42d896ea18127c8d6da	175	393	chatter:conversational opener; plan-mode:translation_plan
6abed42d896ea18127c8d6dc	175	395	chatter:conversational opener; plan-mode:implementation plan
6abed42d896ea18127c8d6e8	175	407	chatter:conversational opener; plan-mode:implementation plan
6abed42d896ea18127c8d707	175	438	chatter:conversational opener; plan-mode:translation_plan
6abed42d896ea18127c8d714	175	451	chatter:conversational opener; plan-mode:implementation plan
6abed42d896ea18127c8d720	175	463	chatter:conversational opener; plan-mode:implementation plan
6abed42d896ea18127c8d727	175	470	chatter:conversational opener; plan-mode:implementation plan
6abed42d896ea18127c8d73b	175	490	chatter:conversational opener; plan-mode:implementation plan
6abed42d896ea18127c8d739	175	488	chatter:conversational opener; plan-mode:implementation plan
6abed42d896ea18127c8d746	175	501	chatter:conversational opener; plan-mode:implementation plan
6abed42d896ea18127c8d74d	175	508	chatter:conversational opener; plan-mode:implementation plan
6abed42d896ea18127c8d753	175	514	plan-mode:Please review
6abed42d896ea18127c8d75c	175	523	chatter:conversational opener; plan-mode:implementation plan
6abed42d896ea18127c8d76e	175	541	chatter:conversational opener; plan-mode:implementation plan
6abed42d896ea18127c8d787	175	566	chatter:conversational opener; plan-mode:implementation plan
6abed42d896ea18127c8d798	175	583	chatter:conversational opener; plan-mode:implementation plan
6abed42d896ea18127c8d7a5	175	596	chatter:conversational opener; plan-mode:translation_plan
6abed42d896ea18127c8d7b2	175	609	chatter:conversational opener; plan-mode:implementation plan
6abed42d896ea18127c8d7da	175	649	chatter:conversational opener; plan-mode:translation_plan
6abed42d896ea18127c8d7f0	175	671	chatter:conversational opener; plan-mode:implementation plan
6abed42d896ea18127c8d7f4	175	675	chatter:conversational opener; plan-mode:implementation plan
6abed42d896ea18127c8d7f7	175	678	chatter:conversational opener; plan-mode:implementation plan
6abed42d896ea18127c8d7f8	175	679	chatter:conversational opener; plan-mode:translation_plan
6abed47c896ea18127c8d831	176	15	chatter:conversational opener; plan-mode:implementation plan
6abed47c896ea18127c8d833	176	17	chatter:conversational opener; plan-mode:implementation plan
6abed47c896ea18127c8d85d	176	59	chatter:conversational opener; plan-mode:implementation plan
6abed47c896ea18127c8d862	176	64	chatter:conversational opener; plan-mode:implementation plan
6abed47c896ea18127c8d891	176	111	chatter:conversational opener; plan-mode:implementation plan
6abed47c896ea18127c8d8a4	176	130	chatter:conversational opener; plan-mode:implementation plan
6abed47c896ea18127c8d8a6	176	132	chatter:conversational opener; plan-mode:implementation plan
6abed47c896ea18127c8d8e7	176	197	chatter:conversational opener; plan-mode:implementation plan
6abed47c896ea18127c8d8eb	176	201	plan-mode:Please review; door:collapsed
6abed47c896ea18127c8d8f0	176	206	plan-mode:Please review
6abed47c896ea18127c8d90a	176	232	chatter:conversational opener; plan-mode:implementation plan
6abed47c896ea18127c8d905	176	227	chatter:conversational opener; plan-mode:implementation plan
6abed47c896ea18127c8d927	176	261	door:runaway
6abed47c896ea18127c8d940	176	286	chatter:conversational opener; plan-mode:implementation plan
6abed47c896ea18127c8d97a	176	344	chatter:conversational opener; plan-mode:implementation plan
6abed47c896ea18127c8d98d	176	363	chatter:conversational opener; plan-mode:implementation plan
6abed47c896ea18127c8d9a3	176	385	chatter:conversational opener; plan-mode:implementation plan
6abed47c896ea18127c8d9ab	176	393	chatter:conversational opener; plan-mode:implementation plan
6abed47c896ea18127c8d9ca	176	424	chatter:conversational opener; plan-mode:implementation plan
6abed47c896ea18127c8d9cf	176	429	chatter:conversational opener; plan-mode:implementation plan
6abed47c896ea18127c8d9df	176	445	chatter:conversational opener; plan-mode:implementation plan
6abed47c896ea18127c8d9e8	176	454	chatter:conversational opener; plan-mode:implementation plan
6abed47c896ea18127c8d9fd	176	475	chatter:conversational opener; plan-mode:translation_plan
6abed47c896ea18127c8da18	176	502	chatter:conversational opener; plan-mode:implementation plan
6abed47c896ea18127c8da2b	176	521	chatter:conversational opener; plan-mode:implementation plan
6abed47c896ea18127c8da2d	176	523	chatter:conversational opener; plan-mode:implementation plan
6abed47c896ea18127c8da2e	176	524	chatter:conversational opener; plan-mode:implementation plan
6abed47c896ea18127c8da2f	176	525	chatter:conversational opener; plan-mode:implementation plan
6abed47c896ea18127c8da8c	176	618	plan-mode:/plan
6abed47c896ea18127c8da9b	176	633	chatter:conversational opener; plan-mode:translation_plan
6abed4cf896ea18127c8dabd	177	9	chatter:conversational opener; plan-mode:implementation plan
6abed4cf896ea18127c8dad3	177	31	chatter:conversational opener; plan-mode:implementation plan
6abed4cf896ea18127c8dafd	177	73	chatter:conversational opener; plan-mode:translation_plan
6abed4cf896ea18127c8db38	177	132	chatter:conversational opener; plan-mode:implementation plan
6abed4cf896ea18127c8db3d	177	137	chatter:conversational opener; plan-mode:implementation plan
6abed4cf896ea18127c8db72	177	190	chatter:conversational opener; plan-mode:implementation plan
6abed4cf896ea18127c8db7c	177	200	chatter:conversational opener; plan-mode:implementation plan
6abed4cf896ea18127c8db87	177	211	chatter:conversational opener; plan-mode:implementation plan
6abed4cf896ea18127c8dba0	177	236	chatter:conversational opener; plan-mode:implementation plan
6abed4cf896ea18127c8db9c	177	232	chatter:conversational opener; plan-mode:translation_plan
6abed4cf896ea18127c8dba9	177	245	chatter:conversational opener; plan-mode:implementation plan
6abed4cf896ea18127c8dbb9	177	261	chatter:conversational opener; plan-mode:implementation plan
6abed4cf896ea18127c8dbc8	177	276	chatter:conversational opener; plan-mode:implementation plan
6abed4cf896ea18127c8dbed	177	313	chatter:conversational opener; plan-mode:implementation plan
6abed4cf896ea18127c8dbf6	177	322	chatter:conversational opener; plan-mode:translation_plan
6abed4cf896ea18127c8dbfa	177	326	chatter:conversational opener; plan-mode:implementation plan
6abed4cf896ea18127c8dc0d	177	345	chatter:conversational opener; plan-mode:implementation plan
6abed4cf896ea18127c8dc0c	177	344	chatter:conversational opener; plan-mode:implementation plan
6abed4cf896ea18127c8dc16	177	354	chatter:conversational opener; plan-mode:implementation plan
6abed4cf896ea18127c8dc0e	177	346	chatter:conversational opener; plan-mode:implementation plan
6abed4cf896ea18127c8dc34	177	384	chatter:conversational opener; plan-mode:implementation plan
6abed4cf896ea18127c8dc56	177	418	chatter:conversational opener; plan-mode:implementation plan
6abed4cf896ea18127c8dc57	177	419	chatter:conversational opener; plan-mode:implementation plan
6abed4cf896ea18127c8dc69	177	437	chatter:conversational opener; plan-mode:implementation plan
6abed4cf896ea18127c8dc6c	177	440	chatter:conversational opener; plan-mode:implementation plan
6abed4cf896ea18127c8dc7f	177	459	chatter:conversational opener; plan-mode:implementation plan
6abed4cf896ea18127c8dc90	177	476	chatter:conversational opener; plan-mode:implementation plan
6abed4cf896ea18127c8dcb9	177	517	chatter:conversational opener; plan-mode:implementation plan
6abed4cf896ea18127c8dcb6	177	514	chatter:conversational opener; plan-mode:translation_plan
6abed4cf896ea18127c8dcc5	177	529	chatter:conversational opener; plan-mode:implementation plan
6abed4cf896ea18127c8dcce	177	538	chatter:conversational opener; plan-mode:translation_plan
6abed4cf896ea18127c8dcd3	177	543	chatter:conversational opener; plan-mode:implementation plan
6abed4cf896ea18127c8dcd9	177	549	chatter:conversational opener; plan-mode:implementation plan
6abed4cf896ea18127c8dce6	177	562	chatter:conversational opener; plan-mode:translation_plan
6abed51b896ea18127c8dcf1	178	7	chatter:conversational opener; plan-mode:implementation plan
6abed51b896ea18127c8dcf8	178	14	chatter:conversational opener; plan-mode:implementation plan
6abed51b896ea18127c8dcf9	178	15	chatter:conversational opener; plan-mode:translation_plan
6abed51b896ea18127c8dd2a	178	64	chatter:conversational opener; plan-mode:implementation plan
6abed51b896ea18127c8dd30	178	70	plan-mode:Please review
6abed51b896ea18127c8dd2f	178	69	chatter:conversational opener; plan-mode:output contract
6abed51b896ea18127c8dd50	178	102	chatter:conversational opener; plan-mode:implementation plan
6abed51b896ea18127c8dd58	178	110	chatter:conversational opener; plan-mode:implementation plan
6abed51b896ea18127c8dd61	178	119	chatter:conversational opener; plan-mode:implementation plan
6abed51b896ea18127c8dd6b	178	129	chatter:conversational opener; plan-mode:implementation plan
6abed51b896ea18127c8dd6e	178	132	chatter:conversational opener; plan-mode:implementation plan
6abed51b896ea18127c8dd83	178	153	chatter:conversational opener; plan-mode:translation_plan
6abed51b896ea18127c8dd9c	178	178	chatter:conversational opener; plan-mode:implementation plan
6abed51b896ea18127c8ddc3	178	217	chatter:conversational opener; plan-mode:implementation plan
6abed51b896ea18127c8ddd0	178	230	chatter:conversational opener; plan-mode:implementation plan
6abed51b896ea18127c8ddd1	178	231	chatter:conversational opener; plan-mode:implementation plan
6abed51b896ea18127c8ddd6	178	236	reasoning-leak:reasoning:`<note>` tags; chatter:conversational opener; plan-mode:implementation plan; door:reasoning-leak
6abed51b896ea18127c8de02	178	280	chatter:conversational opener; plan-mode:implementation plan
6abed51b896ea18127c8de1f	178	309	chatter:conversational opener; plan-mode:implementation plan
6abed51b896ea18127c8de29	178	319	chatter:conversational opener; plan-mode:translation_plan
6abed51b896ea18127c8de43	178	345	chatter:conversational opener; plan-mode:implementation plan
6abed51b896ea18127c8de49	178	351	chatter:conversational opener; plan-mode:implementation plan
6abed51b896ea18127c8de51	178	359	chatter:conversational opener; plan-mode:implementation plan
6abed51b896ea18127c8de54	178	362	chatter:conversational opener; plan-mode:implementation plan
6abed51b896ea18127c8de5a	178	368	chatter:conversational opener; plan-mode:implementation plan
6abed51b896ea18127c8de62	178	376	chatter:conversational opener; plan-mode:implementation plan
6abed51b896ea18127c8de6d	178	387	chatter:conversational opener; plan-mode:implementation plan
6abed51b896ea18127c8de81	178	407	chatter:conversational opener; plan-mode:implementation plan
6abed51b896ea18127c8de8d	178	419	chatter:conversational opener; plan-mode:implementation plan
6abed51b896ea18127c8de9b	178	433	chatter:conversational opener; plan-mode:implementation plan
6abed51b896ea18127c8dead	178	451	chatter:conversational opener; plan-mode:implementation plan
6abed51b896ea18127c8deb1	178	455	chatter:conversational opener; plan-mode:translation_plan
6abed51b896ea18127c8dec4	178	474	chatter:conversational opener; plan-mode:implementation plan
6abed51b896ea18127c8deca	178	480	chatter:conversational opener; plan-mode:implementation plan
6abed51b896ea18127c8decc	178	482	chatter:conversational opener; plan-mode:implementation plan
6abed51b896ea18127c8decf	178	485	chatter:conversational opener; plan-mode:implementation plan
6abed51b896ea18127c8ded4	178	490	chatter:conversational opener; plan-mode:implementation plan
6abed51b896ea18127c8ded6	178	492	chatter:conversational opener; plan-mode:translation_plan
6abed51b896ea18127c8deda	178	496	chatter:conversational opener; plan-mode:implementation plan
6abed51b896ea18127c8df06	178	540	chatter:conversational opener; plan-mode:translation_plan
6abed51b896ea18127c8df15	178	555	chatter:conversational opener; plan-mode:implementation plan
6abed51b896ea18127c8df13	178	553	chatter:conversational opener; plan-mode:implementation plan
6abed51b896ea18127c8df25	178	571	chatter:conversational opener; plan-mode:implementation plan
6abed51b896ea18127c8df31	178	583	chatter:conversational opener; plan-mode:implementation plan
6abed51b896ea18127c8df3c	178	594	chatter:conversational opener; plan-mode:implementation plan
6abed51b896ea18127c8df41	178	599	chatter:conversational opener; plan-mode:implementation plan
6abed51b896ea18127c8df44	178	602	chatter:conversational opener; plan-mode:translation_plan
6abed51b896ea18127c8df43	178	601	door:runaway
6abed582896ea18127c8df6f	179	27	chatter:conversational opener; plan-mode:translation_plan
6abed582896ea18127c8df75	179	33	chatter:conversational opener; plan-mode:implementation plan
6abed582896ea18127c8dfb9	179	101	chatter:conversational opener; plan-mode:implementation plan
6abed582896ea18127c8dfc4	179	112	chatter:conversational opener; plan-mode:implementation plan
6abed582896ea18127c8dfd7	179	131	chatter:conversational opener; plan-mode:implementation plan
6abed582896ea18127c8dfda	179	134	door:runaway
6abed582896ea18127c8dfe2	179	142	chatter:conversational opener; plan-mode:translation_plan
6abed582896ea18127c8dfe8	179	148	chatter:conversational opener; plan-mode:implementation plan
6abed582896ea18127c8e004	179	176	chatter:conversational opener; plan-mode:implementation plan
6abed582896ea18127c8e019	179	197	chatter:conversational opener; plan-mode:implementation plan
6abed582896ea18127c8e01c	179	200	chatter:conversational opener; plan-mode:implementation plan
6abed582896ea18127c8e026	179	210	chatter:conversational opener; plan-mode:implementation plan
6abed582896ea18127c8e028	179	212	chatter:conversational opener; plan-mode:implementation plan
6abed582896ea18127c8e040	179	236	chatter:conversational opener; plan-mode:implementation plan
6abed582896ea18127c8e060	179	268	chatter:conversational opener; plan-mode:translation_plan
6abed582896ea18127c8e067	179	275	chatter:conversational opener; plan-mode:implementation plan
6abed582896ea18127c8e06b	179	279	chatter:conversational opener; plan-mode:implementation plan
6abed582896ea18127c8e087	179	307	chatter:conversational opener; plan-mode:implementation plan
6abed582896ea18127c8e08a	179	310	chatter:conversational opener; plan-mode:implementation plan
6abed582896ea18127c8e091	179	317	chatter:conversational opener; plan-mode:translation_plan
6abed582896ea18127c8e0ad	179	345	chatter:conversational opener; plan-mode:implementation plan
6abed582896ea18127c8e0b9	179	357	chatter:conversational opener; plan-mode:implementation plan
6abed582896ea18127c8e0be	179	362	chatter:conversational opener; plan-mode:translation_plan
6abed582896ea18127c8e0bf	179	363	chatter:conversational opener; plan-mode:implementation plan
6abed582896ea18127c8e0cc	179	376	chatter:conversational opener; plan-mode:implementation plan
6abed582896ea18127c8e0d6	179	386	chatter:conversational opener; plan-mode:translation_plan
6abed582896ea18127c8e0dd	179	393	reasoning-leak:reasoning:the prompt says; plan-mode:The user prompt; door:reasoning-leak
6abed582896ea18127c8e0e8	179	404	chatter:conversational opener; plan-mode:translation_plan
6abed582896ea18127c8e0f2	179	414	chatter:conversational opener; plan-mode:translation_plan
6abed582896ea18127c8e130	179	476	chatter:conversational opener; plan-mode:implementation plan
6abed582896ea18127c8e12f	179	475	chatter:conversational opener; plan-mode:implementation plan
6abed582896ea18127c8e133	179	479	chatter:conversational opener; plan-mode:implementation plan
6abed582896ea18127c8e158	179	516	chatter:conversational opener; plan-mode:implementation plan
6abed582896ea18127c8e164	179	528	chatter:conversational opener; plan-mode:translation_plan
6abed582896ea18127c8e168	179	532	chatter:conversational opener; plan-mode:implementation plan
6abed582896ea18127c8e176	179	546	chatter:conversational opener; plan-mode:implementation plan
6abed582896ea18127c8e17e	179	554	chatter:conversational opener; plan-mode:implementation plan
6abed5e1896ea18127c8e191	180	7	chatter:conversational opener; plan-mode:implementation plan
6abed5e1896ea18127c8e19f	180	21	plan-mode:Please review
6abed5e1896ea18127c8e1a0	180	22	chatter:conversational opener; plan-mode:implementation plan
6abed5e1896ea18127c8e1a6	180	28	chatter:conversational opener; plan-mode:translation_plan
6abed5e1896ea18127c8e1a7	180	29	chatter:conversational opener; plan-mode:implementation plan
6abed5e1896ea18127c8e1ad	180	35	chatter:conversational opener; plan-mode:translation_plan
6abed5e1896ea18127c8e1ba	180	48	chatter:conversational opener; plan-mode:implementation plan
6abed5e1896ea18127c8e1c7	180	61	chatter:conversational opener; plan-mode:implementation plan
6abed5e1896ea18127c8e1d1	180	71	chatter:conversational opener; plan-mode:implementation plan
6abed5e1896ea18127c8e1de	180	84	chatter:conversational opener; plan-mode:implementation plan
6abed5e1896ea18127c8e1df	180	85	chatter:conversational opener; plan-mode:implementation plan
6abed5e1896ea18127c8e1ed	180	99	chatter:conversational opener; plan-mode:implementation plan
6abed5e1896ea18127c8e1f3	180	105	chatter:conversational opener; plan-mode:translation_plan
6abed5e1896ea18127c8e1f4	180	106	chatter:conversational opener; plan-mode:translation_plan
6abed5e1896ea18127c8e20d	180	131	chatter:conversational opener; plan-mode:implementation plan
6abed5e1896ea18127c8e21e	180	148	chatter:conversational opener; plan-mode:implementation plan
6abed5e1896ea18127c8e224	180	154	chatter:conversational opener; plan-mode:translation_plan
6abed5e1896ea18127c8e235	180	171	chatter:conversational opener; plan-mode:implementation plan
6abed5e1896ea18127c8e236	180	172	chatter:conversational opener; plan-mode:translation_plan
6abed5e1896ea18127c8e241	180	183	chatter:conversational opener; plan-mode:implementation plan
6abed5e1896ea18127c8e24e	180	196	chatter:conversational opener; plan-mode:implementation plan
6abed5e1896ea18127c8e265	180	219	chatter:conversational opener; plan-mode:implementation plan
6abed5e1896ea18127c8e28e	180	260	chatter:conversational opener; plan-mode:implementation plan
6abed5e1896ea18127c8e2d2	180	328	chatter:conversational opener; plan-mode:implementation plan
6abed5e1896ea18127c8e2d0	180	326	chatter:conversational opener; plan-mode:implementation plan
6abed5e1896ea18127c8e2d4	180	330	chatter:conversational opener; plan-mode:implementation plan
6abed5e1896ea18127c8e2df	180	341	chatter:conversational opener; plan-mode:implementation plan
6abed5e1896ea18127c8e319	180	399	chatter:conversational opener; plan-mode:implementation plan
6abed5e1896ea18127c8e329	180	415	chatter:conversational opener; plan-mode:implementation plan
6abed5e1896ea18127c8e33a	180	432	chatter:conversational opener; plan-mode:implementation plan
6abed5e1896ea18127c8e33f	180	437	chatter:conversational opener; plan-mode:translation_plan
6abed5e1896ea18127c8e34e	180	452	chatter:conversational opener; plan-mode:translation_plan
6abed5e1896ea18127c8e353	180	457	chatter:conversational opener; plan-mode:implementation plan
6abed5e1896ea18127c8e35c	180	466	chatter:conversational opener; plan-mode:translation_plan
6abed5e1896ea18127c8e369	180	479	chatter:conversational opener; plan-mode:plan.md
6abed5e1896ea18127c8e372	180	488	chatter:conversational opener; plan-mode:implementation plan
6abed5e1896ea18127c8e375	180	491	chatter:conversational opener; plan-mode:implementation plan
6abed5e1896ea18127c8e37b	180	497	chatter:conversational opener; plan-mode:implementation plan
6abed5e1896ea18127c8e37a	180	496	chatter:conversational opener; plan-mode:implementation plan
6abed5e1896ea18127c8e381	180	503	chatter:conversational opener; plan-mode:implementation plan
6abed5e1896ea18127c8e38b	180	513	chatter:conversational opener; plan-mode:implementation plan
6abed5e1896ea18127c8e38c	180	514	chatter:conversational opener; plan-mode:translation_plan
6abed5e1896ea18127c8e3a4	180	538	chatter:conversational opener; plan-mode:implementation plan
6abed5e1896ea18127c8e39e	180	532	chatter:conversational opener; plan-mode:implementation plan
6abed5e1896ea18127c8e3be	180	564	chatter:conversational opener; plan-mode:implementation plan
6abed5e1896ea18127c8e3bf	180	565	chatter:conversational opener; plan-mode:implementation plan
6abed5e1896ea18127c8e3eb	180	609	chatter:conversational opener; plan-mode:implementation plan
6abed5e1896ea18127c8e3ef	180	613	chatter:conversational opener; plan-mode:implementation plan
6abed5e1896ea18127c8e3f5	180	619	chatter:conversational opener; plan-mode:implementation plan
6abed5e1896ea18127c8e3fc	180	626	chatter:conversational opener; plan-mode:implementation plan
6abed5e1896ea18127c8e407	180	637	chatter:conversational opener; plan-mode:implementation plan
6abed5e1896ea18127c8e40a	180	640	chatter:conversational opener; plan-mode:implementation plan
6abed5e1896ea18127c8e417	180	653	chatter:conversational opener; plan-mode:implementation plan
6abed5e1896ea18127c8e41b	180	657	chatter:conversational opener; plan-mode:implementation plan
6abed5e1896ea18127c8e421	180	663	chatter:conversational opener; plan-mode:implementation plan
6abed5e1896ea18127c8e436	180	684	chatter:conversational opener; plan-mode:translation_plan
6abed5e1896ea18127c8e450	180	710	chatter:conversational opener; plan-mode:implementation plan
6abed5e1896ea18127c8e45b	180	721	chatter:conversational opener; plan-mode:implementation plan
6abed5e1896ea18127c8e459	180	719	plan-mode:output contract
6abed61a896ea18127c8e469	181	3	chatter:conversational opener; plan-mode:implementation plan
6abed61a896ea18127c8e47d	181	23	chatter:conversational opener; plan-mode:plan.md
6abed61a896ea18127c8e478	181	18	chatter:conversational opener; plan-mode:implementation plan
6abed61a896ea18127c8e489	181	35	chatter:conversational opener; plan-mode:implementation plan
6abed61a896ea18127c8e493	181	45	chatter:conversational opener; plan-mode:implementation plan
6abed61a896ea18127c8e4a7	181	65	chatter:conversational opener; plan-mode:implementation plan
6abed61a896ea18127c8e4bd	181	87	chatter:conversational opener; plan-mode:implementation plan
6abed61a896ea18127c8e4be	181	88	chatter:conversational opener; plan-mode:implementation plan
6abed61a896ea18127c8e4d7	181	113	chatter:conversational opener; plan-mode:translation_plan
6abed61a896ea18127c8e4d9	181	115	plan-mode:Would you like me to
6abed61a896ea18127c8e4dd	181	119	chatter:conversational opener; plan-mode:implementation plan
6abed61a896ea18127c8e4df	181	121	chatter:conversational opener; plan-mode:implementation plan
6abed61a896ea18127c8e4f6	181	144	chatter:conversational opener; plan-mode:translation_plan
6abed61a896ea18127c8e4f5	181	143	chatter:conversational opener; plan-mode:translation_plan
6abed61a896ea18127c8e507	181	161	chatter:conversational opener; plan-mode:translation_plan
6abed61a896ea18127c8e50f	181	169	chatter:conversational opener; plan-mode:implementation plan
6abed61a896ea18127c8e513	181	173	chatter:conversational opener; plan-mode:implementation plan
6abed61a896ea18127c8e51f	181	185	chatter:conversational opener; plan-mode:implementation plan
6abed61a896ea18127c8e526	181	192	chatter:conversational opener; plan-mode:implementation plan
6abed61a896ea18127c8e52f	181	201	chatter:conversational opener; plan-mode:implementation plan
6abed61a896ea18127c8e535	181	207	plan-mode:translation_plan
6abed61a896ea18127c8e545	181	223	chatter:conversational opener; plan-mode:implementation plan
6abed61a896ea18127c8e551	181	235	chatter:conversational opener; plan-mode:implementation plan
6abed61a896ea18127c8e58a	181	292	chatter:conversational opener; plan-mode:implementation plan
6abed61a896ea18127c8e592	181	300	chatter:conversational opener; plan-mode:implementation plan
6abed61a896ea18127c8e59a	181	308	chatter:conversational opener; plan-mode:implementation plan
6abed61a896ea18127c8e5a5	181	319	chatter:conversational opener; plan-mode:implementation plan
6abed61a896ea18127c8e5a7	181	321	chatter:conversational opener; plan-mode:implementation plan
6abed61a896ea18127c8e5b3	181	333	chatter:conversational opener; plan-mode:implementation plan
6abed61a896ea18127c8e5bb	181	341	chatter:conversational opener; plan-mode:implementation plan
6abed61a896ea18127c8e5da	181	372	chatter:conversational opener; plan-mode:translation_plan
6abed61a896ea18127c8e5f4	181	398	chatter:conversational opener; plan-mode:implementation plan
6abed61a896ea18127c8e60b	181	421	chatter:conversational opener; plan-mode:implementation plan
6abed61a896ea18127c8e60c	181	422	chatter:conversational opener; plan-mode:Please review
6abed61a896ea18127c8e624	181	446	chatter:conversational opener; plan-mode:implementation plan
6abed61a896ea18127c8e634	181	462	chatter:conversational opener; plan-mode:implementation plan
6abed61a896ea18127c8e641	181	475	chatter:conversational opener; plan-mode:implementation plan
6abed61a896ea18127c8e647	181	481	chatter:conversational opener; plan-mode:implementation plan
6abed61a896ea18127c8e659	181	499	chatter:conversational opener; plan-mode:translation_plan
6abed61a896ea18127c8e666	181	512	chatter:conversational opener; plan-mode:implementation plan
6abed61a896ea18127c8e67e	181	536	chatter:conversational opener; plan-mode:implementation plan
6abed61a896ea18127c8e687	181	545	chatter:conversational opener; plan-mode:translation_plan
6abed61a896ea18127c8e689	181	547	plan-mode:Please review
6abed61a896ea18127c8e690	181	554	chatter:conversational opener; plan-mode:implementation plan
6abed61a896ea18127c8e699	181	563	chatter:conversational opener; plan-mode:implementation plan
6abed61a896ea18127c8e69d	181	567	chatter:conversational opener; plan-mode:implementation plan
6abed61a896ea18127c8e6a4	181	574	chatter:conversational opener; plan-mode:translation_plan
6abed61a896ea18127c8e6cb	181	613	chatter:conversational opener; plan-mode:implementation plan
6abed61a896ea18127c8e6d3	181	621	chatter:conversational opener; plan-mode:implementation plan
6abed661896ea18127c8e706	182	46	chatter:conversational opener; plan-mode:implementation plan
6abed661896ea18127c8e726	182	78	chatter:conversational opener; plan-mode:implementation plan
6abed661896ea18127c8e73b	182	99	chatter:conversational opener; plan-mode:implementation plan
6abed661896ea18127c8e751	182	121	chatter:conversational opener; plan-mode:implementation plan
6abed661896ea18127c8e756	182	126	chatter:conversational opener; plan-mode:implementation plan
6abed661896ea18127c8e78e	182	182	chatter:conversational opener; plan-mode:implementation plan
6abed661896ea18127c8e79c	182	196	chatter:conversational opener; plan-mode:implementation plan
6abed661896ea18127c8e7a9	182	209	chatter:conversational opener; plan-mode:implementation plan
6abed661896ea18127c8e7b3	182	219	chatter:conversational opener; plan-mode:implementation plan
6abed661896ea18127c8e7b9	182	225	chatter:conversational opener; plan-mode:implementation plan
6abed661896ea18127c8e7bf	182	231	chatter:conversational opener; plan-mode:translation_plan
6abed661896ea18127c8e7ce	182	246	chatter:conversational opener; plan-mode:implementation plan
6abed661896ea18127c8e7ed	182	277	chatter:conversational opener; plan-mode:implementation plan
6abed661896ea18127c8e7f1	182	281	chatter:conversational opener; plan-mode:implementation plan
6abed661896ea18127c8e805	182	301	chatter:conversational opener; plan-mode:implementation plan
6abed661896ea18127c8e80c	182	308	chatter:conversational opener; plan-mode:implementation plan
6abed661896ea18127c8e85e	182	390	chatter:conversational opener; plan-mode:implementation plan
6abed661896ea18127c8e86c	182	404	chatter:conversational opener; plan-mode:translation_plan
6abed661896ea18127c8e873	182	411	chatter:conversational opener; plan-mode:translation_plan
6abed661896ea18127c8e89e	182	454	chatter:conversational opener; plan-mode:implementation plan
6abed661896ea18127c8e8a7	182	463	chatter:conversational opener; plan-mode:implementation plan
6abed661896ea18127c8e89d	182	453	chatter:conversational opener; plan-mode:implementation plan
6abed661896ea18127c8e8b3	182	475	chatter:conversational opener; plan-mode:Please review
6abed661896ea18127c8e8cd	182	501	chatter:conversational opener; plan-mode:implementation plan
6abed661896ea18127c8e8f5	182	541	chatter:conversational opener; plan-mode:implementation plan
6abed661896ea18127c8e8f6	182	542	chatter:conversational opener; plan-mode:implementation plan
6abed661896ea18127c8e8f8	182	544	chatter:conversational opener; plan-mode:implementation plan
6abed661896ea18127c8e906	182	558	chatter:conversational opener; plan-mode:translation_plan
6abed661896ea18127c8e919	182	577	chatter:conversational opener; plan-mode:implementation plan
6abed661896ea18127c8e91a	182	578	chatter:conversational opener; plan-mode:implementation plan
6abed661896ea18127c8e92e	182	598	chatter:conversational opener; plan-mode:implementation plan
6abed661896ea18127c8e942	182	618	chatter:conversational opener; plan-mode:implementation plan
6abed661896ea18127c8e944	182	620	chatter:conversational opener; plan-mode:implementation plan
6abed661896ea18127c8e951	182	633	chatter:conversational opener; plan-mode:implementation plan
6abed661896ea18127c8e966	182	654	chatter:conversational opener; plan-mode:translation_plan
6abed661896ea18127c8e96e	182	662	chatter:conversational opener; plan-mode:implementation plan
6abed661896ea18127c8e96d	182	661	chatter:conversational opener; plan-mode:implementation plan
6abed661896ea18127c8e98c	182	692	chatter:conversational opener; plan-mode:implementation plan
6abed661896ea18127c8e98e	182	694	chatter:conversational opener; plan-mode:translation_plan
6abed661896ea18127c8e991	182	697	chatter:conversational opener; plan-mode:implementation plan
6abed661896ea18127c8e9a2	182	714	chatter:conversational opener; plan-mode:implementation plan
6abed661896ea18127c8e9ab	182	723	chatter:conversational opener; plan-mode:translation_plan
6abed661896ea18127c8e9ca	182	754	chatter:conversational opener; plan-mode:implementation plan
6abed661896ea18127c8e9d7	182	767	chatter:conversational opener; plan-mode:implementation plan
6abed661896ea18127c8e9db	182	771	chatter:conversational opener; plan-mode:implementation plan
6abed661896ea18127c8e9ed	182	789	chatter:conversational opener; plan-mode:implementation plan
6abed661896ea18127c8e9f0	182	792	chatter:conversational opener; plan-mode:implementation plan
6abed69b896ea18127c8ea04	183	14	chatter:conversational opener; plan-mode:implementation plan
6abed69b896ea18127c8ea26	183	48	chatter:conversational opener; plan-mode:implementation plan
6abed69b896ea18127c8ea1d	183	39	chatter:conversational opener; plan-mode:implementation plan
6abed69b896ea18127c8ea30	183	58	chatter:conversational opener; plan-mode:implementation plan
6abed69b896ea18127c8ea50	183	90	chatter:conversational opener; plan-mode:implementation plan
6abed69b896ea18127c8ea54	183	94	chatter:conversational opener; plan-mode:implementation plan
6abed69b896ea18127c8ea67	183	113	chatter:conversational opener; plan-mode:implementation plan
6abed69b896ea18127c8eaac	183	182	chatter:conversational opener; plan-mode:implementation plan
6abed69b896ea18127c8eab7	183	193	chatter:conversational opener; plan-mode:implementation plan
6abed69b896ea18127c8eac1	183	203	chatter:conversational opener; plan-mode:implementation plan
6abed69b896ea18127c8eac5	183	207	chatter:conversational opener; plan-mode:implementation plan
6abed69b896ea18127c8eac8	183	210	chatter:conversational opener; plan-mode:implementation plan
6abed69b896ea18127c8ead4	183	222	chatter:conversational opener; plan-mode:implementation plan
6abed69b896ea18127c8ead7	183	225	chatter:conversational opener; plan-mode:implementation plan
6abed69b896ea18127c8eae9	183	243	chatter:conversational opener; plan-mode:plan.md
6abed69b896ea18127c8eafd	183	263	chatter:conversational opener; plan-mode:implementation plan
6abed69b896ea18127c8eb17	183	289	chatter:conversational opener; plan-mode:implementation plan
6abed69b896ea18127c8eb3d	183	327	chatter:conversational opener; plan-mode:implementation plan
6abed69b896ea18127c8eb78	183	386	chatter:conversational opener; plan-mode:translation_plan
6abed69b896ea18127c8eb8d	183	407	chatter:conversational opener; plan-mode:implementation plan
6abed69b896ea18127c8eb94	183	414	chatter:conversational opener; plan-mode:implementation plan
6abed69b896ea18127c8eb9e	183	424	reasoning-leak:reasoning:the prompt states; plan-mode:/plan; door:reasoning-leak
6abed69b896ea18127c8eba7	183	433	chatter:conversational opener; plan-mode:implementation plan
6abed69b896ea18127c8ebb6	183	448	chatter:conversational opener; plan-mode:implementation plan
6abed69b896ea18127c8ebbc	183	454	chatter:conversational opener; plan-mode:implementation plan
6abed69b896ea18127c8ebbe	183	456	chatter:conversational opener; plan-mode:implementation plan
6abed69b896ea18127c8ebbf	183	457	chatter:conversational opener; plan-mode:implementation plan
6abed69b896ea18127c8ebc0	183	458	chatter:conversational opener; plan-mode:implementation plan
6abed69b896ea18127c8ebc5	183	463	chatter:conversational opener; plan-mode:implementation plan
6abed69b896ea18127c8ebc6	183	464	chatter:conversational opener; plan-mode:implementation plan
6abed69b896ea18127c8ebd3	183	477	chatter:conversational opener; plan-mode:implementation plan
6abed69b896ea18127c8ebd4	183	478	chatter:conversational opener; plan-mode:implementation plan
6abed69b896ea18127c8ebeb	183	501	chatter:conversational opener; plan-mode:implementation plan
6abed69b896ea18127c8ebf6	183	512	chatter:conversational opener; plan-mode:translation_plan
6abed69b896ea18127c8ebfb	183	517	chatter:conversational opener; plan-mode:implementation plan
6abed69b896ea18127c8ec0b	183	533	chatter:conversational opener; plan-mode:implementation plan
6abed69b896ea18127c8ec1a	183	548	chatter:conversational opener; plan-mode:implementation plan
6abed72a896ea18127c8ec43	184	13	chatter:conversational opener; plan-mode:implementation plan
6abed72a896ea18127c8ec3f	184	9	chatter:conversational opener; plan-mode:implementation plan
6abed72a896ea18127c8ec56	184	32	chatter:conversational opener; plan-mode:translation_plan
6abed72a896ea18127c8ec5d	184	39	chatter:conversational opener; plan-mode:implementation plan
6abed72a896ea18127c8ec69	184	51	chatter:conversational opener; plan-mode:implementation plan
6abed72a896ea18127c8ec73	184	61	chatter:conversational opener; plan-mode:implementation plan
6abed72a896ea18127c8ec87	184	81	chatter:conversational opener; plan-mode:implementation plan
6abed72a896ea18127c8ec8b	184	85	chatter:conversational opener; plan-mode:implementation plan
6abed72a896ea18127c8ec91	184	91	chatter:conversational opener; plan-mode:implementation plan
6abed72a896ea18127c8ec90	184	90	chatter:conversational opener; plan-mode:implementation plan
6abed72a896ea18127c8ec96	184	96	chatter:conversational opener; plan-mode:implementation plan
6abed72a896ea18127c8ec9a	184	100	chatter:conversational opener; plan-mode:implementation plan
6abed72a896ea18127c8eca9	184	115	chatter:conversational opener; plan-mode:implementation plan
6abed72a896ea18127c8ecbb	184	133	chatter:conversational opener; plan-mode:implementation plan
6abed72a896ea18127c8ecbd	184	135	chatter:conversational opener; plan-mode:implementation plan
6abed72a896ea18127c8ecc2	184	140	chatter:conversational opener; plan-mode:translation_plan
6abed72a896ea18127c8ece9	184	179	chatter:conversational opener; plan-mode:implementation plan
6abed72a896ea18127c8eced	184	183	chatter:conversational opener; plan-mode:translation_plan
6abed72a896ea18127c8ecf2	184	188	chatter:conversational opener; plan-mode:implementation plan
6abed72a896ea18127c8ecf0	184	186	chatter:conversational opener; plan-mode:implementation plan
6abed72a896ea18127c8ed02	184	204	chatter:conversational opener; plan-mode:implementation plan
6abed72a896ea18127c8ed0c	184	214	chatter:conversational opener; plan-mode:implementation plan
6abed72a896ea18127c8ed20	184	234	chatter:conversational opener; plan-mode:translation_plan
6abed72a896ea18127c8ed34	184	254	chatter:conversational opener; plan-mode:implementation plan
6abed72a896ea18127c8ed36	184	256	chatter:conversational opener; plan-mode:implementation plan
6abed72a896ea18127c8ed35	184	255	plan-mode:Please review
6abed72a896ea18127c8ed62	184	300	chatter:conversational opener; plan-mode:implementation plan
6abed72a896ea18127c8ed72	184	316	chatter:conversational opener; plan-mode:implementation plan
6abed72a896ea18127c8ed87	184	337	chatter:conversational opener; plan-mode:implementation plan
6abed72a896ea18127c8ed8f	184	345	chatter:conversational opener; plan-mode:implementation plan
6abed72a896ea18127c8ed94	184	350	chatter:conversational opener; plan-mode:translation_plan
6abed72a896ea18127c8eda6	184	368	chatter:conversational opener; plan-mode:implementation plan
6abed72a896ea18127c8edc4	184	398	chatter:conversational opener; plan-mode:implementation plan
6abed72a896ea18127c8edd7	184	417	chatter:conversational opener; plan-mode:implementation plan
6abed72a896ea18127c8ede3	184	429	chatter:conversational opener; plan-mode:implementation plan
6abed72a896ea18127c8edea	184	436	chatter:conversational opener; plan-mode:implementation plan
6abed72a896ea18127c8ee0d	184	471	plan-mode:output contract
6abed72a896ea18127c8ee17	184	481	chatter:conversational opener; plan-mode:implementation plan
6abed76e896ea18127c8ee4c	185	10	chatter:conversational opener; plan-mode:implementation plan
6abed76e896ea18127c8ee51	185	15	door:runaway
6abed76e896ea18127c8ee5f	185	29	chatter:conversational opener; plan-mode:translation_plan
6abed76e896ea18127c8ee7c	185	58	chatter:conversational opener; plan-mode:implementation plan
6abed76e896ea18127c8ee85	185	67	chatter:conversational opener; plan-mode:implementation plan
6abed76e896ea18127c8ee8f	185	77	chatter:conversational opener; plan-mode:implementation plan
6abed76e896ea18127c8ee95	185	83	chatter:conversational opener; plan-mode:implementation plan
6abed76e896ea18127c8ee9b	185	89	chatter:conversational opener; plan-mode:implementation plan
6abed76e896ea18127c8eea8	185	102	chatter:conversational opener; plan-mode:implementation plan
6abed76e896ea18127c8eeaa	185	104	chatter:conversational opener; plan-mode:implementation plan
6abed76e896ea18127c8eec0	185	126	chatter:conversational opener; plan-mode:implementation plan
6abed76e896ea18127c8eebf	185	125	chatter:conversational opener; plan-mode:implementation plan
6abed76e896ea18127c8eee3	185	161	chatter:conversational opener; plan-mode:implementation plan
6abed76e896ea18127c8eee6	185	164	chatter:conversational opener; plan-mode:implementation plan
6abed76e896ea18127c8ef0e	185	204	chatter:conversational opener; plan-mode:implementation plan
6abed76e896ea18127c8ef18	185	214	chatter:conversational opener; plan-mode:translation_plan
6abed76e896ea18127c8ef20	185	222	chatter:conversational opener; plan-mode:implementation plan
6abed76e896ea18127c8ef2c	185	234	chatter:conversational opener; plan-mode:implementation plan
6abed76e896ea18127c8ef33	185	241	chatter:conversational opener; plan-mode:implementation plan
6abed76e896ea18127c8ef43	185	257	chatter:conversational opener; plan-mode:implementation plan
6abed76e896ea18127c8ef4c	185	266	chatter:conversational opener; plan-mode:implementation plan
6abed76e896ea18127c8ef55	185	275	chatter:conversational opener; plan-mode:implementation plan
6abed76e896ea18127c8ef5b	185	281	chatter:conversational opener; plan-mode:implementation plan
6abed76e896ea18127c8ef5d	185	283	chatter:conversational opener; plan-mode:implementation plan
6abed76e896ea18127c8ef66	185	292	chatter:conversational opener; plan-mode:implementation plan
6abed76e896ea18127c8ef65	185	291	chatter:conversational opener; plan-mode:implementation plan
6abed76e896ea18127c8ef6e	185	300	chatter:conversational opener; plan-mode:Please review
6abed76e896ea18127c8ef73	185	305	chatter:conversational opener; plan-mode:implementation plan
6abed76e896ea18127c8ef89	185	327	chatter:conversational opener; plan-mode:implementation plan
6abed76e896ea18127c8ef8f	185	333	chatter:conversational opener; plan-mode:plan.md
6abed76e896ea18127c8ef94	185	338	chatter:conversational opener; plan-mode:implementation plan
6abed76e896ea18127c8efa4	185	354	chatter:conversational opener; plan-mode:implementation plan
6abed76e896ea18127c8efbf	185	381	chatter:conversational opener; plan-mode:implementation plan
6abed76e896ea18127c8efd5	185	403	plan-mode:Please review
6abed76e896ea18127c8efde	185	412	chatter:conversational opener; plan-mode:implementation plan
6abed76e896ea18127c8efdf	185	413	chatter:conversational opener; plan-mode:implementation plan
6abed76e896ea18127c8efff	185	445	chatter:conversational opener; plan-mode:implementation plan
6abed76e896ea18127c8f02f	185	493	chatter:conversational opener; plan-mode:implementation plan
6abed76e896ea18127c8f03d	185	507	chatter:conversational opener; plan-mode:implementation plan
6abed76e896ea18127c8f03f	185	509	chatter:conversational opener; plan-mode:implementation plan
6abed76e896ea18127c8f041	185	511	chatter:conversational opener; plan-mode:implementation plan
6abed76e896ea18127c8f044	185	514	chatter:conversational opener; plan-mode:implementation plan
6abed76e896ea18127c8f04c	185	522	chatter:conversational opener; plan-mode:implementation plan
6abed76e896ea18127c8f050	185	526	chatter:conversational opener; plan-mode:implementation plan
6abed76e896ea18127c8f052	185	528	chatter:conversational opener; plan-mode:implementation plan
6abed76e896ea18127c8f05d	185	539	chatter:conversational opener; plan-mode:implementation plan
6abed76e896ea18127c8f05c	185	538	chatter:conversational opener; plan-mode:implementation plan
6abed76e896ea18127c8f063	185	545	chatter:conversational opener; plan-mode:implementation plan
6abed76e896ea18127c8f06a	185	552	chatter:conversational opener; plan-mode:implementation plan
6abed76e896ea18127c8f070	185	558	chatter:conversational opener; plan-mode:implementation plan
6abed76e896ea18127c8f07d	185	571	chatter:conversational opener; plan-mode:implementation plan
6abed76e896ea18127c8f080	185	574	chatter:conversational opener; plan-mode:implementation plan
6abed76e896ea18127c8f08a	185	584	chatter:conversational opener; plan-mode:translation_plan
6abed76e896ea18127c8f0a0	185	606	chatter:conversational opener; plan-mode:implementation plan
6abed76e896ea18127c8f0a3	185	609	chatter:conversational opener; plan-mode:implementation plan
6abed76e896ea18127c8f0a8	185	614	chatter:conversational opener; plan-mode:implementation plan
6abed76e896ea18127c8f0ba	185	632	chatter:conversational opener; plan-mode:implementation plan
6abed76e896ea18127c8f0b8	185	630	chatter:conversational opener; plan-mode:implementation plan
6abed76e896ea18127c8f0c6	185	644	chatter:conversational opener; plan-mode:translation_plan
6abed7ae896ea18127c8f0d6	186	2	chatter:conversational opener; plan-mode:implementation plan
6abed7ae896ea18127c8f0ee	186	26	chatter:conversational opener; plan-mode:implementation plan
6abed7ae896ea18127c8f0fe	186	42	chatter:conversational opener; plan-mode:implementation plan
6abed7ae896ea18127c8f102	186	46	chatter:conversational opener; plan-mode:implementation plan
6abed7ae896ea18127c8f12b	186	87	chatter:conversational opener; plan-mode:implementation plan
6abed7ae896ea18127c8f133	186	95	chatter:conversational opener; plan-mode:implementation plan
6abed7ae896ea18127c8f143	186	111	chatter:conversational opener; plan-mode:translation_plan
6abed7ae896ea18127c8f14d	186	121	chatter:conversational opener; plan-mode:implementation plan
6abed7ae896ea18127c8f16b	186	151	chatter:conversational opener; plan-mode:implementation plan
6abed7ae896ea18127c8f176	186	162	chatter:conversational opener; plan-mode:translation_plan
6abed7ae896ea18127c8f17c	186	168	chatter:conversational opener; plan-mode:implementation plan
6abed7ae896ea18127c8f1a1	186	205	chatter:conversational opener; plan-mode:implementation plan
6abed7ae896ea18127c8f1ba	186	230	chatter:conversational opener; plan-mode:implementation plan
6abed7ae896ea18127c8f1c2	186	238	chatter:conversational opener; plan-mode:implementation plan
6abed7ae896ea18127c8f1c9	186	245	chatter:conversational opener; plan-mode:implementation plan
6abed7ae896ea18127c8f1d8	186	260	chatter:conversational opener; plan-mode:implementation plan
6abed7ae896ea18127c8f1de	186	266	plan-mode:Output Contract
6abed7ae896ea18127c8f1dd	186	265	chatter:conversational opener; plan-mode:implementation plan
6abed7ae896ea18127c8f1ec	186	280	chatter:conversational opener; plan-mode:plan.md
6abed7ae896ea18127c8f214	186	320	chatter:conversational opener; plan-mode:implementation plan
6abed7ae896ea18127c8f216	186	322	chatter:conversational opener; plan-mode:implementation plan
6abed7ae896ea18127c8f21e	186	330	chatter:conversational opener; plan-mode:implementation plan
6abed7ae896ea18127c8f221	186	333	chatter:conversational opener; plan-mode:implementation plan
6abed7ae896ea18127c8f237	186	355	chatter:conversational opener; plan-mode:Please review
6abed7ae896ea18127c8f23a	186	358	chatter:conversational opener; plan-mode:translation_plan
6abed7ae896ea18127c8f240	186	364	chatter:conversational opener; plan-mode:implementation plan
6abed7ae896ea18127c8f243	186	367	chatter:conversational opener; plan-mode:implementation plan
6abed7ae896ea18127c8f247	186	371	chatter:conversational opener; plan-mode:implementation plan
6abed7ae896ea18127c8f251	186	381	chatter:conversational opener; plan-mode:implementation plan
6abed7ae896ea18127c8f259	186	389	chatter:conversational opener; plan-mode:implementation plan
6abed7ae896ea18127c8f26a	186	406	chatter:conversational opener; plan-mode:translation_plan
6abed7ae896ea18127c8f26e	186	410	chatter:conversational opener; plan-mode:translation_plan
6abed7ae896ea18127c8f275	186	417	chatter:conversational opener; plan-mode:implementation plan
6abed7ae896ea18127c8f290	186	444	chatter:conversational opener; plan-mode:implementation plan
6abed7ae896ea18127c8f29b	186	455	chatter:conversational opener; plan-mode:implementation plan
6abed7ae896ea18127c8f2a1	186	461	chatter:conversational opener; plan-mode:implementation plan
6abed81b896ea18127c8f2db	187	15	chatter:conversational opener; plan-mode:implementation plan
6abed81b896ea18127c8f2dd	187	17	chatter:conversational opener; plan-mode:implementation plan
6abed81b896ea18127c8f2f0	187	36	chatter:conversational opener; plan-mode:translation_plan
6abed81b896ea18127c8f303	187	55	reasoning-leak:reasoning:system prompt; plan-mode:output contract; door:reasoning-leak
6abed81b896ea18127c8f31a	187	78	chatter:conversational opener; plan-mode:implementation plan
6abed81b896ea18127c8f35a	187	142	chatter:conversational opener; plan-mode:implementation plan
6abed81b896ea18127c8f376	187	170	chatter:conversational opener; plan-mode:implementation plan
6abed81b896ea18127c8f386	187	186	door:runaway
6abed81b896ea18127c8f399	187	205	chatter:conversational opener; plan-mode:implementation plan
6abed81b896ea18127c8f3d9	187	269	chatter:conversational opener; plan-mode:implementation plan
6abed81b896ea18127c8f40e	187	322	chatter:conversational opener; plan-mode:implementation plan
6abed81b896ea18127c8f421	187	341	chatter:conversational opener; plan-mode:implementation plan
6abed81b896ea18127c8f42d	187	353	chatter:conversational opener; plan-mode:implementation plan
6abed81b896ea18127c8f434	187	360	chatter:conversational opener; plan-mode:implementation plan
6abed81b896ea18127c8f435	187	361	chatter:conversational opener; plan-mode:implementation plan
6abed81b896ea18127c8f445	187	377	chatter:conversational opener; plan-mode:implementation plan
6abed81b896ea18127c8f46e	187	418	chatter:conversational opener; plan-mode:implementation plan
6abed81b896ea18127c8f470	187	420	chatter:conversational opener; plan-mode:implementation plan
6abed81b896ea18127c8f47c	187	432	chatter:conversational opener; plan-mode:implementation plan
6abed81b896ea18127c8f492	187	454	chatter:conversational opener; plan-mode:implementation plan
6abed81b896ea18127c8f4a4	187	472	chatter:conversational opener; plan-mode:translation_plan
6abed81b896ea18127c8f4b5	187	489	chatter:conversational opener; plan-mode:implementation plan
6abed81b896ea18127c8f4d0	187	516	chatter:conversational opener; plan-mode:implementation plan
6abed81b896ea18127c8f50e	187	578	chatter:conversational opener; plan-mode:implementation plan
6abed81b896ea18127c8f513	187	583	chatter:conversational opener; plan-mode:implementation plan
6abed81b896ea18127c8f516	187	586	chatter:conversational opener; plan-mode:implementation plan
6abed87d896ea18127c8f51e	188	2	chatter:conversational opener; plan-mode:implementation plan
6abed87d896ea18127c8f525	188	9	chatter:conversational opener; plan-mode:implementation plan
6abed87d896ea18127c8f551	188	53	chatter:conversational opener; plan-mode:implementation plan
6abed87d896ea18127c8f566	188	74	chatter:conversational opener; plan-mode:translation_plan
6abed87d896ea18127c8f56d	188	81	chatter:conversational opener; plan-mode:implementation plan
6abed87d896ea18127c8f574	188	88	chatter:conversational opener; plan-mode:implementation plan
6abed87d896ea18127c8f590	188	116	chatter:conversational opener; plan-mode:translation_plan
6abed87d896ea18127c8f58b	188	111	chatter:conversational opener; plan-mode:implementation plan
6abed87d896ea18127c8f58c	188	112	chatter:conversational opener; plan-mode:implementation plan
6abed87d896ea18127c8f596	188	122	chatter:conversational opener; plan-mode:implementation plan
6abed87d896ea18127c8f5b3	188	151	chatter:conversational opener; plan-mode:translation_plan
6abed87d896ea18127c8f5bd	188	161	chatter:conversational opener; plan-mode:implementation plan
6abed87d896ea18127c8f5c1	188	165	chatter:conversational opener; plan-mode:implementation plan
6abed87d896ea18127c8f5d4	188	184	chatter:conversational opener; plan-mode:implementation plan
6abed87d896ea18127c8f5e1	188	197	chatter:conversational opener; plan-mode:translation_plan
6abed87d896ea18127c8f5e6	188	202	chatter:conversational opener; plan-mode:implementation plan
6abed87d896ea18127c8f5e7	188	203	chatter:conversational opener; plan-mode:implementation plan
6abed87d896ea18127c8f5ef	188	211	chatter:conversational opener; plan-mode:implementation plan
6abed87d896ea18127c8f5f8	188	220	chatter:conversational opener; plan-mode:implementation plan
6abed87d896ea18127c8f628	188	268	chatter:conversational opener; plan-mode:implementation plan
6abed87d896ea18127c8f631	188	277	chatter:conversational opener; plan-mode:implementation plan
6abed87d896ea18127c8f634	188	280	chatter:conversational opener; plan-mode:translation_plan
6abed87d896ea18127c8f638	188	284	chatter:conversational opener; plan-mode:implementation plan
6abed87d896ea18127c8f63f	188	291	chatter:conversational opener; plan-mode:translation_plan
6abed87d896ea18127c8f654	188	312	chatter:conversational opener; plan-mode:implementation plan
6abed87d896ea18127c8f65c	188	320	chatter:conversational opener; plan-mode:implementation plan
6abed87d896ea18127c8f660	188	324	chatter:conversational opener; plan-mode:implementation plan
6abed87d896ea18127c8f662	188	326	chatter:conversational opener; plan-mode:implementation plan
6abed87d896ea18127c8f66e	188	338	chatter:conversational opener; plan-mode:plan.md
6abed87d896ea18127c8f678	188	348	chatter:conversational opener; plan-mode:implementation plan
6abed87d896ea18127c8f67b	188	351	chatter:conversational opener; plan-mode:implementation plan
6abed87d896ea18127c8f68e	188	370	chatter:conversational opener; plan-mode:implementation plan
6abed87d896ea18127c8f68a	188	366	chatter:conversational opener; plan-mode:implementation plan
6abed87d896ea18127c8f693	188	375	chatter:conversational opener; plan-mode:implementation plan
6abed87d896ea18127c8f6b6	188	410	chatter:conversational opener; plan-mode:implementation plan
6abed87d896ea18127c8f6b8	188	412	chatter:conversational opener; plan-mode:implementation plan
6abed87d896ea18127c8f6bf	188	419	chatter:conversational opener; plan-mode:implementation plan
6abed87d896ea18127c8f6f9	188	477	chatter:conversational opener; plan-mode:implementation plan
6abed87d896ea18127c8f6f5	188	473	chatter:conversational opener; plan-mode:implementation plan
6abed87d896ea18127c8f708	188	492	chatter:conversational opener; plan-mode:implementation plan; door:collapsed
6abed87d896ea18127c8f717	188	507	chatter:conversational opener; plan-mode:translation_plan
6abed87d896ea18127c8f719	188	509	chatter:conversational opener; plan-mode:output contract
6abed87d896ea18127c8f727	188	523	plan-mode:output contract
6abed87d896ea18127c8f726	188	522	chatter:conversational opener; plan-mode:implementation plan
6abed87d896ea18127c8f732	188	534	chatter:conversational opener; plan-mode:translation_plan
6abed87d896ea18127c8f757	188	571	chatter:conversational opener; plan-mode:implementation plan
6abed8d1896ea18127c8f764	189	4	chatter:conversational opener; plan-mode:translation_plan
6abed8d1896ea18127c8f76f	189	15	chatter:conversational opener; plan-mode:implementation plan
6abed8d1896ea18127c8f77b	189	27	chatter:conversational opener; plan-mode:implementation plan
6abed8d1896ea18127c8f79b	189	59	chatter:conversational opener; plan-mode:implementation plan
6abed8d1896ea18127c8f799	189	57	chatter:conversational opener; plan-mode:implementation plan
6abed8d1896ea18127c8f7b2	189	82	chatter:conversational opener; plan-mode:implementation plan
6abed8d1896ea18127c8f7b6	189	86	chatter:conversational opener; plan-mode:implementation plan
6abed8d1896ea18127c8f7c2	189	98	chatter:conversational opener; plan-mode:implementation plan
6abed8d1896ea18127c8f7c8	189	104	chatter:conversational opener; plan-mode:implementation plan
6abed8d1896ea18127c8f7d4	189	116	chatter:conversational opener; plan-mode:implementation plan
6abed8d1896ea18127c8f82b	189	203	chatter:conversational opener; plan-mode:implementation plan
6abed8d1896ea18127c8f84e	189	238	chatter:conversational opener; plan-mode:translation_plan
6abed8d1896ea18127c8f86c	189	268	chatter:conversational opener; plan-mode:implementation plan
6abed8d1896ea18127c8f881	189	289	chatter:conversational opener; plan-mode:translation_plan
6abed8d1896ea18127c8f886	189	294	chatter:conversational opener; plan-mode:implementation plan
6abed8d1896ea18127c8f893	189	307	chatter:conversational opener; plan-mode:implementation plan
6abed8d1896ea18127c8f8a3	189	323	chatter:conversational opener; plan-mode:translation_plan
6abed8d1896ea18127c8f8b0	189	336	chatter:conversational opener; plan-mode:implementation plan
6abed8d1896ea18127c8f8c1	189	353	chatter:conversational opener; plan-mode:implementation plan
6abed8d1896ea18127c8f8cd	189	365	chatter:conversational opener; plan-mode:translation_plan
6abed8d1896ea18127c8f8d8	189	376	plan-mode:Output contract
6abed8d1896ea18127c8f8df	189	383	chatter:conversational opener; plan-mode:plan.md
6abed8d1896ea18127c8f8e5	189	389	chatter:conversational opener; plan-mode:implementation plan
6abed8d1896ea18127c8f907	189	423	chatter:conversational opener; plan-mode:implementation plan
6abed8d1896ea18127c8f90b	189	427	chatter:conversational opener; plan-mode:translation_plan
6abed8d1896ea18127c8f90f	189	431	chatter:conversational opener; plan-mode:implementation plan
6abed8d1896ea18127c8f91f	189	447	chatter:conversational opener; plan-mode:plan.md
6abed8d1896ea18127c8f967	189	519	chatter:conversational opener; plan-mode:implementation plan
6abed8d1896ea18127c8f96b	189	523	chatter:conversational opener; plan-mode:implementation plan
6abed8d1896ea18127c8f96e	189	526	chatter:conversational opener; plan-mode:implementation plan
6abed8d1896ea18127c8f984	189	548	chatter:conversational opener; plan-mode:implementation plan
6abed8d1896ea18127c8f986	189	550	chatter:conversational opener; plan-mode:translation_plan
6abed8d1896ea18127c8f991	189	561	chatter:conversational opener; plan-mode:implementation plan
6abed8d1896ea18127c8f9ad	189	589	chatter:conversational opener; plan-mode:implementation plan
6abed8d1896ea18127c8f9ca	189	618	chatter:conversational opener; plan-mode:translation_plan
6abed8d1896ea18127c8f9d3	189	627	chatter:conversational opener; plan-mode:implementation plan
6abed8d1896ea18127c8f9da	189	634	chatter:conversational opener; plan-mode:implementation plan
6abed8d1896ea18127c8f9df	189	639	plan-mode:Please review
6abed8d1896ea18127c8f9e9	189	649	chatter:conversational opener; plan-mode:implementation plan
6abed914896ea18127c8f9f4	190	4	chatter:conversational opener; plan-mode:implementation plan
6abed914896ea18127c8f9fa	190	10	chatter:conversational opener; plan-mode:implementation plan
6abed914896ea18127c8fa29	190	57	chatter:conversational opener; plan-mode:implementation plan
6abed914896ea18127c8fa33	190	67	chatter:conversational opener; plan-mode:implementation plan
6abed914896ea18127c8fa40	190	80	chatter:conversational opener; plan-mode:implementation plan
6abed914896ea18127c8fa53	190	99	chatter:conversational opener; plan-mode:implementation plan
6abed914896ea18127c8fa5f	190	111	chatter:conversational opener; plan-mode:implementation plan
6abed914896ea18127c8fac1	190	209	chatter:conversational opener; plan-mode:translation_plan
6abed914896ea18127c8fad9	190	233	chatter:conversational opener; plan-mode:implementation plan
6abed914896ea18127c8fae1	190	241	chatter:conversational opener; plan-mode:implementation plan
6abed914896ea18127c8faee	190	254	chatter:conversational opener; plan-mode:implementation plan
6abed914896ea18127c8faf5	190	261	chatter:conversational opener; plan-mode:implementation plan
6abed914896ea18127c8faf6	190	262	chatter:conversational opener; plan-mode:implementation plan
6abed914896ea18127c8fb09	190	281	chatter:conversational opener; plan-mode:implementation plan
6abed914896ea18127c8fb15	190	293	chatter:conversational opener; plan-mode:implementation plan
6abed914896ea18127c8fb3a	190	330	chatter:conversational opener; plan-mode:implementation plan
6abed914896ea18127c8fb42	190	338	chatter:conversational opener; plan-mode:implementation plan
6abed914896ea18127c8fb41	190	337	chatter:conversational opener; plan-mode:implementation plan
6abed914896ea18127c8fb50	190	352	chatter:conversational opener; plan-mode:implementation plan
6abed914896ea18127c8fb63	190	371	chatter:conversational opener; plan-mode:implementation plan
6abed914896ea18127c8fb6a	190	378	chatter:conversational opener; plan-mode:implementation plan
6abed914896ea18127c8fb7d	190	397	chatter:conversational opener; plan-mode:implementation plan
6abed914896ea18127c8fb96	190	422	chatter:conversational opener; plan-mode:translation_plan
6abed914896ea18127c8fb97	190	423	chatter:conversational opener; plan-mode:implementation plan
6abed914896ea18127c8fba7	190	439	chatter:conversational opener; plan-mode:implementation plan
6abed914896ea18127c8fbaf	190	447	chatter:conversational opener; plan-mode:implementation plan
6abed914896ea18127c8fbb8	190	456	chatter:conversational opener; plan-mode:implementation plan
6abed914896ea18127c8fbce	190	478	chatter:conversational opener; plan-mode:implementation plan
6abed914896ea18127c8fbd3	190	483	chatter:conversational opener; plan-mode:implementation plan
6abed914896ea18127c8fbd8	190	488	chatter:conversational opener; plan-mode:implementation plan
6abed914896ea18127c8fbe1	190	497	chatter:conversational opener; plan-mode:implementation plan
6abed914896ea18127c8fc19	190	553	chatter:conversational opener; plan-mode:implementation plan
6abed914896ea18127c8fc2e	190	574	chatter:conversational opener; plan-mode:translation_plan
6abed914896ea18127c8fc42	190	594	plan-mode:Please review
6abed914896ea18127c8fc63	190	627	chatter:conversational opener; plan-mode:implementation plan
6abed914896ea18127c8fc72	190	642	chatter:conversational opener; plan-mode:implementation plan
6abed914896ea18127c8fc76	190	646	chatter:conversational opener; plan-mode:implementation plan
6abed914896ea18127c8fc95	190	677	chatter:conversational opener; plan-mode:implementation plan
6abed96d896ea18127c8fcde	191	10	chatter:conversational opener; plan-mode:translation_plan
6abed96d896ea18127c8fd0a	191	54	chatter:conversational opener; plan-mode:implementation plan
6abed96d896ea18127c8fd23	191	79	chatter:conversational opener; plan-mode:implementation plan
6abed96d896ea18127c8fd2f	191	91	chatter:conversational opener; plan-mode:implementation plan
6abed96d896ea18127c8fd57	191	131	chatter:conversational opener; plan-mode:implementation plan
6abed96d896ea18127c8fd5b	191	135	chatter:conversational opener; plan-mode:implementation plan
6abed96d896ea18127c8fd5f	191	139	chatter:conversational opener; plan-mode:implementation plan
6abed96d896ea18127c8fd78	191	164	chatter:conversational opener; plan-mode:implementation plan
6abed96d896ea18127c8fd79	191	165	chatter:conversational opener; plan-mode:implementation plan
6abed96d896ea18127c8fd8a	191	182	chatter:conversational opener; plan-mode:implementation plan
6abed96d896ea18127c8fda5	191	209	chatter:conversational opener; plan-mode:translation_plan
6abed96d896ea18127c8fdae	191	218	chatter:conversational opener; plan-mode:implementation plan
6abed96d896ea18127c8fdd3	191	255	chatter:conversational opener; plan-mode:implementation plan
6abed96d896ea18127c8fddc	191	264	chatter:conversational opener; plan-mode:translation_plan
6abed96d896ea18127c8fe0a	191	310	chatter:conversational opener; plan-mode:implementation plan
6abed96d896ea18127c8fe09	191	309	chatter:conversational opener; plan-mode:implementation plan
6abed96d896ea18127c8fe10	191	316	chatter:conversational opener; plan-mode:implementation plan
6abed96d896ea18127c8fe18	191	324	chatter:conversational opener; plan-mode:implementation plan
6abed96d896ea18127c8fe3a	191	358	chatter:conversational opener; plan-mode:implementation plan
6abed96d896ea18127c8fe54	191	384	chatter:conversational opener; plan-mode:implementation plan
6abed96d896ea18127c8fe52	191	382	chatter:conversational opener; plan-mode:translation_plan
6abed96d896ea18127c8fe5e	191	394	chatter:conversational opener; plan-mode:implementation plan
6abed96d896ea18127c8fe73	191	415	chatter:conversational opener; plan-mode:translation_plan
6abed96d896ea18127c8fe89	191	437	chatter:conversational opener; plan-mode:translation_plan
6abed96d896ea18127c8fe97	191	451	chatter:conversational opener; plan-mode:implementation plan
6abed96d896ea18127c8fea2	191	462	chatter:conversational opener; plan-mode:implementation plan
6abed96d896ea18127c8feae	191	474	chatter:conversational opener; plan-mode:implementation plan
6abed96d896ea18127c8febb	191	487	chatter:conversational opener; plan-mode:plan.md
6abed96d896ea18127c8fec9	191	501	chatter:conversational opener; plan-mode:implementation plan
6abed96d896ea18127c8fedb	191	519	chatter:conversational opener; plan-mode:implementation plan
6abed96d896ea18127c8fee1	191	525	chatter:conversational opener; plan-mode:translation_plan
6abed96d896ea18127c8fee5	191	529	chatter:conversational opener; plan-mode:implementation plan
6abed96d896ea18127c8fef0	191	540	chatter:conversational opener; plan-mode:implementation plan
6abed96d896ea18127c8fef9	191	549	chatter:conversational opener; plan-mode:implementation plan
6abed96d896ea18127c8fef4	191	544	chatter:conversational opener; plan-mode:implementation plan
6abed96d896ea18127c8ff13	191	575	chatter:conversational opener; plan-mode:implementation plan
6abed96d896ea18127c8ff15	191	577	chatter:conversational opener; plan-mode:implementation plan
6abed96d896ea18127c8ff18	191	580	chatter:conversational opener; plan-mode:translation_plan
6abed96d896ea18127c8ff1e	191	586	chatter:conversational opener; plan-mode:implementation plan
6abed96d896ea18127c8ff39	191	613	chatter:conversational opener; plan-mode:translation_plan
6abed96d896ea18127c8ff3f	191	619	chatter:conversational opener; plan-mode:implementation plan
6abed96d896ea18127c8ff41	191	621	chatter:conversational opener; plan-mode:implementation plan
6abed96d896ea18127c8ff5b	191	647	chatter:conversational opener; plan-mode:implementation plan
6abed96d896ea18127c8ff5f	191	651	chatter:conversational opener; plan-mode:implementation plan
6abed96d896ea18127c8ff61	191	653	chatter:conversational opener; plan-mode:implementation plan
6abed96d896ea18127c8ff70	191	668	chatter:conversational opener; plan-mode:implementation plan
6abed96d896ea18127c8ff9a	191	710	chatter:conversational opener; plan-mode:translation_plan
6abed9ad896ea18127c8ffb0	192	4	chatter:conversational opener; plan-mode:implementation plan
6abed9ad896ea18127c8ffbd	192	17	chatter:conversational opener; plan-mode:implementation plan
6abed9ad896ea18127c8ffc9	192	29	chatter:conversational opener; plan-mode:implementation plan
6abed9ad896ea18127c8ffd0	192	36	chatter:conversational opener; plan-mode:implementation plan
6abed9ad896ea18127c8ffe5	192	57	chatter:conversational opener; plan-mode:translation_plan
6abed9ad896ea18127c8fff6	192	74	chatter:conversational opener; plan-mode:implementation plan
6abed9ad896ea18127c90002	192	86	chatter:conversational opener; plan-mode:implementation plan
6abed9ad896ea18127c90051	192	165	chatter:conversational opener; plan-mode:implementation plan
6abed9ad896ea18127c90054	192	168	chatter:conversational opener; plan-mode:implementation plan
6abed9ad896ea18127c9006c	192	192	chatter:conversational opener; plan-mode:implementation plan
6abed9ad896ea18127c90075	192	201	chatter:conversational opener; plan-mode:implementation plan
6abed9ad896ea18127c9008a	192	222	chatter:conversational opener; plan-mode:implementation plan
6abed9ad896ea18127c90087	192	219	chatter:conversational opener; plan-mode:implementation plan
6abed9ad896ea18127c90094	192	232	chatter:conversational opener; plan-mode:implementation plan
6abed9ad896ea18127c90098	192	236	chatter:conversational opener; plan-mode:implementation plan
6abed9ad896ea18127c900b1	192	261	chatter:conversational opener; plan-mode:implementation plan
6abed9ad896ea18127c900dd	192	305	chatter:conversational opener; plan-mode:implementation plan
6abed9ad896ea18127c900e2	192	310	chatter:conversational opener; plan-mode:implementation plan
6abed9ad896ea18127c900ee	192	322	chatter:conversational opener; plan-mode:translation_plan
6abed9ad896ea18127c90104	192	344	chatter:conversational opener; plan-mode:implementation plan
6abed9ad896ea18127c90115	192	361	plan-mode:Please review
6abed9ad896ea18127c9013e	192	402	chatter:conversational opener; plan-mode:implementation plan
6abed9ad896ea18127c90140	192	404	chatter:conversational opener; plan-mode:implementation plan
6abed9ad896ea18127c90145	192	409	chatter:conversational opener; plan-mode:implementation plan
6abed9ad896ea18127c90160	192	436	chatter:conversational opener; plan-mode:implementation plan
6abed9ad896ea18127c90163	192	439	chatter:conversational opener; plan-mode:implementation plan
6abed9ad896ea18127c90182	192	470	chatter:conversational opener; plan-mode:implementation plan
6abed9ad896ea18127c90189	192	477	chatter:conversational opener; plan-mode:implementation plan
6abed9ad896ea18127c9018f	192	483	chatter:conversational opener; plan-mode:implementation plan
6abed9ad896ea18127c90197	192	491	chatter:conversational opener; plan-mode:implementation plan
6abed9ad896ea18127c901a5	192	505	chatter:conversational opener; plan-mode:implementation plan
6abed9ad896ea18127c901a0	192	500	chatter:conversational opener; plan-mode:implementation plan
6abed9ad896ea18127c901f3	192	583	chatter:conversational opener; plan-mode:implementation plan
6abed9ad896ea18127c901e1	192	565	chatter:conversational opener; plan-mode:translation_plan
6abed9ad896ea18127c901f9	192	589	chatter:conversational opener; plan-mode:implementation plan
6abed9ad896ea18127c901ff	192	595	chatter:conversational opener; plan-mode:implementation plan
6abed9ad896ea18127c90232	192	646	chatter:conversational opener; plan-mode:implementation plan
6abed9ad896ea18127c90239	192	653	chatter:conversational opener; plan-mode:implementation plan
6abed9ff896ea18127c9024d	193	9	chatter:conversational opener; plan-mode:implementation plan
6abed9ff896ea18127c90265	193	33	chatter:conversational opener; plan-mode:implementation plan
6abed9ff896ea18127c90288	193	68	chatter:conversational opener; plan-mode:translation_plan
6abed9ff896ea18127c9028d	193	73	chatter:conversational opener; plan-mode:implementation plan
6abed9ff896ea18127c90290	193	76	chatter:conversational opener; plan-mode:implementation plan
6abed9ff896ea18127c902b6	193	114	chatter:conversational opener; plan-mode:implementation plan
6abed9ff896ea18127c902b9	193	117	chatter:conversational opener; plan-mode:plan.md
6abed9ff896ea18127c902be	193	122	chatter:conversational opener; plan-mode:implementation plan
6abed9ff896ea18127c902d0	193	140	chatter:conversational opener; plan-mode:implementation plan
6abed9ff896ea18127c902db	193	151	chatter:conversational opener; plan-mode:implementation plan
6abed9ff896ea18127c902df	193	155	chatter:conversational opener; plan-mode:translation_plan
6abed9ff896ea18127c902ed	193	169	chatter:conversational opener; plan-mode:translation_plan
6abed9ff896ea18127c902f1	193	173	plan-mode:Please review; door:collapsed
6abed9ff896ea18127c90301	193	189	chatter:conversational opener; plan-mode:implementation plan
6abed9ff896ea18127c90312	193	206	chatter:conversational opener; plan-mode:implementation plan
6abed9ff896ea18127c90314	193	208	chatter:conversational opener; plan-mode:implementation plan
6abed9ff896ea18127c9030d	193	201	chatter:conversational opener; plan-mode:implementation plan
6abed9ff896ea18127c90319	193	213	chatter:conversational opener; plan-mode:implementation plan
6abed9ff896ea18127c90327	193	227	chatter:conversational opener; plan-mode:implementation plan
6abed9ff896ea18127c90329	193	229	chatter:conversational opener; plan-mode:implementation plan
6abed9ff896ea18127c90340	193	252	chatter:conversational opener; plan-mode:translation_plan
6abed9ff896ea18127c90349	193	261	chatter:conversational opener; plan-mode:output contract
6abed9ff896ea18127c90353	193	271	chatter:conversational opener; plan-mode:translation_plan
6abed9ff896ea18127c90355	193	273	chatter:conversational opener; plan-mode:implementation plan
6abed9ff896ea18127c90382	193	318	chatter:conversational opener; plan-mode:translation_plan
6abed9ff896ea18127c90383	193	319	chatter:conversational opener; plan-mode:implementation plan
6abed9ff896ea18127c903a3	193	351	chatter:conversational opener; plan-mode:implementation plan
6abed9ff896ea18127c903a7	193	355	chatter:conversational opener; plan-mode:implementation plan
6abed9ff896ea18127c903bd	193	377	chatter:conversational opener; plan-mode:implementation plan
6abed9ff896ea18127c903cd	193	393	chatter:conversational opener; plan-mode:implementation plan
6abed9ff896ea18127c903da	193	406	chatter:conversational opener; plan-mode:implementation plan
6abed9ff896ea18127c903e3	193	415	chatter:conversational opener; plan-mode:implementation plan
6abed9ff896ea18127c90404	193	448	chatter:conversational opener; plan-mode:translation_plan
6abed9ff896ea18127c90405	193	449	chatter:conversational opener; plan-mode:implementation plan
6abed9ff896ea18127c90419	193	469	chatter:conversational opener; plan-mode:implementation plan
6abed9ff896ea18127c90422	193	478	plan-mode:Please review; door:collapsed
6abed9ff896ea18127c90433	193	495	chatter:conversational opener; plan-mode:implementation plan
6abed9ff896ea18127c90434	193	496	chatter:conversational opener; plan-mode:implementation plan
6abed9ff896ea18127c9043b	193	503	chatter:conversational opener; plan-mode:implementation plan
6abed9ff896ea18127c90445	193	513	chatter:conversational opener; plan-mode:implementation plan
6abed9ff896ea18127c90443	193	511	chatter:conversational opener; plan-mode:implementation plan
6abed9ff896ea18127c9045d	193	537	chatter:conversational opener; plan-mode:implementation plan
6abed9ff896ea18127c9045a	193	534	chatter:conversational opener; plan-mode:implementation plan
6abed9ff896ea18127c90467	193	547	chatter:conversational opener; plan-mode:implementation plan
6abed9ff896ea18127c90477	193	563	chatter:conversational opener; plan-mode:implementation plan
6abed9ff896ea18127c90481	193	573	chatter:conversational opener; plan-mode:implementation plan
6abed9ff896ea18127c90493	193	591	chatter:conversational opener; plan-mode:implementation plan
6abed9ff896ea18127c904a4	193	608	chatter:conversational opener; plan-mode:implementation plan
6abed9ff896ea18127c904a9	193	613	chatter:conversational opener; plan-mode:implementation plan
6abed9ff896ea18127c904b0	193	620	chatter:conversational opener; plan-mode:translation_plan
6abeb159896ea18127c82743	96	191	stage1-failed:denied_tool
6abeb159896ea18127c8275e	96	218	chatter:conversational opener; plan-mode:implementation plan
6abeb159896ea18127c82789	96	261	stage1-failed:denied_tool
6abeb159896ea18127c827a6	96	290	stage1-failed:denied_tool
6abeb159896ea18127c827c9	96	325	stage1-failed:denied_tool
6abeb159896ea18127c827c1	96	317	stage1-failed:denied_tool
6abeb159896ea18127c827b6	96	306	chatter:conversational opener; plan-mode:translation_plan
6abeb159896ea18127c827e5	96	353	chatter:conversational opener; plan-mode:implementation plan
6abeb159896ea18127c827ed	96	361	chatter:conversational opener; plan-mode:implementation plan
6abeb159896ea18127c82807	96	387	chatter:conversational opener; plan-mode:implementation plan
6abeb159896ea18127c82821	96	413	stage1-failed:denied_tool
6abeb159896ea18127c8282c	96	424	stage1-failed:denied_tool
6abeb159896ea18127c82836	96	434	stage1-failed:denied_tool
6abeb159896ea18127c82832	96	430	chatter:conversational opener; plan-mode:implementation plan
6abeb159896ea18127c8283d	96	441	stage1-failed:denied_tool
6abeb159896ea18127c82880	96	508	stage1-failed:denied_tool
6abeb159896ea18127c82884	96	512	stage1-failed:denied_tool
6abeb159896ea18127c828ac	96	552	stage1-failed:denied_tool
6abeb159896ea18127c828ad	96	553	stage1-failed:denied_tool
6abeb1dd896ea18127c828c5	97	7	chatter:conversational opener; plan-mode:implementation plan
6abeb1dd896ea18127c828c8	97	10	stage1-failed:denied_tool
6abeb159896ea18127c828b5	96	561	stage1-failed:denied_tool
6abeb1dd896ea18127c828cc	97	14	stage1-failed:denied_tool
6abeb1dd896ea18127c828d8	97	26	stage1-failed:denied_tool
6abeb1dd896ea18127c828df	97	33	chatter:conversational opener; plan-mode:implementation plan
6abeb1dd896ea18127c8290a	97	76	door:runaway
6abeb1dd896ea18127c82918	97	90	chatter:conversational opener; plan-mode:implementation plan
6abeb1dd896ea18127c82921	97	99	chatter:conversational opener; plan-mode:implementation plan
6abeb1dd896ea18127c82942	97	132	stage1-failed:denied_tool
6abeb1dd896ea18127c82964	97	166	plan-mode:Please review
6abeb1dd896ea18127c8298a	97	204	stage1-failed:denied_tool
6abeb1dd896ea18127c829a5	97	231	stage1-failed:denied_tool
6abeb1dd896ea18127c8298c	97	206	chatter:conversational opener; plan-mode:translation_plan
6abeb1dd896ea18127c829cf	97	273	stage1-failed:denied_tool
6abeb1dd896ea18127c82a11	97	339	stage1-failed:denied_tool
6abeb1dd896ea18127c82a3e	97	384	chatter:conversational opener; plan-mode:implementation plan
6abeb1dd896ea18127c82a6b	97	429	stage1-failed:denied_tool
6abeb1dd896ea18127c82a6a	97	428	chatter:conversational opener; plan-mode:implementation plan
6abeb1dd896ea18127c82a8e	97	464	chatter:conversational opener; plan-mode:implementation plan
6abeb1dd896ea18127c82a9c	97	478	stage1-failed:denied_tool
6abeb1dd896ea18127c82a99	97	475	chatter:conversational opener; plan-mode:implementation plan
6abeb1dd896ea18127c82abc	97	510	stage1-failed:denied_tool
6abeb1dd896ea18127c82ace	97	528	stage1-failed:denied_tool
6abeb1dd896ea18127c82ade	97	544	chatter:conversational opener; plan-mode:implementation plan
6abeb1dd896ea18127c82adc	97	542	chatter:conversational opener; plan-mode:implementation plan
6abeb1dd896ea18127c82aee	97	560	chatter:conversational opener; plan-mode:implementation plan
6abeb1dd896ea18127c82af7	97	569	stage1-failed:denied_tool
6abeb1dd896ea18127c82af5	97	567	stage1-failed:denied_tool
6abeb20c896ea18127c82b08	98	5	chatter:conversational opener; plan-mode:implementation plan
6abeb20c896ea18127c82b10	98	13	stage1-failed:denied_tool
6abeb20c896ea18127c82b06	98	3	chatter:conversational opener; plan-mode:implementation plan
6abeb20c896ea18127c82b11	98	14	chatter:conversational opener; plan-mode:implementation plan
6abeb20c896ea18127c82b26	98	35	stage1-failed:denied_tool
6abeb20c896ea18127c82b28	98	37	stage1-failed:denied_tool
6abeb20c896ea18127c82b2c	98	41	stage1-failed:denied_tool
6abeb20c896ea18127c82b35	98	50	stage1-failed:denied_tool
6abeb20c896ea18127c82b3d	98	58	stage1-failed:denied_tool
6abeb20c896ea18127c82b44	98	65	stage1-failed:denied_tool
6abeb20c896ea18127c82b48	98	69	stage1-failed:denied_tool
6abeb20c896ea18127c82b4c	98	73	stage1-failed:denied_tool
6abeb20c896ea18127c82b80	98	125	chatter:conversational opener; plan-mode:implementation plan
6abeb20c896ea18127c82bb5	98	178	chatter:conversational opener; plan-mode:implementation plan
6abeb20c896ea18127c82bbe	98	187	stage1-failed:denied_tool
6abeb20c896ea18127c82bc6	98	195	stage1-failed:denied_tool
6abeb20c896ea18127c82bcb	98	200	chatter:conversational opener; plan-mode:implementation plan
6abeb20c896ea18127c82bca	98	199	chatter:conversational opener; plan-mode:implementation plan
6abeb20c896ea18127c82bfb	98	248	stage1-failed:denied_tool
6abeb20c896ea18127c82c1b	98	280	chatter:conversational opener; plan-mode:implementation plan
6abeb20c896ea18127c82c1d	98	282	chatter:conversational opener; plan-mode:translation_plan
6abeb20c896ea18127c82c2c	98	297	stage1-failed:denied_tool
6abeb20c896ea18127c82c44	98	321	stage1-failed:denied_tool
6abeb20c896ea18127c82c3c	98	313	chatter:conversational opener; plan-mode:implementation plan
6abeb20c896ea18127c82c3d	98	314	plan-mode:my task
6abeb20c896ea18127c82c42	98	319	stage1-failed:denied_tool
6abeb20c896ea18127c82c4a	98	327	chatter:conversational opener; plan-mode:translation_plan
6abeb20c896ea18127c82c66	98	355	chatter:conversational opener; plan-mode:implementation plan
6abeb20c896ea18127c82c9e	98	411	chatter:conversational opener; plan-mode:implementation plan
6abeb20c896ea18127c82cee	98	491	chatter:conversational opener; plan-mode:implementation plan
6abeb20c896ea18127c82d18	98	533	chatter:conversational opener; plan-mode:implementation plan
6abeb20c896ea18127c82d20	98	541	chatter:conversational opener; plan-mode:implementation plan
6abeb20c896ea18127c82d2d	98	554	stage1-failed:denied_tool
6abeb20c896ea18127c82d31	98	558	stage1-failed:denied_tool
6abeb20c896ea18127c82d41	98	574	stage1-failed:denied_tool
6abeb20c896ea18127c82d37	98	564	chatter:conversational opener; plan-mode:implementation plan
6abeb20c896ea18127c82d63	98	608	stage1-failed:denied_tool
6abeb20c896ea18127c82d81	98	638	stage1-failed:denied_tool
6abeb20c896ea18127c82d7c	98	633	chatter:conversational opener; plan-mode:implementation plan
6abeb247896ea18127c82d9c	99	3	chatter:conversational opener; plan-mode:implementation plan
6abeb247896ea18127c82db2	99	25	chatter:conversational opener; plan-mode:implementation plan
6abeb247896ea18127c82de5	99	76	stage1-failed:denied_tool
6abeb247896ea18127c82df6	99	93	stage1-failed:denied_tool
6abeb247896ea18127c82e28	99	143	stage1-failed:denied_tool
6abeb247896ea18127c82e0b	99	114	stage1-failed:denied_tool
6abeb247896ea18127c82e0f	99	118	chatter:conversational opener; plan-mode:implementation plan
6abeb247896ea18127c82e3d	99	164	stage1-failed:denied_tool
6abeb247896ea18127c82e51	99	184	chatter:conversational opener; plan-mode:implementation plan
6abeb247896ea18127c82e76	99	221	chatter:conversational opener; plan-mode:implementation plan
6abeb247896ea18127c82e79	99	224	chatter:conversational opener; plan-mode:implementation plan
6abeb247896ea18127c82e88	99	239	chatter:conversational opener; plan-mode:implementation plan
6abeb247896ea18127c82e8c	99	243	stage1-failed:denied_tool
6abeb247896ea18127c82ed8	99	319	stage1-failed:denied_tool
6abeb247896ea18127c82ed0	99	311	chatter:conversational opener; plan-mode:translation_plan
6abeb247896ea18127c82f0e	99	373	chatter:conversational opener; plan-mode:implementation plan
6abeb247896ea18127c82f13	99	378	stage1-failed:denied_tool
6abeb247896ea18127c82f49	99	432	stage1-failed:denied_tool
6abeb247896ea18127c82f26	99	397	chatter:conversational opener; plan-mode:implementation plan
6abeb247896ea18127c82f55	99	444	stage1-failed:denied_tool
6abeb247896ea18127c82f58	99	447	stage1-failed:denied_tool
6abeb247896ea18127c82f67	99	462	stage1-failed:denied_tool
6abeb247896ea18127c82f65	99	460	chatter:conversational opener; plan-mode:translation_plan
6abeb247896ea18127c82f73	99	474	stage1-failed:denied_tool
6abeb247896ea18127c82f94	99	507	stage1-failed:denied_tool
6abeb247896ea18127c82f74	99	475	chatter:conversational opener; plan-mode:translation_plan
6abeb247896ea18127c82fa6	99	525	stage1-failed:denied_tool
6abeb247896ea18127c82fa4	99	523	chatter:conversational opener; plan-mode:implementation plan
6abeb247896ea18127c82fa9	99	528	chatter:conversational opener; plan-mode:implementation plan
6abeb289896ea18127c83026	100	77	stage1-failed:denied_tool
6abeb289896ea18127c82fe5	100	12	stage1-failed:denied_tool
6abeb289896ea18127c82fe0	100	7	chatter:conversational opener; plan-mode:implementation plan
6abeb289896ea18127c82ff0	100	23	chatter:conversational opener; plan-mode:implementation plan
6abeb289896ea18127c8303a	100	97	stage1-failed:denied_tool
6abeb289896ea18127c83054	100	123	stage1-failed:denied_tool
6abeb289896ea18127c83076	100	157	chatter:conversational opener; plan-mode:implementation plan
6abeb289896ea18127c83069	100	144	chatter:conversational opener; plan-mode:implementation plan
6abeb289896ea18127c830c2	100	233	chatter:conversational opener; plan-mode:implementation plan
6abeb289896ea18127c830dd	100	260	stage1-failed:denied_tool
6abeb289896ea18127c830ee	100	277	stage1-failed:denied_tool
6abeb289896ea18127c8310f	100	310	stage1-failed:denied_tool
6abeb289896ea18127c83103	100	298	chatter:conversational opener; plan-mode:implementation plan
6abeb289896ea18127c8311a	100	321	stage1-failed:denied_tool
6abeb289896ea18127c83129	100	336	stage1-failed:denied_tool
6abeb289896ea18127c83150	100	375	stage1-failed:denied_tool
6abeb289896ea18127c8315a	100	385	stage1-failed:denied_tool
6abeb289896ea18127c8317b	100	418	stage1-failed:denied_tool
6abeb289896ea18127c8316f	100	406	chatter:conversational opener; plan-mode:implementation plan
6abeb289896ea18127c831b9	100	480	stage1-failed:denied_tool
6abeb289896ea18127c831cb	100	498	chatter:conversational opener; plan-mode:implementation plan
6abeb289896ea18127c831f4	100	539	stage1-failed:denied_tool
6abeb289896ea18127c83243	100	618	stage1-failed:denied_tool
6abeb289896ea18127c8320e	100	565	chatter:conversational opener; plan-mode:implementation plan
6abeb289896ea18127c83247	100	622	stage1-failed:denied_tool
6abeb289896ea18127c8324f	100	630	stage1-failed:denied_tool
6abeb289896ea18127c83256	100	637	stage1-failed:denied_tool
6abeb289896ea18127c83254	100	635	stage1-failed:denied_tool
6abeb289896ea18127c83264	100	651	chatter:conversational opener; plan-mode:implementation plan
6abeb289896ea18127c83266	100	653	chatter:conversational opener; plan-mode:implementation plan
6abeb2b4896ea18127c8329b	101	28	stage1-failed:denied_tool
6abeb2b4896ea18127c8328f	101	16	chatter:conversational opener; plan-mode:implementation plan
6abeb2b4896ea18127c832a0	101	33	stage1-failed:denied_tool
6abeb2b4896ea18127c832b0	101	49	chatter:conversational opener; plan-mode:implementation plan
6abeb2b4896ea18127c832bd	101	62	stage1-failed:denied_tool
6abeb2b4896ea18127c832c4	101	69	stage1-failed:denied_tool
6abeb2b4896ea18127c832cb	101	76	stage1-failed:denied_tool
6abeb2b4896ea18127c832f9	101	122	stage1-failed:denied_tool
6abeb2b4896ea18127c83315	101	150	stage1-failed:denied_tool
6abeb2b4896ea18127c8335a	101	219	stage1-failed:denied_tool
6abeb2b4896ea18127c83365	101	230	stage1-failed:denied_tool
6abeb2b4896ea18127c8335b	101	220	chatter:conversational opener; plan-mode:implementation plan
6abeb2b4896ea18127c83369	101	234	stage1-failed:denied_tool
6abeb2b4896ea18127c8338d	101	270	chatter:conversational opener; plan-mode:implementation plan
6abeb2b4896ea18127c833a8	101	297	chatter:conversational opener; plan-mode:implementation plan
6abeb2b4896ea18127c833ee	101	367	stage1-failed:denied_tool
6abeb2b4896ea18127c83407	101	392	stage1-failed:denied_tool
6abeb2b4896ea18127c83427	101	424	stage1-failed:denied_tool
6abeb2b4896ea18127c83457	101	472	stage1-failed:denied_tool
6abeb2b4896ea18127c8343c	101	445	chatter:conversational opener; plan-mode:implementation plan
6abeb2b4896ea18127c8346b	101	492	stage1-failed:denied_tool
6abeb2b4896ea18127c83479	101	506	chatter:conversational opener; plan-mode:implementation plan
6abeb2b4896ea18127c83485	101	518	stage1-failed:denied_tool
6abeb2b4896ea18127c834ac	101	557	stage1-failed:denied_tool
6abeb2b4896ea18127c834af	101	560	stage1-failed:denied_tool
6abeb2b4896ea18127c8350f	101	656	stage1-failed:denied_tool
6abeb2b4896ea18127c8351f	101	672	chatter:conversational opener; plan-mode:implementation plan
6abe825259b86b7d32a65981	102	5	chatter:conversational opener; plan-mode:implementation plan
6abe825259b86b7d32a659aa	102	46	stage1-failed:denied_tool
6abe825259b86b7d32a659ab	102	47	stage1-failed:denied_tool
6abe825259b86b7d32a659c1	102	69	stage1-failed:denied_tool
6abe825259b86b7d32a659af	102	51	plan-mode:implementation plan
6abe825259b86b7d32a65a19	102	157	stage1-failed:denied_tool
6abe825259b86b7d32a659fc	102	128	chatter:conversational opener; plan-mode:implementation plan
6abe825259b86b7d32a65a36	102	186	stage1-failed:denied_tool
6abe825259b86b7d32a65a42	102	198	stage1-failed:denied_tool
6abe825259b86b7d32a65a4d	102	209	stage1-failed:denied_tool
6abe825259b86b7d32a65a52	102	214	stage1-failed:denied_tool
6abe825259b86b7d32a65a77	102	251	stage1-failed:denied_tool
6abe825259b86b7d32a65a78	102	252	stage1-failed:denied_tool
6abe825259b86b7d32a65a99	102	285	stage1-failed:denied_tool
6abe825259b86b7d32a65a8f	102	275	chatter:conversational opener; plan-mode:implementation plan
6abe825259b86b7d32a65aae	102	306	stage1-failed:denied_tool
6abe825259b86b7d32a65aa4	102	296	stage1-failed:denied_tool
6abe825259b86b7d32a65ab4	102	312	stage1-failed:denied_tool
6abe825259b86b7d32a65b05	102	393	stage1-failed:denied_tool
6abe825259b86b7d32a65abb	102	319	chatter:conversational opener; plan-mode:implementation plan
6abe825259b86b7d32a65b1e	102	418	stage1-failed:denied_tool
6abe825259b86b7d32a65b19	102	413	stage1-failed:denied_tool
6abe825259b86b7d32a65b0e	102	402	chatter:conversational opener; plan-mode:implementation plan
6abe825259b86b7d32a65b15	102	409	stage1-failed:denied_tool
6abe825259b86b7d32a65b41	102	453	stage1-failed:denied_tool
6abe825259b86b7d32a65b64	102	488	stage1-failed:denied_tool
6abe825259b86b7d32a65b3c	102	448	chatter:conversational opener; plan-mode:implementation plan
6abe825259b86b7d32a65b6e	102	498	stage1-failed:denied_tool
6abe825259b86b7d32a65b77	102	507	stage1-failed:denied_tool
6abe825259b86b7d32a65b82	102	518	chatter:conversational opener; plan-mode:implementation plan
6abe825259b86b7d32a65b86	102	522	chatter:conversational opener; plan-mode:implementation plan
6abe825259b86b7d32a65b9d	102	545	stage1-failed:denied_tool
6abe825259b86b7d32a65b94	102	536	chatter:conversational opener; plan-mode:implementation plan
6abe825259b86b7d32a65ba8	102	556	stage1-failed:denied_tool
6abe825259b86b7d32a65ba5	102	553	chatter:conversational opener; plan-mode:implementation plan
6abe825259b86b7d32a65bb0	102	564	stage1-failed:denied_tool
6abe825259b86b7d32a65bdb	102	607	stage1-failed:denied_tool
6abe825259b86b7d32a65bca	102	590	chatter:conversational opener; plan-mode:implementation plan
6abe825259b86b7d32a65be8	102	620	stage1-failed:denied_tool
6abe825259b86b7d32a65bea	102	622	chatter:conversational opener; plan-mode:implementation plan
6abe825259b86b7d32a65bef	102	627	chatter:conversational opener; plan-mode:implementation plan
6abe825259b86b7d32a65bf0	102	628	chatter:conversational opener; plan-mode:implementation plan
6abe825259b86b7d32a65bf5	102	633	chatter:conversational opener; plan-mode:translation_plan
6abe825259b86b7d32a65bfd	102	641	stage1-failed:denied_tool
6abe825259b86b7d32a65c1b	102	671	stage1-failed:denied_tool
6abe825259b86b7d32a65c19	102	669	chatter:conversational opener; plan-mode:implementation plan
6abeb2ee896ea18127c8352e	103	3	stage1-failed:denied_tool
6abeb2ee896ea18127c83531	103	6	stage1-failed:denied_tool
6abeb2ee896ea18127c8352d	103	2	stage1-failed:denied_tool
6abeb2ee896ea18127c83551	103	38	chatter:conversational opener; plan-mode:translation_plan
6abeb2ee896ea18127c8355a	103	47	chatter:conversational opener; plan-mode:implementation plan
6abeb2ee896ea18127c8356a	103	63	stage1-failed:denied_tool
6abeb2ee896ea18127c83576	103	75	stage1-failed:denied_tool
6abeb2ee896ea18127c83570	103	69	stage1-failed:denied_tool
6abeb2ee896ea18127c83588	103	93	stage1-failed:denied_tool
6abeb2ee896ea18127c8358b	103	96	chatter:conversational opener; plan-mode:implementation plan
6abeb2ee896ea18127c835a0	103	117	stage1-failed:denied_tool
6abeb2ee896ea18127c8358e	103	99	chatter:conversational opener; plan-mode:implementation plan
6abeb2ee896ea18127c835d4	103	169	stage1-failed:denied_tool
6abeb2ee896ea18127c835ed	103	194	chatter:conversational opener; plan-mode:implementation plan
6abeb2ee896ea18127c83617	103	236	chatter:conversational opener; plan-mode:implementation plan
6abeb2ee896ea18127c8362e	103	259	stage1-failed:denied_tool
6abeb2ee896ea18127c8362d	103	258	stage1-failed:denied_tool
6abeb2ee896ea18127c8364e	103	291	stage1-failed:denied_tool
6abeb2ee896ea18127c83688	103	349	stage1-failed:denied_tool
6abeb2ee896ea18127c8368e	103	355	chatter:conversational opener; plan-mode:implementation plan
6abeb2ee896ea18127c83698	103	365	stage1-failed:denied_tool
6abeb2ee896ea18127c8369b	103	368	stage1-failed:denied_tool
6abeb2ee896ea18127c836b1	103	390	stage1-failed:denied_tool
6abeb2ee896ea18127c836bd	103	402	stage1-failed:denied_tool
6abeb2ee896ea18127c836b9	103	398	stage1-failed:denied_tool
6abeb2ee896ea18127c836d9	103	430	stage1-failed:denied_tool
6abeb2ee896ea18127c836d5	103	426	chatter:conversational opener; plan-mode:implementation plan
6abeb2ee896ea18127c836ea	103	447	chatter:conversational opener; plan-mode:implementation plan
6abeb2ee896ea18127c8374d	103	546	stage1-failed:denied_tool
6abeb2ee896ea18127c836f7	103	460	stage1-failed:denied_tool
6abeb2ee896ea18127c83754	103	553	stage1-failed:denied_tool
6abeb2ee896ea18127c8376c	103	577	stage1-failed:denied_tool
6abeb2ee896ea18127c83791	103	614	stage1-failed:denied_tool
6abeb2ee896ea18127c8377f	103	596	stage1-failed:denied_tool
6abeb2ee896ea18127c837ec	103	705	chatter:conversational opener; plan-mode:translation_plan
6abeb2ee896ea18127c8380d	103	738	stage1-failed:denied_tool
6abeb331896ea18127c83865	104	74	stage1-failed:denied_tool
6abeb331896ea18127c838a9	104	142	stage1-failed:denied_tool
6abeb331896ea18127c838b9	104	158	stage1-failed:denied_tool
6abeb331896ea18127c838ca	104	175	stage1-failed:denied_tool
6abeb331896ea18127c838ce	104	179	stage1-failed:denied_tool
6abeb331896ea18127c83901	104	230	stage1-failed:denied_tool
6abeb331896ea18127c838f9	104	222	chatter:conversational opener; plan-mode:translation_plan
6abeb331896ea18127c83915	104	250	stage1-failed:denied_tool
6abeb331896ea18127c83928	104	269	chatter:conversational opener; plan-mode:implementation plan
6abeb331896ea18127c83949	104	302	chatter:conversational opener; plan-mode:implementation plan
6abeb331896ea18127c8396b	104	336	chatter:conversational opener; plan-mode:implementation plan
6abeb331896ea18127c83990	104	373	stage1-failed:denied_tool
6abeb331896ea18127c83994	104	377	stage1-failed:denied_tool
6abeb331896ea18127c839ac	104	401	stage1-failed:denied_tool
6abeb331896ea18127c839c4	104	425	chatter:conversational opener; plan-mode:implementation plan
6abeb331896ea18127c839cc	104	433	chatter:conversational opener; plan-mode:translation_plan
6abeb331896ea18127c839be	104	419	chatter:conversational opener; plan-mode:implementation plan
6abeb331896ea18127c839d1	104	438	stage1-failed:denied_tool
6abeb331896ea18127c839fc	104	481	stage1-failed:denied_tool
6abeb331896ea18127c839ff	104	484	stage1-failed:denied_tool
6abeb331896ea18127c83a0d	104	498	stage1-failed:denied_tool
6abeb331896ea18127c83a18	104	509	stage1-failed:denied_tool
6abeb331896ea18127c83a27	104	524	stage1-failed:denied_tool
6abeb331896ea18127c83a2c	104	529	stage1-failed:denied_tool
6abeb331896ea18127c83a34	104	537	stage1-failed:denied_tool
6abeb331896ea18127c83a3d	104	546	stage1-failed:denied_tool
6abeb331896ea18127c83a4c	104	561	stage1-failed:denied_tool
6abeb331896ea18127c83a55	104	570	stage1-failed:denied_tool
6abeb331896ea18127c83a70	104	597	stage1-failed:denied_tool
6abeb331896ea18127c83a71	104	598	stage1-failed:denied_tool
6abeb331896ea18127c83aa2	104	647	stage1-failed:denied_tool
6abeb331896ea18127c83a7c	104	609	chatter:conversational opener; plan-mode:implementation plan
6abeb331896ea18127c83a99	104	638	chatter:conversational opener; plan-mode:implementation plan
6abeb331896ea18127c83ab6	104	667	chatter:conversational opener; plan-mode:implementation plan
6abeb331896ea18127c83abd	104	674	chatter:conversational opener; plan-mode:implementation plan
6abeb331896ea18127c83acb	104	688	chatter:conversational opener; plan-mode:implementation plan
6abeb331896ea18127c83aef	104	724	stage1-failed:denied_tool
6abeb331896ea18127c83add	104	706	chatter:conversational opener; plan-mode:implementation plan
6abeb361896ea18127c83b10	105	25	stage1-failed:denied_tool
6abeb361896ea18127c83b35	105	62	stage1-failed:denied_tool
6abeb361896ea18127c83b32	105	59	chatter:conversational opener; plan-mode:implementation plan
6abeb361896ea18127c83b3d	105	70	stage1-failed:denied_tool
6abeb361896ea18127c83b50	105	89	stage1-failed:denied_tool
6abeb361896ea18127c83b44	105	77	chatter:conversational opener; plan-mode:translation_plan
6abeb361896ea18127c83bb0	105	185	stage1-failed:denied_tool
6abeb361896ea18127c83bb2	105	187	stage1-failed:denied_tool
6abeb361896ea18127c83bdb	105	228	stage1-failed:denied_tool
6abeb361896ea18127c83bcc	105	213	chatter:conversational opener; plan-mode:implementation plan
6abeb361896ea18127c83bed	105	246	stage1-failed:denied_tool
6abeb361896ea18127c83c24	105	301	stage1-failed:denied_tool
6abeb361896ea18127c83c1c	105	293	stage1-failed:denied_tool
6abeb361896ea18127c83c04	105	269	chatter:conversational opener; plan-mode:implementation plan
6abeb361896ea18127c83cac	105	437	chatter:conversational opener; plan-mode:translation_plan
6abeb361896ea18127c83caf	105	440	stage1-failed:denied_tool
6abeb361896ea18127c83cc2	105	459	stage1-failed:denied_tool
6abeb361896ea18127c83cbf	105	456	chatter:conversational opener; plan-mode:implementation plan
6abeb361896ea18127c83cca	105	467	chatter:conversational opener; plan-mode:implementation plan
6abeb361896ea18127c83cea	105	499	stage1-failed:denied_tool
6abeb361896ea18127c83cef	105	504	stage1-failed:denied_tool
6abeb361896ea18127c83cf0	105	505	stage1-failed:denied_tool
6abeb361896ea18127c83cf1	105	506	stage1-failed:denied_tool
6abeb361896ea18127c83d0b	105	532	chatter:conversational opener; plan-mode:implementation plan
6abeb361896ea18127c83d16	105	543	chatter:conversational opener; plan-mode:implementation plan
6abeb361896ea18127c83d28	105	561	stage1-failed:denied_tool
6abeb361896ea18127c83d2e	105	567	stage1-failed:denied_tool
6abeb361896ea18127c83d45	105	590	stage1-failed:denied_tool
6abeb361896ea18127c83d4b	105	596	stage1-failed:denied_tool
6abeb361896ea18127c83d66	105	623	stage1-failed:denied_tool
6abeb361896ea18127c83d6a	105	627	stage1-failed:denied_tool
6abeb361896ea18127c83d6f	105	632	stage1-failed:denied_tool
6abeb361896ea18127c83d87	105	656	chatter:conversational opener; plan-mode:translation_plan
6abeb361896ea18127c83d8b	105	660	stage1-failed:denied_tool
6abeb361896ea18127c83d94	105	669	chatter:conversational opener; plan-mode:implementation plan
6abeb3a1896ea18127c83de5	106	50	stage1-failed:denied_tool
6abeb3a1896ea18127c83dd4	106	33	chatter:conversational opener; plan-mode:implementation plan
6abeb3a1896ea18127c83de2	106	47	chatter:conversational opener; plan-mode:implementation plan
6abeb3a1896ea18127c83dec	106	57	stage1-failed:denied_tool
6abeb3a1896ea18127c83e0c	106	89	stage1-failed:denied_tool
6abeb3a1896ea18127c83e16	106	99	stage1-failed:denied_tool
6abeb3a1896ea18127c83e2b	106	120	stage1-failed:denied_tool
6abeb3a1896ea18127c83e2a	106	119	chatter:conversational opener; plan-mode:implementation plan
6abeb3a1896ea18127c83e41	106	142	stage1-failed:denied_tool
6abeb3a1896ea18127c83e9d	106	234	stage1-failed:denied_tool
6abeb3a1896ea18127c83e67	106	180	chatter:conversational opener; plan-mode:implementation plan
6abeb3a1896ea18127c83eb3	106	256	stage1-failed:denied_tool
6abeb3a1896ea18127c83eac	106	249	chatter:conversational opener; plan-mode:plan.md
6abeb3a1896ea18127c83ed8	106	293	stage1-failed:denied_tool
6abeb3a1896ea18127c83edc	106	297	chatter:conversational opener; plan-mode:implementation plan
6abeb3a1896ea18127c83efb	106	328	stage1-failed:denied_tool
6abeb3a1896ea18127c83ee9	106	310	stage1-failed:denied_tool
6abeb3a1896ea18127c83f04	106	337	stage1-failed:denied_tool
6abeb3a1896ea18127c83f1f	106	364	chatter:conversational opener; plan-mode:implementation plan
6abeb3a1896ea18127c83f4b	106	408	stage1-failed:denied_tool
6abeb3a1896ea18127c83f65	106	434	stage1-failed:denied_tool
6abeb3a1896ea18127c83f9f	106	492	stage1-failed:denied_tool
6abeb3a1896ea18127c83fbf	106	524	stage1-failed:denied_tool
6abeb3a1896ea18127c83fae	106	507	chatter:conversational opener; plan-mode:implementation plan
6abeb3a1896ea18127c83fc3	106	528	stage1-failed:denied_tool
6abeb3a1896ea18127c83fd2	106	543	stage1-failed:denied_tool
6abeb3a1896ea18127c83fd1	106	542	stage1-failed:denied_tool
6abeb3a1896ea18127c83fcf	106	540	chatter:conversational opener; plan-mode:plan.md
6abeb3a1896ea18127c83fe3	106	560	stage1-failed:denied_tool
6abeb3a1896ea18127c83fdb	106	552	door:runaway
6abeb3d8896ea18127c83ff2	107	3	stage1-failed:denied_tool
6abeb3d8896ea18127c83ff1	107	2	stage1-failed:denied_tool
6abeb3d8896ea18127c8400d	107	30	stage1-failed:denied_tool
6abeb3d8896ea18127c83ffd	107	14	chatter:conversational opener; plan-mode:implementation plan
6abeb3d8896ea18127c84006	107	23	chatter:conversational opener; plan-mode:implementation plan
6abeb3d8896ea18127c8400f	107	32	stage1-failed:denied_tool
6abeb3d8896ea18127c84018	107	41	stage1-failed:denied_tool
6abeb3d8896ea18127c84013	107	36	stage1-failed:denied_tool
6abeb3d8896ea18127c8401d	107	46	stage1-failed:denied_tool
6abeb3d8896ea18127c84025	107	54	stage1-failed:denied_tool
6abeb3d8896ea18127c8402b	107	60	stage1-failed:denied_tool
6abeb3d8896ea18127c84022	107	51	stage1-failed:denied_tool
6abeb3d8896ea18127c8402f	107	64	stage1-failed:denied_tool
6abeb3d8896ea18127c8403e	107	79	stage1-failed:denied_tool
6abeb3d8896ea18127c84044	107	85	stage1-failed:denied_tool
6abeb3d8896ea18127c84034	107	69	stage1-failed:denied_tool
6abeb3d8896ea18127c84042	107	83	stage1-failed:denied_tool
6abeb3d8896ea18127c8404a	107	91	stage1-failed:denied_tool
6abeb3d8896ea18127c84047	107	88	chatter:conversational opener; plan-mode:implementation plan
6abeb3d8896ea18127c84057	107	104	chatter:conversational opener; plan-mode:translation_plan
6abeb3d8896ea18127c8405c	107	109	stage1-failed:denied_tool
6abeb3d8896ea18127c8404b	107	92	chatter:conversational opener; plan-mode:implementation plan
6abeb3d8896ea18127c8405e	107	111	chatter:conversational opener; plan-mode:implementation plan
6abeb3d8896ea18127c8406a	107	123	stage1-failed:denied_tool
6abeb3d8896ea18127c8406d	107	126	chatter:conversational opener; plan-mode:implementation plan
6abeb3d8896ea18127c84075	107	134	stage1-failed:denied_tool
6abeb3d8896ea18127c84077	107	136	chatter:conversational opener; plan-mode:implementation plan
6abeb3d8896ea18127c840b8	107	201	stage1-failed:denied_tool
6abeb3d8896ea18127c840a8	107	185	chatter:conversational opener; plan-mode:implementation plan
6abeb3d8896ea18127c840c2	107	211	stage1-failed:denied_tool
6abeb3d8896ea18127c840c7	107	216	chatter:conversational opener; plan-mode:implementation plan
6abeb3d8896ea18127c840e2	107	243	stage1-failed:denied_tool
6abeb3d8896ea18127c840d6	107	231	chatter:conversational opener; plan-mode:implementation plan
6abeb3d8896ea18127c840e4	107	245	stage1-failed:denied_tool
6abeb3d8896ea18127c84104	107	277	stage1-failed:denied_tool
6abeb3d8896ea18127c8412a	107	315	stage1-failed:denied_tool
6abeb3d8896ea18127c8414e	107	351	stage1-failed:denied_tool
6abeb3d8896ea18127c84123	107	308	stage1-failed:denied_tool
6abeb3d8896ea18127c8415c	107	365	stage1-failed:denied_tool
6abeb3d8896ea18127c8415e	107	367	stage1-failed:denied_tool
6abeb3d8896ea18127c84172	107	387	stage1-failed:denied_tool
6abeb3d8896ea18127c8415d	107	366	stage1-failed:status_ERROR
6abeb3d8896ea18127c84181	107	402	stage1-failed:denied_tool
6abeb3d8896ea18127c8419e	107	431	stage1-failed:denied_tool
6abeb3d8896ea18127c8419f	107	432	stage1-failed:denied_tool
6abeb3d8896ea18127c841ad	107	446	stage1-failed:denied_tool
6abeb3d8896ea18127c841be	107	463	stage1-failed:denied_tool
6abeb3d8896ea18127c841c6	107	471	stage1-failed:denied_tool
6abeb3d8896ea18127c841bc	107	461	chatter:conversational opener; plan-mode:implementation plan; door:collapsed
6abeb3d8896ea18127c841ef	107	512	stage1-failed:denied_tool
6abeb3d8896ea18127c841f1	107	514	stage1-failed:denied_tool
6abeb3d8896ea18127c841fb	107	524	stage1-failed:denied_tool
6abeb3d8896ea18127c841f7	107	520	stage1-failed:denied_tool
6abeb3d8896ea18127c841fc	107	525	stage1-failed:denied_tool
6abeb3d8896ea18127c8420a	107	539	stage1-failed:denied_tool
6abeb3d8896ea18127c841fe	107	527	chatter:conversational opener; plan-mode:translation_plan
6abeb3d8896ea18127c8420d	107	542	stage1-failed:denied_tool
6abeb3d8896ea18127c8420b	107	540	stage1-failed:denied_tool
6abeb3d8896ea18127c84213	107	548	stage1-failed:denied_tool
6abeb406896ea18127c8423b	108	4	stage1-failed:denied_tool
6abeb3d8896ea18127c8421d	107	558	chatter:conversational opener; plan-mode:implementation plan
6abeb406896ea18127c84277	108	64	stage1-failed:denied_tool
6abeb406896ea18127c84248	108	17	chatter:conversational opener; plan-mode:implementation plan
6abeb406896ea18127c84247	108	16	chatter:conversational opener; plan-mode:implementation plan
6abeb406896ea18127c84287	108	80	stage1-failed:denied_tool
6abeb406896ea18127c842a7	108	112	stage1-failed:denied_tool
6abeb406896ea18127c842ba	108	131	chatter:conversational opener; plan-mode:implementation plan
6abeb406896ea18127c842c4	108	141	plan-mode:output contract
6abeb406896ea18127c842d2	108	155	stage1-failed:denied_tool
6abeb406896ea18127c842d9	108	162	stage1-failed:denied_tool
6abeb406896ea18127c8432b	108	244	stage1-failed:denied_tool
6abeb406896ea18127c84320	108	233	chatter:conversational opener; plan-mode:implementation plan
6abeb406896ea18127c8436e	108	311	stage1-failed:denied_tool
6abeb406896ea18127c84336	108	255	stage1-failed:denied_tool
6abeb406896ea18127c8439f	108	360	stage1-failed:denied_tool
6abeb406896ea18127c843cb	108	404	stage1-failed:denied_tool
6abeb406896ea18127c843e3	108	428	chatter:conversational opener; plan-mode:implementation plan
6abeb406896ea18127c84400	108	457	chatter:conversational opener; plan-mode:implementation plan
6abeb406896ea18127c84403	108	460	stage1-failed:denied_tool
6abeb406896ea18127c84420	108	489	chatter:conversational opener; plan-mode:implementation plan
6abeb406896ea18127c84455	108	542	stage1-failed:denied_tool
6abeb406896ea18127c84444	108	525	stage1-failed:denied_tool
6abeb406896ea18127c8445c	108	549	stage1-failed:denied_tool
6abeb406896ea18127c8446f	108	568	stage1-failed:denied_tool
6abeb406896ea18127c84486	108	591	stage1-failed:denied_tool
6abeb406896ea18127c844ae	108	631	stage1-failed:denied_tool
6abeb406896ea18127c844ab	108	628	chatter:conversational opener; plan-mode:implementation plan
6abeb442896ea18127c844c9	109	22	stage1-failed:denied_tool
6abeb442896ea18127c844d2	109	31	chatter:conversational opener; plan-mode:implementation plan
6abeb442896ea18127c844d8	109	37	stage1-failed:denied_tool
6abeb442896ea18127c844df	109	44	stage1-failed:denied_tool
6abeb442896ea18127c844ef	109	60	stage1-failed:denied_tool
6abeb442896ea18127c84522	109	111	stage1-failed:denied_tool
6abeb442896ea18127c8451c	109	105	stage1-failed:denied_tool
6abeb442896ea18127c84528	109	117	chatter:conversational opener; plan-mode:implementation plan
6abeb442896ea18127c84534	109	129	stage1-failed:denied_tool
6abeb442896ea18127c84533	109	128	chatter:conversational opener; plan-mode:implementation plan
6abeb442896ea18127c84556	109	163	stage1-failed:denied_tool
6abeb442896ea18127c8454d	109	154	chatter:conversational opener; plan-mode:implementation plan
6abeb442896ea18127c84558	109	165	chatter:conversational opener; plan-mode:implementation plan
6abeb442896ea18127c84561	109	174	chatter:conversational opener; plan-mode:implementation plan
6abeb442896ea18127c84596	109	227	stage1-failed:denied_tool
6abeb442896ea18127c8458e	109	219	chatter:conversational opener; plan-mode:translation_plan
6abeb442896ea18127c845a5	109	242	stage1-failed:denied_tool
6abeb442896ea18127c845d9	109	294	stage1-failed:denied_tool
6abeb442896ea18127c845c4	109	273	stage1-failed:denied_tool
6abeb442896ea18127c845f2	109	319	stage1-failed:denied_tool
6abeb442896ea18127c84642	109	399	stage1-failed:denied_tool
6abeb442896ea18127c84669	109	438	stage1-failed:denied_tool
6abeb442896ea18127c84651	109	414	chatter:conversational opener; plan-mode:translation_plan
6abeb442896ea18127c84678	109	453	stage1-failed:denied_tool
6abeb442896ea18127c8465e	109	427	chatter:conversational opener; plan-mode:implementation plan
6abeb442896ea18127c8466f	109	444	chatter:conversational opener; plan-mode:implementation plan
6abeb442896ea18127c8467a	109	455	chatter:conversational opener; plan-mode:implementation plan
6abeb442896ea18127c846c8	109	533	chatter:conversational opener; plan-mode:implementation plan
6abeb442896ea18127c846ab	109	504	chatter:conversational opener; plan-mode:implementation plan
6abeb442896ea18127c846e2	109	559	stage1-failed:denied_tool
6abeb442896ea18127c846f1	109	574	stage1-failed:denied_tool
6abeb442896ea18127c84704	109	593	stage1-failed:denied_tool
6abeb442896ea18127c84706	109	595	plan-mode:Output contract
6abeb4ba896ea18127c8472b	110	4	stage1-failed:denied_tool
6abeb4ba896ea18127c8473d	110	22	stage1-failed:denied_tool
6abeb4ba896ea18127c8472e	110	7	chatter:conversational opener; plan-mode:implementation plan
6abeb4ba896ea18127c84756	110	47	stage1-failed:denied_tool
6abeb4ba896ea18127c84777	110	80	stage1-failed:denied_tool
6abeb4ba896ea18127c8479c	110	117	chatter:conversational opener; plan-mode:implementation plan
6abeb4ba896ea18127c847c3	110	156	stage1-failed:denied_tool
6abeb4ba896ea18127c847c5	110	158	chatter:conversational opener; plan-mode:implementation plan
6abeb4ba896ea18127c84826	110	255	stage1-failed:denied_tool
6abeb4ba896ea18127c84850	110	297	stage1-failed:denied_tool
6abeb4ba896ea18127c8485f	110	312	stage1-failed:denied_tool
6abeb4ba896ea18127c84855	110	302	chatter:conversational opener; plan-mode:implementation plan
6abeb4ba896ea18127c84894	110	365	stage1-failed:denied_tool
6abeb4ba896ea18127c848cb	110	420	stage1-failed:denied_tool
6abeb4ba896ea18127c848e5	110	446	chatter:conversational opener; plan-mode:implementation plan
6abeb4ba896ea18127c8490e	110	487	stage1-failed:denied_tool
6abeb4ba896ea18127c84922	110	507	stage1-failed:denied_tool
6abeb4ba896ea18127c8492a	110	515	stage1-failed:denied_tool
6abeb4ba896ea18127c84976	110	591	chatter:conversational opener; plan-mode:translation_plan
6abeb4ba896ea18127c84952	110	555	chatter:conversational opener; plan-mode:implementation plan
6abeb4ba896ea18127c84991	110	618	stage1-failed:denied_tool
6abeb4ba896ea18127c849a0	110	633	stage1-failed:denied_tool
6abeb4ba896ea18127c8497f	110	600	chatter:conversational opener; plan-mode:implementation plan
6abeb4ba896ea18127c849ca	110	675	chatter:conversational opener; plan-mode:implementation plan
6abeb4ba896ea18127c849e9	110	706	stage1-failed:denied_tool
6abeb4e8896ea18127c84a37	111	66	stage1-failed:denied_tool
6abeb4e8896ea18127c84a25	111	48	chatter:conversational opener; plan-mode:implementation plan
6abeb4e8896ea18127c84a66	111	113	chatter:conversational opener; plan-mode:implementation plan
6abeb4e8896ea18127c84a84	111	143	stage1-failed:denied_tool
6abeb4e8896ea18127c84aa4	111	175	stage1-failed:denied_tool
6abeb4e8896ea18127c84aaf	111	186	stage1-failed:denied_tool
6abeb4e8896ea18127c84aaa	111	181	chatter:conversational opener; plan-mode:implementation plan
6abeb4e8896ea18127c84ac8	111	211	stage1-failed:denied_tool
6abeb4e8896ea18127c84ae1	111	236	chatter:conversational opener; plan-mode:implementation plan
6abeb4e8896ea18127c84b19	111	292	chatter:conversational opener; plan-mode:implementation plan
6abeb4e8896ea18127c84b2c	111	311	chatter:conversational opener; plan-mode:implementation plan
6abeb4e8896ea18127c84b36	111	321	chatter:conversational opener; plan-mode:translation_plan
6abeb4e8896ea18127c84b3c	111	327	stage1-failed:denied_tool
6abeb4e8896ea18127c84b37	111	322	chatter:conversational opener; plan-mode:implementation plan
6abeb4e8896ea18127c84b52	111	349	stage1-failed:denied_tool
6abeb4e8896ea18127c84b64	111	367	stage1-failed:denied_tool
6abeb4e8896ea18127c84b74	111	383	stage1-failed:denied_tool
6abeb4e8896ea18127c84b5f	111	362	chatter:conversational opener; plan-mode:implementation plan
6abeb4e8896ea18127c84b76	111	385	stage1-failed:denied_tool
6abeb4e8896ea18127c84bb8	111	451	stage1-failed:denied_tool
6abeb4e8896ea18127c84bab	111	438	chatter:conversational opener; plan-mode:implementation plan
6abeb4e8896ea18127c84bc5	111	464	stage1-failed:denied_tool
6abeb4e8896ea18127c84bc6	111	465	stage1-failed:denied_tool
6abeb4e8896ea18127c84bda	111	485	chatter:conversational opener; plan-mode:implementation plan
6abeb4e8896ea18127c84bf8	111	515	stage1-failed:denied_tool
6abeb4e8896ea18127c84bef	111	506	chatter:conversational opener; plan-mode:implementation plan
6abeb4e8896ea18127c84c02	111	525	stage1-failed:denied_tool
6abeb4e8896ea18127c84c4d	111	600	stage1-failed:denied_tool
6abeb4e8896ea18127c84c46	111	593	chatter:conversational opener; plan-mode:implementation plan
6abeb51e896ea18127c84c7f	112	22	stage1-failed:denied_tool
6abeb4e8896ea18127c84c52	111	605	chatter:conversational opener; plan-mode:translation_plan
6abeb4e8896ea18127c84c60	111	619	chatter:conversational opener; plan-mode:implementation plan
6abeb51e896ea18127c84ca1	112	56	stage1-failed:denied_tool
6abeb51e896ea18127c84ca7	112	62	stage1-failed:denied_tool
6abeb51e896ea18127c84cc2	112	89	stage1-failed:denied_tool
6abeb51e896ea18127c84cef	112	134	stage1-failed:denied_tool
6abeb51e896ea18127c84d04	112	155	stage1-failed:denied_tool
6abeb51e896ea18127c84d6f	112	262	stage1-failed:denied_tool
6abeb51e896ea18127c84d90	112	295	chatter:conversational opener; plan-mode:implementation plan
6abeb51e896ea18127c84d93	112	298	stage1-failed:denied_tool
6abeb51e896ea18127c84da1	112	312	chatter:conversational opener; plan-mode:implementation plan
6abeb51e896ea18127c84dc3	112	346	stage1-failed:denied_tool
6abeb51e896ea18127c84dcb	112	354	chatter:conversational opener; plan-mode:implementation plan
6abeb51e896ea18127c84ddb	112	370	stage1-failed:denied_tool
6abeb51e896ea18127c84dc7	112	350	chatter:conversational opener; plan-mode:translation_plan
6abeb51e896ea18127c84dd8	112	367	chatter:conversational opener; plan-mode:implementation plan
6abeb51e896ea18127c84e17	112	430	stage1-failed:denied_tool
6abeb51e896ea18127c84df7	112	398	chatter:conversational opener; plan-mode:implementation plan
6abeb51e896ea18127c84e03	112	410	chatter:conversational opener; plan-mode:implementation plan
6abeb51e896ea18127c84e2a	112	449	stage1-failed:denied_tool
6abeb51e896ea18127c84e28	112	447	chatter:conversational opener; plan-mode:implementation plan
6abeb51e896ea18127c84e36	112	461	stage1-failed:denied_tool
6abeb51e896ea18127c84e4f	112	486	chatter:conversational opener; plan-mode:implementation plan
6abed3fd896ea18127c8d27c	174	8	stage1-failed:denied_tool
6abed3fd896ea18127c8d286	174	18	stage1-failed:denied_tool
6abed3fd896ea18127c8d282	174	14	stage1-failed:denied_tool
6abed3fd896ea18127c8d28b	174	23	stage1-failed:denied_tool
6abed3fd896ea18127c8d299	174	37	stage1-failed:denied_tool
6abed3fd896ea18127c8d2a1	174	45	stage1-failed:denied_tool
6abed3fd896ea18127c8d29d	174	41	chatter:conversational opener; plan-mode:implementation plan
6abed3fd896ea18127c8d2af	174	59	chatter:conversational opener; plan-mode:implementation plan
6abed3fd896ea18127c8d2ad	174	57	stage1-failed:denied_tool
6abed3fd896ea18127c8d2b4	174	64	stage1-failed:denied_tool
6abed3fd896ea18127c8d2d5	174	97	stage1-failed:denied_tool
6abed3fd896ea18127c8d2d2	174	94	chatter:conversational opener; plan-mode:implementation plan
6abed3fd896ea18127c8d2e9	174	117	stage1-failed:denied_tool
6abed3fd896ea18127c8d2e1	174	109	stage1-failed:denied_tool
6abed3fd896ea18127c8d2f9	174	133	stage1-failed:denied_tool
6abed3fd896ea18127c8d2f5	174	129	chatter:conversational opener; plan-mode:implementation plan
6abed3fd896ea18127c8d2fa	174	134	stage1-failed:denied_tool
6abed3fd896ea18127c8d300	174	140	stage1-failed:denied_tool
6abed3fd896ea18127c8d304	174	144	stage1-failed:denied_tool
6abed3fd896ea18127c8d302	174	142	stage1-failed:denied_tool
6abed3fd896ea18127c8d306	174	146	stage1-failed:denied_tool
6abed3fd896ea18127c8d30a	174	150	stage1-failed:denied_tool
6abed3fd896ea18127c8d312	174	158	stage1-failed:denied_tool
6abed3fd896ea18127c8d316	174	162	stage1-failed:denied_tool
6abed3fd896ea18127c8d318	174	164	chatter:conversational opener; plan-mode:implementation plan
6abed3fd896ea18127c8d317	174	163	stage1-failed:denied_tool
6abed3fd896ea18127c8d331	174	189	stage1-failed:denied_tool
6abed3fd896ea18127c8d335	174	193	stage1-failed:denied_tool
6abed3fd896ea18127c8d337	174	195	chatter:conversational opener; plan-mode:implementation plan
6abed3fd896ea18127c8d339	174	197	stage1-failed:denied_tool
6abed3fd896ea18127c8d33b	174	199	stage1-failed:denied_tool
6abed3fd896ea18127c8d348	174	212	stage1-failed:denied_tool
6abed3fd896ea18127c8d34e	174	218	stage1-failed:denied_tool
6abed3fd896ea18127c8d351	174	221	stage1-failed:denied_tool
6abed3fd896ea18127c8d34d	174	217	chatter:conversational opener; plan-mode:implementation plan
6abed3fd896ea18127c8d353	174	223	stage1-failed:denied_tool
6abed3fd896ea18127c8d34f	174	219	chatter:conversational opener; plan-mode:translation_plan
6abed3fd896ea18127c8d356	174	226	stage1-failed:denied_tool
6abed3fd896ea18127c8d35c	174	232	stage1-failed:denied_tool
6abed3fd896ea18127c8d35b	174	231	chatter:conversational opener; plan-mode:implementation plan
6abed3fd896ea18127c8d35f	174	235	stage1-failed:denied_tool
6abed3fd896ea18127c8d35d	174	233	stage1-failed:denied_tool
6abed3fd896ea18127c8d35e	174	234	stage1-failed:denied_tool
6abed3fd896ea18127c8d361	174	237	stage1-failed:denied_tool
6abed3fd896ea18127c8d367	174	243	stage1-failed:denied_tool
6abed3fd896ea18127c8d364	174	240	stage1-failed:denied_tool
6abed3fd896ea18127c8d362	174	238	chatter:conversational opener; plan-mode:implementation plan
6abed3fd896ea18127c8d36a	174	246	stage1-failed:denied_tool
6abed3fd896ea18127c8d36b	174	247	stage1-failed:denied_tool
6abed3fd896ea18127c8d36c	174	248	stage1-failed:denied_tool
6abed3fd896ea18127c8d36e	174	250	stage1-failed:denied_tool
6abed3fd896ea18127c8d371	174	253	stage1-failed:denied_tool
6abed3fd896ea18127c8d375	174	257	stage1-failed:denied_tool
6abed3fd896ea18127c8d37a	174	262	stage1-failed:denied_tool
6abed3fd896ea18127c8d37d	174	265	stage1-failed:denied_tool
6abed3fd896ea18127c8d385	174	273	stage1-failed:denied_tool
6abed3fd896ea18127c8d391	174	285	stage1-failed:denied_tool
6abed3fd896ea18127c8d387	174	275	chatter:conversational opener; plan-mode:translation_plan
6abed3fd896ea18127c8d392	174	286	chatter:conversational opener; plan-mode:implementation plan
6abed3fd896ea18127c8d396	174	290	stage1-failed:denied_tool
6abed3fd896ea18127c8d399	174	293	stage1-failed:denied_tool
6abed3fd896ea18127c8d397	174	291	chatter:conversational opener; plan-mode:translation_plan
6abed3fd896ea18127c8d3a9	174	309	stage1-failed:denied_tool
6abed3fd896ea18127c8d3b9	174	325	stage1-failed:denied_tool
6abed3fd896ea18127c8d3bd	174	329	stage1-failed:denied_tool
6abed3fd896ea18127c8d3ba	174	326	chatter:conversational opener; plan-mode:implementation plan
6abed3fd896ea18127c8d3e0	174	364	stage1-failed:denied_tool
6abed3fd896ea18127c8d3d7	174	355	chatter:conversational opener; plan-mode:implementation plan
6abed3fd896ea18127c8d3ec	174	376	stage1-failed:denied_tool
6abed3fd896ea18127c8d3fd	174	393	stage1-failed:denied_tool
6abed3fd896ea18127c8d3fb	174	391	chatter:conversational opener; plan-mode:implementation plan
6abed3fd896ea18127c8d3fe	174	394	stage1-failed:denied_tool
6abed3fd896ea18127c8d405	174	401	stage1-failed:denied_tool
6abed3fd896ea18127c8d40f	174	411	chatter:conversational opener; plan-mode:implementation plan
6abed3fd896ea18127c8d438	174	452	stage1-failed:denied_tool
6abed3fd896ea18127c8d46c	174	504	stage1-failed:denied_tool
6abed3fd896ea18127c8d44e	174	474	stage1-failed:denied_tool
6abed3fd896ea18127c8d46b	174	503	stage1-failed:denied_tool
6abed3fd896ea18127c8d46e	174	506	stage1-failed:denied_tool
6abed3fd896ea18127c8d473	174	511	stage1-failed:denied_tool
6abed3fd896ea18127c8d48e	174	538	stage1-failed:denied_tool
6abed3fd896ea18127c8d48a	174	534	stage1-failed:denied_tool
6abed3fd896ea18127c8d49c	174	552	chatter:conversational opener; plan-mode:implementation plan
6abed3fd896ea18127c8d4ab	174	567	stage1-failed:denied_tool
6abed3fd896ea18127c8d4b3	174	575	stage1-failed:denied_tool
6abed3fd896ea18127c8d4b4	174	576	plan-mode:Please review
6abed3fd896ea18127c8d4c4	174	592	stage1-failed:denied_tool
6abed3fd896ea18127c8d4bf	174	587	stage1-failed:denied_tool
6abed3fd896ea18127c8d4ce	174	602	stage1-failed:denied_tool
6abed3fd896ea18127c8d4d5	174	609	chatter:conversational opener; plan-mode:implementation plan
6abed3fd896ea18127c8d4d9	174	613	chatter:conversational opener; plan-mode:implementation plan
6abed3fd896ea18127c8d4e5	174	625	stage1-failed:denied_tool
6abed3fd896ea18127c8d4f6	174	642	chatter:conversational opener; plan-mode:implementation plan
6abed3fd896ea18127c8d4f8	174	644	stage1-failed:denied_tool
6abed3fd896ea18127c8d501	174	653	stage1-failed:denied_tool
6abed3fd896ea18127c8d50b	174	663	stage1-failed:denied_tool
6abed3fd896ea18127c8d512	174	670	stage1-failed:denied_tool
6abed3fd896ea18127c8d52d	174	697	stage1-failed:denied_tool
6abed3fd896ea18127c8d521	174	685	stage1-failed:denied_tool
6abed3fd896ea18127c8d52c	174	696	chatter:conversational opener; plan-mode:implementation plan
6abed3fd896ea18127c8d53b	174	711	stage1-failed:denied_tool
6abed3fd896ea18127c8d53d	174	713	stage1-failed:denied_tool
6abed3fd896ea18127c8d541	174	717	stage1-failed:denied_tool
6abed3fd896ea18127c8d54c	174	728	stage1-failed:safety_filter
6abed42d896ea18127c8d55a	175	9	stage1-failed:denied_tool
6abed3fd896ea18127c8d54a	174	726	chatter:conversational opener; plan-mode:implementation plan
6abed42d896ea18127c8d56b	175	26	stage1-failed:denied_tool
6abed42d896ea18127c8d554	175	3	chatter:conversational opener; plan-mode:implementation plan
6abed42d896ea18127c8d56f	175	30	stage1-failed:denied_tool
6abed42d896ea18127c8d570	175	31	chatter:conversational opener; plan-mode:implementation plan
6abed42d896ea18127c8d58a	175	57	chatter:conversational opener; plan-mode:implementation plan
6abed42d896ea18127c8d590	175	63	plan-mode:implementation plan
6abed42d896ea18127c8d59b	175	74	stage1-failed:denied_tool
6abed42d896ea18127c8d5a9	175	88	stage1-failed:denied_tool
6abed42d896ea18127c8d5c6	175	117	stage1-failed:denied_tool
6abed42d896ea18127c8d5cf	175	126	chatter:conversational opener; plan-mode:implementation plan
6abed42d896ea18127c8d5e4	175	147	stage1-failed:denied_tool
6abed42d896ea18127c8d5ec	175	155	stage1-failed:denied_tool
6abed42d896ea18127c8d5e1	175	144	chatter:conversational opener; plan-mode:implementation plan
6abed42d896ea18127c8d5f2	175	161	stage1-failed:denied_tool
6abed42d896ea18127c8d601	175	176	chatter:conversational opener; plan-mode:implementation plan
6abed42d896ea18127c8d622	175	209	stage1-failed:denied_tool
6abed42d896ea18127c8d63d	175	236	chatter:conversational opener; plan-mode:implementation plan
6abed42d896ea18127c8d64b	175	250	stage1-failed:denied_tool
6abed42d896ea18127c8d653	175	258	stage1-failed:denied_tool
6abed42d896ea18127c8d66a	175	281	stage1-failed:denied_tool
6abed42d896ea18127c8d667	175	278	chatter:conversational opener; plan-mode:implementation plan
6abed42d896ea18127c8d692	175	321	stage1-failed:denied_tool
6abed42d896ea18127c8d69d	175	332	stage1-failed:denied_tool
6abed42d896ea18127c8d687	175	310	chatter:conversational opener; plan-mode:implementation plan
6abed42d896ea18127c8d6a1	175	336	stage1-failed:denied_tool
6abed42d896ea18127c8d6ab	175	346	stage1-failed:denied_tool
6abed42d896ea18127c8d6ad	175	348	stage1-failed:denied_tool
6abed42d896ea18127c8d6b9	175	360	stage1-failed:denied_tool
6abed42d896ea18127c8d6c4	175	371	stage1-failed:denied_tool
6abed42d896ea18127c8d6ec	175	411	stage1-failed:denied_tool
6abed42d896ea18127c8d6e2	175	401	chatter:conversational opener; plan-mode:translation_plan
6abed42d896ea18127c8d6f3	175	418	stage1-failed:denied_tool
6abed42d896ea18127c8d6fa	175	425	stage1-failed:denied_tool
6abed42d896ea18127c8d70a	175	441	stage1-failed:denied_tool
6abed42d896ea18127c8d723	175	466	stage1-failed:denied_tool
6abed42d896ea18127c8d705	175	436	chatter:conversational opener; plan-mode:implementation plan
6abed42d896ea18127c8d741	175	496	stage1-failed:denied_tool
6abed42d896ea18127c8d75e	175	525	stage1-failed:denied_tool
6abed42d896ea18127c8d763	175	530	stage1-failed:denied_tool
6abed42d896ea18127c8d772	175	545	stage1-failed:denied_tool
6abed42d896ea18127c8d779	175	552	door:stray-script
6abed42d896ea18127c8d776	175	549	stage1-failed:denied_tool
6abed42d896ea18127c8d791	175	576	chatter:conversational opener; plan-mode:implementation plan
6abed42d896ea18127c8d7a4	175	595	stage1-failed:denied_tool
6abed42d896ea18127c8d7a6	175	597	stage1-failed:denied_tool
6abed42d896ea18127c8d7ba	175	617	stage1-failed:denied_tool
6abed42d896ea18127c8d7bf	175	622	stage1-failed:denied_tool
6abed42d896ea18127c8d7c9	175	632	stage1-failed:denied_tool
6abed42d896ea18127c8d7c5	175	628	chatter:conversational opener; plan-mode:implementation plan
6abed42d896ea18127c8d7d1	175	640	chatter:conversational opener; plan-mode:implementation plan
6abed42d896ea18127c8d7e2	175	657	stage1-failed:denied_tool
6abed42d896ea18127c8d7e5	175	660	stage1-failed:denied_tool
6abed42d896ea18127c8d7e0	175	655	chatter:conversational opener; plan-mode:implementation plan
6abed42d896ea18127c8d7ec	175	667	chatter:conversational opener; plan-mode:translation_plan
6abed42d896ea18127c8d7f5	175	676	stage1-failed:denied_tool
6abed42d896ea18127c8d7f2	175	673	stage1-failed:denied_tool
6abed42d896ea18127c8d7ed	175	668	chatter:conversational opener; plan-mode:implementation plan
6abed42d896ea18127c8d804	175	691	stage1-failed:denied_tool
6abed42d896ea18127c8d805	175	692	stage1-failed:denied_tool
6abed42d896ea18127c8d80a	175	697	chatter:conversational opener; plan-mode:implementation plan
6abed42d896ea18127c8d809	175	696	chatter:conversational opener; plan-mode:implementation plan
6abed42d896ea18127c8d810	175	703	plan-mode:my task
6abed47c896ea18127c8d82b	176	9	stage1-failed:denied_tool
6abed47c896ea18127c8d827	176	5	stage1-failed:denied_tool
6abed47c896ea18127c8d825	176	3	chatter:conversational opener; plan-mode:implementation plan
6abed47c896ea18127c8d844	176	34	chatter:conversational opener; plan-mode:implementation plan
6abed47c896ea18127c8d84c	176	42	stage1-failed:denied_tool
6abed47c896ea18127c8d84a	176	40	chatter:conversational opener; plan-mode:translation_plan
6abed47c896ea18127c8d86a	176	72	chatter:conversational opener; plan-mode:implementation plan
6abed47c896ea18127c8d8c8	176	166	stage1-failed:denied_tool
6abed47c896ea18127c8d913	176	241	chatter:conversational opener; plan-mode:implementation plan
6abed47c896ea18127c8d932	176	272	stage1-failed:denied_tool
6abed47c896ea18127c8d931	176	271	chatter:conversational opener; plan-mode:implementation plan
6abed47c896ea18127c8d934	176	274	chatter:conversational opener; plan-mode:translation_plan
6abed47c896ea18127c8d95e	176	316	stage1-failed:denied_tool
6abed47c896ea18127c8d948	176	294	chatter:conversational opener; plan-mode:implementation plan
6abed47c896ea18127c8d96d	176	331	stage1-failed:denied_tool
6abed47c896ea18127c8d97b	176	345	stage1-failed:denied_tool
6abed47c896ea18127c8d978	176	342	stage1-failed:denied_tool
6abed47c896ea18127c8d989	176	359	stage1-failed:denied_tool
6abed47c896ea18127c8d9b8	176	406	stage1-failed:denied_tool
6abed47c896ea18127c8d9c0	176	414	chatter:conversational opener; plan-mode:implementation plan
6abed47c896ea18127c8d9ef	176	461	stage1-failed:denied_tool
6abed47c896ea18127c8d9d2	176	432	chatter:conversational opener; plan-mode:implementation plan
6abed47c896ea18127c8d9fe	176	476	stage1-failed:denied_tool
6abed47c896ea18127c8da13	176	497	chatter:conversational opener; plan-mode:implementation plan
6abed47c896ea18127c8da1d	176	507	stage1-failed:denied_tool
6abed47c896ea18127c8da21	176	511	stage1-failed:denied_tool
6abed47c896ea18127c8da38	176	534	stage1-failed:denied_tool
6abed47c896ea18127c8da31	176	527	stage1-failed:denied_tool
6abed47c896ea18127c8da47	176	549	stage1-failed:denied_tool
6abed47c896ea18127c8da4a	176	552	stage1-failed:denied_tool
6abed47c896ea18127c8da5a	176	568	stage1-failed:denied_tool
6abed47c896ea18127c8da3f	176	541	chatter:conversational opener; plan-mode:implementation plan
6abed47c896ea18127c8da74	176	594	stage1-failed:denied_tool
6abed47c896ea18127c8da7e	176	604	stage1-failed:denied_tool
6abed47c896ea18127c8da8e	176	620	stage1-failed:denied_tool
6abed47c896ea18127c8daa1	176	639	stage1-failed:denied_tool
6abed47c896ea18127c8da8a	176	616	chatter:conversational opener; plan-mode:translation_plan
6abed4cf896ea18127c8dac9	177	21	stage1-failed:denied_tool
6abed4cf896ea18127c8dac8	177	20	stage1-failed:denied_tool
6abed4cf896ea18127c8dae9	177	53	stage1-failed:denied_tool
6abed4cf896ea18127c8dafc	177	72	stage1-failed:denied_tool
6abed4cf896ea18127c8db3a	177	134	stage1-failed:denied_tool
6abed4cf896ea18127c8db33	177	127	chatter:conversational opener; plan-mode:translation_plan
6abed4cf896ea18127c8db42	177	142	chatter:conversational opener; plan-mode:implementation plan; door:collapsed
6abed4cf896ea18127c8db61	177	173	stage1-failed:denied_tool
6abed4cf896ea18127c8db31	177	125	chatter:conversational opener; plan-mode:implementation plan
6abed4cf896ea18127c8db78	177	196	chatter:conversational opener; plan-mode:implementation plan
6abed4cf896ea18127c8db7a	177	198	stage1-failed:denied_tool
6abed4cf896ea18127c8db8f	177	219	stage1-failed:denied_tool
6abed4cf896ea18127c8dba6	177	242	chatter:conversational opener; plan-mode:implementation plan
6abed4cf896ea18127c8dbda	177	294	chatter:conversational opener; plan-mode:implementation plan
6abed4cf896ea18127c8dc24	177	368	stage1-failed:denied_tool
6abed4cf896ea18127c8dc3c	177	392	stage1-failed:denied_tool
6abed4cf896ea18127c8dc2d	177	377	chatter:conversational opener; plan-mode:translation_plan
6abed4cf896ea18127c8dc6d	177	441	stage1-failed:denied_tool
6abed4cf896ea18127c8dc64	177	432	chatter:conversational opener; plan-mode:translation_plan
6abed4cf896ea18127c8dca2	177	494	stage1-failed:denied_tool
6abed4cf896ea18127c8dc9a	177	486	stage1-failed:denied_tool
6abed4cf896ea18127c8dcad	177	505	stage1-failed:denied_tool
6abed4cf896ea18127c8dcb5	177	513	stage1-failed:denied_tool
6abed4cf896ea18127c8dcb7	177	515	stage1-failed:denied_tool
6abed4cf896ea18127c8dcc8	177	532	stage1-failed:denied_tool
6abed4cf896ea18127c8dcc4	177	528	stage1-failed:denied_tool
6abed4cf896ea18127c8dcdc	177	552	stage1-failed:denied_tool
6abed4cf896ea18127c8dce3	177	559	chatter:conversational opener; plan-mode:implementation plan
6abed4cf896ea18127c8dce2	177	558	chatter:conversational opener; plan-mode:implementation plan
6abed51b896ea18127c8dcf2	178	8	stage1-failed:denied_tool
6abed51b896ea18127c8dced	178	3	stage1-failed:denied_tool
6abed51b896ea18127c8dd09	178	31	stage1-failed:denied_tool
6abed51b896ea18127c8dd05	178	27	stage1-failed:denied_tool
6abed51b896ea18127c8dcfe	178	20	chatter:conversational opener; plan-mode:translation_plan
6abed51b896ea18127c8dd06	178	28	plan-mode:my task
6abed51b896ea18127c8dd0a	178	32	stage1-failed:denied_tool
6abed51b896ea18127c8dd11	178	39	stage1-failed:denied_tool
6abed51b896ea18127c8dd15	178	43	stage1-failed:denied_tool
6abed51b896ea18127c8dd13	178	41	stage1-failed:denied_tool
6abed51b896ea18127c8dd46	178	92	stage1-failed:denied_tool
6abed51b896ea18127c8dd52	178	104	stage1-failed:denied_tool
6abed51b896ea18127c8dd4b	178	97	stage1-failed:denied_tool
6abed51b896ea18127c8dd59	178	111	stage1-failed:denied_tool
6abed51b896ea18127c8dd56	178	108	stage1-failed:denied_tool
6abed51b896ea18127c8dd79	178	143	stage1-failed:denied_tool
6abed51b896ea18127c8dd8c	178	162	stage1-failed:denied_tool
6abed51b896ea18127c8ddad	178	195	stage1-failed:denied_tool
6abed51b896ea18127c8ddaa	178	192	chatter:conversational opener; plan-mode:implementation plan
6abed51b896ea18127c8ddb7	178	205	stage1-failed:denied_tool
6abed51b896ea18127c8dddb	178	241	stage1-failed:denied_tool
6abed51b896ea18127c8dde1	178	247	chatter:conversational opener; plan-mode:implementation plan
6abed51b896ea18127c8ddf1	178	263	stage1-failed:denied_tool
6abed51b896ea18127c8ddfb	178	273	stage1-failed:denied_tool
6abed51b896ea18127c8de03	178	281	stage1-failed:denied_tool
6abed51b896ea18127c8de05	178	283	stage1-failed:denied_tool
6abed51b896ea18127c8ddf8	178	270	chatter:conversational opener; plan-mode:implementation plan
6abed51b896ea18127c8de0b	178	289	chatter:conversational opener; plan-mode:plan.md
6abed51b896ea18127c8de11	178	295	chatter:conversational opener; plan-mode:implementation plan
6abed51b896ea18127c8de1c	178	306	stage1-failed:denied_tool
6abed51b896ea18127c8de4b	178	353	stage1-failed:denied_tool
6abed51b896ea18127c8de25	178	315	chatter:conversational opener; plan-mode:translation_plan
6abed51b896ea18127c8de33	178	329	stage1-failed:denied_tool
6abed51b896ea18127c8de79	178	399	stage1-failed:denied_tool
6abed51b896ea18127c8de84	178	410	stage1-failed:denied_tool
6abed51b896ea18127c8dea7	178	445	stage1-failed:denied_tool
6abed51b896ea18127c8deab	178	449	stage1-failed:denied_tool
6abed51b896ea18127c8dea4	178	442	chatter:conversational opener; plan-mode:translation_plan
6abed51b896ea18127c8ded0	178	486	stage1-failed:denied_tool
6abed51b896ea18127c8ded7	178	493	stage1-failed:denied_tool
6abed51b896ea18127c8deeb	178	513	stage1-failed:denied_tool
6abed51b896ea18127c8dee9	178	511	chatter:conversational opener; plan-mode:translation_plan
6abed51b896ea18127c8deef	178	517	stage1-failed:denied_tool
6abed51b896ea18127c8def0	178	518	chatter:conversational opener; plan-mode:translation_plan
6abed51b896ea18127c8df23	178	569	stage1-failed:denied_tool
6abed51b896ea18127c8df18	178	558	chatter:conversational opener; plan-mode:implementation plan
6abed51b896ea18127c8df50	178	614	chatter:conversational opener; plan-mode:implementation plan
6abed582896ea18127c8df63	179	15	chatter:conversational opener; plan-mode:implementation plan
6abed582896ea18127c8df74	179	32	stage1-failed:denied_tool
6abed582896ea18127c8df7d	179	41	chatter:conversational opener; plan-mode:translation_plan
6abed582896ea18127c8df7f	179	43	chatter:conversational opener; plan-mode:implementation plan
6abed582896ea18127c8df8b	179	55	chatter:conversational opener; plan-mode:implementation plan
6abed582896ea18127c8dfa6	179	82	stage1-failed:denied_tool
6abed582896ea18127c8df96	179	66	stage1-failed:denied_tool
6abed582896ea18127c8dfb3	179	95	stage1-failed:denied_tool
6abed582896ea18127c8dfba	179	102	stage1-failed:denied_tool
6abed582896ea18127c8dfc7	179	115	stage1-failed:denied_tool
6abed582896ea18127c8dfbc	179	104	chatter:conversational opener; plan-mode:translation_plan
6abed582896ea18127c8dfd3	179	127	stage1-failed:denied_tool
6abed582896ea18127c8dfef	179	155	stage1-failed:denied_tool
6abed582896ea18127c8e006	179	178	stage1-failed:denied_tool
6abed582896ea18127c8e000	179	172	chatter:conversational opener; plan-mode:implementation plan
6abed582896ea18127c8e009	179	181	chatter:conversational opener; plan-mode:plan.md
6abed582896ea18127c8e00e	179	186	stage1-failed:denied_tool
6abed582896ea18127c8e01b	179	199	stage1-failed:denied_tool
6abed582896ea18127c8e03a	179	230	stage1-failed:denied_tool
6abed582896ea18127c8e041	179	237	stage1-failed:denied_tool
6abed582896ea18127c8e046	179	242	chatter:conversational opener; plan-mode:implementation plan
6abed582896ea18127c8e05a	179	262	stage1-failed:denied_tool
6abed582896ea18127c8e061	179	269	stage1-failed:denied_tool
6abed582896ea18127c8e083	179	303	stage1-failed:denied_tool
6abed582896ea18127c8e08d	179	313	chatter:conversational opener; plan-mode:implementation plan
6abed582896ea18127c8e09e	179	330	stage1-failed:denied_tool
6abed582896ea18127c8e099	179	325	chatter:conversational opener; plan-mode:translation_plan
6abed582896ea18127c8e0a6	179	338	stage1-failed:denied_tool
6abed582896ea18127c8e0c2	179	366	stage1-failed:denied_tool
6abed582896ea18127c8e0c8	179	372	stage1-failed:denied_tool
6abed582896ea18127c8e0d7	179	387	stage1-failed:denied_tool
6abed582896ea18127c8e0dc	179	392	stage1-failed:denied_tool
6abed582896ea18127c8e0f1	179	413	stage1-failed:denied_tool
6abed582896ea18127c8e0eb	179	407	chatter:conversational opener; plan-mode:implementation plan
6abed582896ea18127c8e100	179	428	stage1-failed:denied_tool
6abed582896ea18127c8e10c	179	440	stage1-failed:denied_tool
6abed582896ea18127c8e11e	179	458	stage1-failed:denied_tool
6abed582896ea18127c8e11a	179	454	stage1-failed:denied_tool
6abed582896ea18127c8e115	179	449	chatter:conversational opener; plan-mode:translation_plan
6abed582896ea18127c8e13e	179	490	stage1-failed:denied_tool
6abed582896ea18127c8e146	179	498	stage1-failed:denied_tool
6abed582896ea18127c8e13c	179	488	chatter:conversational opener; plan-mode:implementation plan
6abed582896ea18127c8e171	179	541	stage1-failed:denied_tool
6abed582896ea18127c8e17f	179	555	stage1-failed:denied_tool
6abed5e1896ea18127c8e19a	180	16	stage1-failed:denied_tool
6abed5e1896ea18127c8e1b7	180	45	chatter:conversational opener; plan-mode:implementation plan
6abed5e1896ea18127c8e1f6	180	108	stage1-failed:denied_tool
6abed5e1896ea18127c8e1f2	180	104	chatter:conversational opener; plan-mode:implementation plan
6abed5e1896ea18127c8e1fa	180	112	stage1-failed:denied_tool
6abed5e1896ea18127c8e204	180	122	stage1-failed:denied_tool
6abed5e1896ea18127c8e21b	180	145	stage1-failed:denied_tool
6abed5e1896ea18127c8e21a	180	144	stage1-failed:denied_tool
6abed5e1896ea18127c8e213	180	137	chatter:conversational opener; plan-mode:implementation plan
6abed5e1896ea18127c8e23a	180	176	chatter:conversational opener; plan-mode:implementation plan
6abed5e1896ea18127c8e243	180	185	stage1-failed:denied_tool
6abed5e1896ea18127c8e24c	180	194	stage1-failed:denied_tool
6abed5e1896ea18127c8e252	180	200	stage1-failed:denied_tool
6abed5e1896ea18127c8e253	180	201	stage1-failed:denied_tool
6abed5e1896ea18127c8e255	180	203	chatter:conversational opener; plan-mode:implementation plan
6abed5e1896ea18127c8e278	180	238	stage1-failed:denied_tool
6abed5e1896ea18127c8e281	180	247	chatter:conversational opener; plan-mode:implementation plan
6abed5e1896ea18127c8e29b	180	273	chatter:conversational opener; plan-mode:output contract
6abed5e1896ea18127c8e2a0	180	278	chatter:conversational opener; plan-mode:implementation plan
6abed5e1896ea18127c8e2ac	180	290	stage1-failed:denied_tool
6abed5e1896ea18127c8e2b1	180	295	stage1-failed:denied_tool
6abed5e1896ea18127c8e2b8	180	302	stage1-failed:denied_tool
6abed5e1896ea18127c8e2c9	180	319	stage1-failed:denied_tool
6abed5e1896ea18127c8e2b3	180	297	chatter:conversational opener; plan-mode:implementation plan
6abed5e1896ea18127c8e2ee	180	356	stage1-failed:denied_tool
6abed5e1896ea18127c8e2da	180	336	chatter:conversational opener; plan-mode:implementation plan
6abed5e1896ea18127c8e303	180	377	chatter:conversational opener; plan-mode:implementation plan
6abed5e1896ea18127c8e30a	180	384	plan-mode:The user's prompt; door:runaway
6abed5e1896ea18127c8e302	180	376	chatter:conversational opener; plan-mode:implementation plan
6abed5e1896ea18127c8e321	180	407	stage1-failed:denied_tool
6abed5e1896ea18127c8e313	180	393	door:runaway
6abed5e1896ea18127c8e352	180	456	stage1-failed:denied_tool
6abed5e1896ea18127c8e35f	180	469	stage1-failed:denied_tool
6abed5e1896ea18127c8e344	180	442	chatter:conversational opener; plan-mode:implementation plan
6abed5e1896ea18127c8e362	180	472	reasoning-leak:reasoning:system prompt; plan-mode:/plan; door:reasoning-leak
6abed5e1896ea18127c8e36f	180	485	stage1-failed:denied_tool
6abed5e1896ea18127c8e3af	180	549	stage1-failed:denied_tool
6abed5e1896ea18127c8e3c7	180	573	stage1-failed:denied_tool
6abed5e1896ea18127c8e3cc	180	578	stage1-failed:denied_tool
6abed5e1896ea18127c8e3d4	180	586	stage1-failed:denied_tool
6abed5e1896ea18127c8e3e5	180	603	stage1-failed:denied_tool
6abed5e1896ea18127c8e3db	180	593	chatter:conversational opener; plan-mode:translation_plan
6abed5e1896ea18127c8e3f0	180	614	stage1-failed:denied_tool
6abed5e1896ea18127c8e412	180	648	stage1-failed:denied_tool
6abed5e1896ea18127c8e413	180	649	stage1-failed:denied_tool
6abed5e1896ea18127c8e437	180	685	stage1-failed:denied_tool
6abed5e1896ea18127c8e40d	180	643	chatter:conversational opener; plan-mode:implementation plan
6abed5e1896ea18127c8e451	180	711	stage1-failed:denied_tool
6abed5e1896ea18127c8e44c	180	706	stage1-failed:denied_tool
6abed5e1896ea18127c8e45d	180	723	stage1-failed:denied_tool
6abed5e1896ea18127c8e45a	180	720	stage1-failed:denied_tool
6abed61a896ea18127c8e474	181	14	plan-mode:output contract; door:runaway
6abed61a896ea18127c8e47e	181	24	chatter:conversational opener; plan-mode:implementation plan
6abed61a896ea18127c8e481	181	27	stage1-failed:denied_tool
6abed61a896ea18127c8e480	181	26	stage1-failed:denied_tool
6abed61a896ea18127c8e48b	181	37	stage1-failed:denied_tool
6abed61a896ea18127c8e4a0	181	58	chatter:conversational opener; plan-mode:implementation plan
6abed61a896ea18127c8e4a2	181	60	chatter:conversational opener; plan-mode:implementation plan
6abed61a896ea18127c8e4b3	181	77	stage1-failed:denied_tool
6abed61a896ea18127c8e4b2	181	76	stage1-failed:denied_tool
6abed61a896ea18127c8e4c7	181	97	stage1-failed:denied_tool
6abed61a896ea18127c8e4b9	181	83	chatter:conversational opener; plan-mode:implementation plan
6abed61a896ea18127c8e4cd	181	103	chatter:conversational opener; plan-mode:implementation plan
6abed61a896ea18127c8e4e0	181	122	stage1-failed:denied_tool
6abed61a896ea18127c8e4d8	181	114	stage1-failed:denied_tool
6abed61a896ea18127c8e4ee	181	136	plan-mode:output contract
6abed61a896ea18127c8e50d	181	167	stage1-failed:denied_tool
6abed61a896ea18127c8e50a	181	164	stage1-failed:denied_tool
6abed61a896ea18127c8e525	181	191	stage1-failed:denied_tool
6abed61a896ea18127c8e542	181	220	stage1-failed:denied_tool
6abed61a896ea18127c8e55c	181	246	stage1-failed:denied_tool
6abed61a896ea18127c8e575	181	271	stage1-failed:denied_tool
6abed61a896ea18127c8e57d	181	279	stage1-failed:denied_tool
6abed61a896ea18127c8e584	181	286	chatter:conversational opener; plan-mode:implementation plan
6abed61a896ea18127c8e59f	181	313	stage1-failed:denied_tool
6abed61a896ea18127c8e599	181	307	chatter:conversational opener; plan-mode:implementation plan
6abed61a896ea18127c8e59b	181	309	chatter:conversational opener; plan-mode:plan.md
6abed61a896ea18127c8e5ab	181	325	stage1-failed:denied_tool
6abed61a896ea18127c8e5ac	181	326	stage1-failed:denied_tool
6abed61a896ea18127c8e5b1	181	331	stage1-failed:denied_tool
6abed61a896ea18127c8e5b9	181	339	stage1-failed:denied_tool
6abed61a896ea18127c8e5bf	181	345	stage1-failed:denied_tool
6abed61a896ea18127c8e5ce	181	360	stage1-failed:denied_tool
6abed61a896ea18127c8e5d8	181	370	stage1-failed:denied_tool
6abed61a896ea18127c8e5e5	181	383	chatter:conversational opener; plan-mode:translation_plan
6abed61a896ea18127c8e5ef	181	393	stage1-failed:denied_tool
6abed61a896ea18127c8e5ee	181	392	stage1-failed:denied_tool
6abed61a896ea18127c8e5fa	181	404	stage1-failed:denied_tool
6abed61a896ea18127c8e5fe	181	408	stage1-failed:denied_tool
6abed61a896ea18127c8e5fb	181	405	chatter:conversational opener; plan-mode:implementation plan
6abed61a896ea18127c8e61b	181	437	chatter:conversational opener; plan-mode:implementation plan
6abed61a896ea18127c8e635	181	463	stage1-failed:denied_tool
6abed61a896ea18127c8e640	181	474	chatter:conversational opener; plan-mode:implementation plan
6abed61a896ea18127c8e65a	181	500	stage1-failed:denied_tool
6abed61a896ea18127c8e652	181	492	chatter:conversational opener; plan-mode:implementation plan
6abed61a896ea18127c8e65c	181	502	stage1-failed:denied_tool
6abed61a896ea18127c8e665	181	511	stage1-failed:denied_tool
6abed61a896ea18127c8e671	181	523	stage1-failed:denied_tool
6abed61a896ea18127c8e674	181	526	stage1-failed:denied_tool
6abed61a896ea18127c8e66e	181	520	chatter:conversational opener; plan-mode:implementation plan
6abed61a896ea18127c8e68f	181	553	stage1-failed:denied_tool
6abed61a896ea18127c8e696	181	560	chatter:conversational opener; plan-mode:implementation plan
6abed61a896ea18127c8e6ac	181	582	stage1-failed:denied_tool
6abed61a896ea18127c8e6b0	181	586	stage1-failed:denied_tool
6abed61a896ea18127c8e69e	181	568	chatter:conversational opener; plan-mode:implementation plan
6abed61a896ea18127c8e6b8	181	594	stage1-failed:denied_tool
6abed61a896ea18127c8e6c3	181	605	stage1-failed:denied_tool
6abed61a896ea18127c8e6cd	181	615	plan-mode:Output contract
6abed61a896ea18127c8e6d2	181	620	stage1-failed:denied_tool
6abed61a896ea18127c8e6d1	181	619	chatter:conversational opener; plan-mode:implementation plan
6abed61a896ea18127c8e6d4	181	622	stage1-failed:denied_tool
6abed61a896ea18127c8e6d0	181	618	chatter:conversational opener; plan-mode:implementation plan
6abed661896ea18127c8e6f7	182	31	stage1-failed:denied_tool
6abed661896ea18127c8e6ea	182	18	chatter:conversational opener; plan-mode:implementation plan
6abed661896ea18127c8e702	182	42	stage1-failed:denied_tool
6abed661896ea18127c8e6f9	182	33	stage1-failed:denied_tool
6abed661896ea18127c8e6fb	182	35	chatter:conversational opener; plan-mode:implementation plan
6abed661896ea18127c8e70c	182	52	stage1-failed:denied_tool
6abed661896ea18127c8e713	182	59	stage1-failed:denied_tool
6abed661896ea18127c8e71a	182	66	stage1-failed:denied_tool
6abed661896ea18127c8e781	182	169	stage1-failed:denied_tool
6abed661896ea18127c8e786	182	174	stage1-failed:denied_tool
6abed661896ea18127c8e791	182	185	chatter:conversational opener; plan-mode:implementation plan
6abed661896ea18127c8e7ab	182	211	stage1-failed:denied_tool
6abed661896ea18127c8e795	182	189	chatter:conversational opener; plan-mode:implementation plan
6abed661896ea18127c8e7d6	182	254	plan-mode:Implementation Plan
6abed661896ea18127c8e7de	182	262	stage1-failed:denied_tool
6abed661896ea18127c8e7ac	182	212	chatter:conversational opener; plan-mode:implementation plan
6abed661896ea18127c8e7e8	182	272	stage1-failed:denied_tool
6abed661896ea18127c8e7fa	182	290	stage1-failed:denied_tool
6abed661896ea18127c8e814	182	316	stage1-failed:denied_tool
6abed661896ea18127c8e807	182	303	chatter:conversational opener; plan-mode:implementation plan
6abed661896ea18127c8e81c	182	324	stage1-failed:denied_tool
6abed661896ea18127c8e84b	182	371	stage1-failed:denied_tool
6abed661896ea18127c8e851	182	377	stage1-failed:denied_tool
6abed661896ea18127c8e85a	182	386	stage1-failed:denied_tool
6abed661896ea18127c8e860	182	392	stage1-failed:denied_tool
6abed661896ea18127c8e86e	182	406	chatter:conversational opener; plan-mode:implementation plan
6abed661896ea18127c8e869	182	401	chatter:conversational opener; plan-mode:implementation plan
6abed661896ea18127c8e885	182	429	stage1-failed:denied_tool
6abed661896ea18127c8e8d1	182	505	stage1-failed:denied_tool
6abed661896ea18127c8e8d6	182	510	stage1-failed:denied_tool
6abed661896ea18127c8e8bf	182	487	chatter:conversational opener; plan-mode:implementation plan
6abed661896ea18127c8e8d7	182	511	stage1-failed:denied_tool
6abed661896ea18127c8e8f2	182	538	stage1-failed:denied_tool
6abed661896ea18127c8e90d	182	565	stage1-failed:denied_tool
6abed661896ea18127c8e902	182	554	stage1-failed:denied_tool
6abed661896ea18127c8e912	182	570	stage1-failed:denied_tool
6abed661896ea18127c8e92a	182	594	stage1-failed:denied_tool
6abed661896ea18127c8e92c	182	596	stage1-failed:denied_tool
6abed661896ea18127c8e917	182	575	chatter:conversational opener; plan-mode:implementation plan
6abed661896ea18127c8e92d	182	597	stage1-failed:denied_tool
6abed661896ea18127c8e935	182	605	stage1-failed:denied_tool
6abed661896ea18127c8e94b	182	627	stage1-failed:denied_tool
6abed661896ea18127c8e96a	182	658	stage1-failed:denied_tool
6abed661896ea18127c8e979	182	673	stage1-failed:denied_tool
6abed661896ea18127c8e986	182	686	stage1-failed:denied_tool
6abed661896ea18127c8e96c	182	660	plan-mode:output contract; door:runaway
6abed661896ea18127c8e9b5	182	733	stage1-failed:denied_tool
6abed661896ea18127c8e9ae	182	726	chatter:conversational opener; plan-mode:implementation plan
6abed661896ea18127c8e9dd	182	773	stage1-failed:denied_tool
6abed661896ea18127c8e9d9	182	769	stage1-failed:denied_tool
6abed69b896ea18127c8ea15	183	31	stage1-failed:denied_tool
6abed69b896ea18127c8ea17	183	33	stage1-failed:denied_tool
6abed69b896ea18127c8ea5f	183	105	chatter:conversational opener; plan-mode:implementation plan
6abed69b896ea18127c8ea32	183	60	chatter:conversational opener; plan-mode:translation_plan
6abed69b896ea18127c8ea7d	183	135	stage1-failed:denied_tool
6abed69b896ea18127c8ea8e	183	152	stage1-failed:denied_tool
6abed69b896ea18127c8ea88	183	146	stage1-failed:denied_tool
6abed69b896ea18127c8ea90	183	154	stage1-failed:denied_tool
6abed69b896ea18127c8eaa5	183	175	stage1-failed:denied_tool
6abed69b896ea18127c8ea99	183	163	chatter:conversational opener; plan-mode:implementation plan
6abed69b896ea18127c8ea98	183	162	chatter:conversational opener; plan-mode:translation_plan
6abed69b896ea18127c8eabb	183	197	chatter:conversational opener; plan-mode:implementation plan
6abed69b896ea18127c8eadd	183	231	stage1-failed:denied_tool
6abed69b896ea18127c8ead1	183	219	stage1-failed:denied_tool
6abed69b896ea18127c8eaf1	183	251	stage1-failed:denied_tool
6abed69b896ea18127c8eaf6	183	256	stage1-failed:denied_tool
6abed69b896ea18127c8eaf5	183	255	chatter:conversational opener; plan-mode:implementation plan
6abed69b896ea18127c8eaff	183	265	chatter:conversational opener; plan-mode:translation_plan
6abed69b896ea18127c8eb18	183	290	chatter:conversational opener; plan-mode:implementation plan
6abed69b896ea18127c8eb23	183	301	stage1-failed:denied_tool
6abed69b896ea18127c8eb28	183	306	stage1-failed:denied_tool
6abed69b896ea18127c8eb3f	183	329	chatter:conversational opener; plan-mode:translation_plan
6abed69b896ea18127c8eb3e	183	328	chatter:conversational opener; plan-mode:translation_plan
6abed69b896ea18127c8eb4a	183	340	chatter:conversational opener; plan-mode:implementation plan
6abed69b896ea18127c8eb46	183	336	chatter:conversational opener; plan-mode:implementation plan
6abed69b896ea18127c8eb72	183	380	stage1-failed:denied_tool
6abed69b896ea18127c8eb69	183	371	stage1-failed:denied_tool
6abed69b896ea18127c8eb7b	183	389	stage1-failed:denied_tool
6abed69b896ea18127c8eb84	183	398	chatter:conversational opener; plan-mode:implementation plan
6abed69b896ea18127c8eb80	183	394	stage1-failed:denied_tool
6abed69b896ea18127c8eb95	183	415	chatter:conversational opener; plan-mode:translation_plan
6abed69b896ea18127c8eb9d	183	423	stage1-failed:denied_tool
6abed69b896ea18127c8eb98	183	418	chatter:conversational opener; plan-mode:translation_plan
6abed69b896ea18127c8eba1	183	427	chatter:conversational opener; plan-mode:implementation plan
6abed69b896ea18127c8ebaa	183	436	chatter:conversational opener; plan-mode:implementation plan
6abed69b896ea18127c8ebb5	183	447	stage1-failed:denied_tool
6abed69b896ea18127c8ebab	183	437	chatter:conversational opener; plan-mode:implementation plan
6abed69b896ea18127c8ebd2	183	476	stage1-failed:denied_tool
6abed69b896ea18127c8ebce	183	472	chatter:conversational opener; plan-mode:implementation plan
6abed69b896ea18127c8ebd6	183	480	chatter:conversational opener; plan-mode:implementation plan
6abed69b896ea18127c8ebe0	183	490	chatter:conversational opener; plan-mode:implementation plan
6abed69b896ea18127c8ebe2	183	492	stage1-failed:denied_tool
6abed69b896ea18127c8ebf5	183	511	stage1-failed:denied_tool
6abed69b896ea18127c8ec08	183	530	stage1-failed:denied_tool
6abed69b896ea18127c8ec19	183	547	stage1-failed:denied_tool
6abed69b896ea18127c8ec09	183	531	chatter:conversational opener; plan-mode:translation_plan
6abed72a896ea18127c8ec63	184	45	stage1-failed:denied_tool
6abed72a896ea18127c8ec5f	184	41	chatter:conversational opener; plan-mode:implementation plan
6abed72a896ea18127c8ec78	184	66	stage1-failed:denied_tool
6abed72a896ea18127c8ec7a	184	68	stage1-failed:denied_tool
6abed72a896ea18127c8ec7c	184	70	stage1-failed:denied_tool
6abed72a896ea18127c8ec8a	184	84	stage1-failed:denied_tool
6abed72a896ea18127c8ecaf	184	121	stage1-failed:denied_tool
6abed72a896ea18127c8eca7	184	113	chatter:conversational opener; plan-mode:implementation plan
6abed72a896ea18127c8eccd	184	151	chatter:conversational opener; plan-mode:implementation plan
6abed72a896ea18127c8eccf	184	153	chatter:conversational opener; plan-mode:implementation plan
6abed72a896ea18127c8ecd9	184	163	stage1-failed:denied_tool
6abed72a896ea18127c8ecdd	184	167	plan-mode:Please review; door:collapsed
6abed72a896ea18127c8ed05	184	207	stage1-failed:denied_tool
6abed72a896ea18127c8ecfc	184	198	chatter:conversational opener; plan-mode:implementation plan
6abed72a896ea18127c8ed15	184	223	chatter:conversational opener; plan-mode:implementation plan
6abed72a896ea18127c8ed1a	184	228	stage1-failed:denied_tool
6abed72a896ea18127c8ed2d	184	247	stage1-failed:denied_tool
6abed72a896ea18127c8ed1c	184	230	chatter:conversational opener; plan-mode:implementation plan
6abed72a896ea18127c8ed38	184	258	stage1-failed:denied_tool
6abed72a896ea18127c8ed47	184	273	stage1-failed:denied_tool
6abed72a896ea18127c8ed52	184	284	stage1-failed:denied_tool
6abed72a896ea18127c8ed5b	184	293	stage1-failed:denied_tool
6abed72a896ea18127c8ed8c	184	342	stage1-failed:denied_tool
6abed72a896ea18127c8ed7f	184	329	chatter:conversational opener; plan-mode:implementation plan
6abed72a896ea18127c8eda7	184	369	stage1-failed:denied_tool
6abed72a896ea18127c8eda8	184	370	chatter:conversational opener; plan-mode:implementation plan
6abed72a896ea18127c8edc3	184	397	stage1-failed:denied_tool
6abed72a896ea18127c8edd5	184	415	stage1-failed:denied_tool
6abed72a896ea18127c8edbd	184	391	chatter:conversational opener; plan-mode:implementation plan
6abed72a896ea18127c8edd6	184	416	chatter:conversational opener; plan-mode:implementation plan
6abed72a896ea18127c8edee	184	440	stage1-failed:denied_tool
6abed72a896ea18127c8edf7	184	449	stage1-failed:denied_tool
6abed72a896ea18127c8edf9	184	451	stage1-failed:denied_tool
6abed76e896ea18127c8ee5c	185	26	stage1-failed:denied_tool
6abed72a896ea18127c8ee12	184	476	chatter:conversational opener; plan-mode:implementation plan
6abed76e896ea18127c8ee70	185	46	stage1-failed:denied_tool
6abed76e896ea18127c8ee98	185	86	stage1-failed:denied_tool
6abed76e896ea18127c8eeba	185	120	stage1-failed:denied_tool
6abed76e896ea18127c8eec1	185	127	stage1-failed:denied_tool
6abed76e896ea18127c8eeb4	185	114	chatter:conversational opener; plan-mode:implementation plan
6abed76e896ea18127c8eeca	185	136	stage1-failed:denied_tool
6abed76e896ea18127c8eecd	185	139	chatter:conversational opener; plan-mode:translation_plan
6abed76e896ea18127c8eed3	185	145	chatter:conversational opener; plan-mode:implementation plan
6abed76e896ea18127c8eed5	185	147	stage1-failed:denied_tool
6abed76e896ea18127c8eed6	185	148	stage1-failed:denied_tool
6abed76e896ea18127c8eef2	185	176	chatter:conversational opener; plan-mode:implementation plan
6abed76e896ea18127c8ef15	185	211	stage1-failed:denied_tool
6abed76e896ea18127c8ef1d	185	219	stage1-failed:denied_tool
6abed76e896ea18127c8ef19	185	215	stage1-failed:denied_tool
6abed76e896ea18127c8ef29	185	231	chatter:conversational opener; plan-mode:implementation plan
6abed76e896ea18127c8ef2f	185	237	chatter:conversational opener; plan-mode:implementation plan
6abed76e896ea18127c8ef5f	185	285	stage1-failed:denied_tool
6abed76e896ea18127c8efc0	185	382	stage1-failed:denied_tool
6abed76e896ea18127c8efc6	185	388	stage1-failed:denied_tool
6abed76e896ea18127c8efd3	185	401	stage1-failed:denied_tool
6abed76e896ea18127c8efd2	185	400	chatter:conversational opener; plan-mode:translation_plan
6abed76e896ea18127c8efda	185	408	plan-mode:Please review
6abed76e896ea18127c8efe6	185	420	chatter:conversational opener; plan-mode:implementation plan
6abed76e896ea18127c8efee	185	428	stage1-failed:denied_tool
6abed76e896ea18127c8efeb	185	425	chatter:conversational opener; plan-mode:implementation plan
6abed76e896ea18127c8effc	185	442	stage1-failed:denied_tool
6abed76e896ea18127c8f015	185	467	chatter:conversational opener; plan-mode:implementation plan
6abed76e896ea18127c8f028	185	486	stage1-failed:denied_tool
6abed76e896ea18127c8f030	185	494	stage1-failed:denied_tool
6abed76e896ea18127c8f035	185	499	stage1-failed:denied_tool
6abed76e896ea18127c8f03b	185	505	chatter:conversational opener; plan-mode:implementation plan
6abed76e896ea18127c8f05a	185	536	plan-mode:Please review
6abed76e896ea18127c8f068	185	550	stage1-failed:denied_tool
6abed76e896ea18127c8f06f	185	557	stage1-failed:denied_tool
6abed76e896ea18127c8f071	185	559	chatter:conversational opener; plan-mode:translation_plan
6abed76e896ea18127c8f082	185	576	stage1-failed:denied_tool
6abed76e896ea18127c8f078	185	566	stage1-failed:denied_tool
6abed76e896ea18127c8f08e	185	588	stage1-failed:denied_tool
6abed76e896ea18127c8f08c	185	586	chatter:conversational opener; plan-mode:Please review
6abed76e896ea18127c8f090	185	590	stage1-failed:denied_tool
6abed76e896ea18127c8f093	185	593	stage1-failed:denied_tool
6abed76e896ea18127c8f096	185	596	stage1-failed:denied_tool
6abed76e896ea18127c8f0ae	185	620	chatter:conversational opener; plan-mode:implementation plan
6abed76e896ea18127c8f0c3	185	641	stage1-failed:denied_tool
6abed7ae896ea18127c8f0e9	186	21	stage1-failed:denied_tool
6abed7ae896ea18127c8f0f6	186	34	stage1-failed:denied_tool
6abed7ae896ea18127c8f0f8	186	36	chatter:conversational opener; plan-mode:implementation plan
6abed7ae896ea18127c8f105	186	49	chatter:conversational opener; plan-mode:implementation plan
6abed7ae896ea18127c8f12a	186	86	stage1-failed:denied_tool
6abed7ae896ea18127c8f125	186	81	chatter:conversational opener; plan-mode:implementation plan
6abed7ae896ea18127c8f150	186	124	stage1-failed:denied_tool
6abed7ae896ea18127c8f157	186	131	chatter:conversational opener; plan-mode:translation_plan
6abed7ae896ea18127c8f15b	186	135	stage1-failed:denied_tool
6abed7ae896ea18127c8f166	186	146	chatter:conversational opener; plan-mode:implementation plan
6abed7ae896ea18127c8f16c	186	152	chatter:conversational opener; plan-mode:implementation plan
6abed7ae896ea18127c8f186	186	178	chatter:conversational opener; plan-mode:implementation plan
6abed7ae896ea18127c8f194	186	192	chatter:conversational opener; plan-mode:implementation plan
6abed7ae896ea18127c8f1aa	186	214	stage1-failed:denied_tool
6abed7ae896ea18127c8f1ad	186	217	stage1-failed:denied_tool
6abed7ae896ea18127c8f19b	186	199	chatter:conversational opener; plan-mode:plan.md
6abed7ae896ea18127c8f1a8	186	212	chatter:conversational opener; plan-mode:implementation plan
6abed7ae896ea18127c8f1b6	186	226	stage1-failed:denied_tool
6abed7ae896ea18127c8f1b4	186	224	stage1-failed:denied_tool
6abed7ae896ea18127c8f1b2	186	222	chatter:conversational opener; plan-mode:implementation plan
6abed7ae896ea18127c8f1c1	186	237	stage1-failed:denied_tool
6abed7ae896ea18127c8f1cf	186	251	chatter:conversational opener; plan-mode:implementation plan
6abed7ae896ea18127c8f1dc	186	264	stage1-failed:denied_tool
6abed7ae896ea18127c8f1e2	186	270	stage1-failed:denied_tool
6abed7ae896ea18127c8f1ed	186	281	chatter:conversational opener; plan-mode:implementation plan
6abed7ae896ea18127c8f1e1	186	269	chatter:conversational opener; plan-mode:implementation plan
6abed7ae896ea18127c8f1fd	186	297	stage1-failed:denied_tool
6abed7ae896ea18127c8f1ff	186	299	chatter:conversational opener; plan-mode:implementation plan
6abed7ae896ea18127c8f207	186	307	chatter:conversational opener; plan-mode:implementation plan
6abed7ae896ea18127c8f22a	186	342	stage1-failed:denied_tool
6abed7ae896ea18127c8f22d	186	345	chatter:conversational opener; plan-mode:implementation plan
6abed7ae896ea18127c8f22e	186	346	stage1-failed:denied_tool
6abed7ae896ea18127c8f233	186	351	stage1-failed:denied_tool
6abed7ae896ea18127c8f239	186	357	stage1-failed:denied_tool
6abed7ae896ea18127c8f235	186	353	chatter:conversational opener; plan-mode:implementation plan
6abed7ae896ea18127c8f244	186	368	chatter:conversational opener; plan-mode:implementation plan
6abed7ae896ea18127c8f24a	186	374	chatter:conversational opener; plan-mode:implementation plan
6abed7ae896ea18127c8f250	186	380	chatter:conversational opener; plan-mode:implementation plan
6abed7ae896ea18127c8f257	186	387	stage1-failed:denied_tool
6abed7ae896ea18127c8f284	186	432	stage1-failed:denied_tool
6abed7ae896ea18127c8f2b3	186	479	stage1-failed:denied_tool
6abed81b896ea18127c8f2fe	187	50	stage1-failed:denied_tool
6abed81b896ea18127c8f309	187	61	stage1-failed:denied_tool
6abed81b896ea18127c8f314	187	72	stage1-failed:denied_tool
6abed81b896ea18127c8f312	187	70	chatter:conversational opener; plan-mode:implementation plan
6abed81b896ea18127c8f321	187	85	stage1-failed:denied_tool
6abed81b896ea18127c8f37d	187	177	stage1-failed:denied_tool
6abed81b896ea18127c8f3d1	187	261	stage1-failed:denied_tool
6abed81b896ea18127c8f3d0	187	260	plan-mode:implementation plan
6abed81b896ea18127c8f417	187	331	stage1-failed:denied_tool
6abed81b896ea18127c8f436	187	362	stage1-failed:denied_tool
6abed81b896ea18127c8f458	187	396	chatter:conversational opener; plan-mode:implementation plan
6abed81b896ea18127c8f478	187	428	chatter:conversational opener; plan-mode:implementation plan
6abed81b896ea18127c8f496	187	458	stage1-failed:denied_tool
6abed81b896ea18127c8f485	187	441	chatter:conversational opener; plan-mode:implementation plan
6abed81b896ea18127c8f4aa	187	478	stage1-failed:denied_tool
6abed81b896ea18127c8f4d3	187	519	stage1-failed:denied_tool
6abed81b896ea18127c8f510	187	580	stage1-failed:denied_tool
6abed81b896ea18127c8f4fd	187	561	chatter:conversational opener; plan-mode:translation_plan
6abed87d896ea18127c8f544	188	40	stage1-failed:denied_tool
6abed87d896ea18127c8f579	188	93	stage1-failed:denied_tool
6abed87d896ea18127c8f581	188	101	stage1-failed:denied_tool
6abed87d896ea18127c8f585	188	105	stage1-failed:denied_tool
6abed87d896ea18127c8f593	188	119	chatter:conversational opener; plan-mode:implementation plan
6abed87d896ea18127c8f5a7	188	139	chatter:conversational opener; plan-mode:implementation plan
6abed87d896ea18127c8f5d6	188	186	stage1-failed:denied_tool
6abed87d896ea18127c8f5eb	188	207	plan-mode:output contract; door:runaway
6abed87d896ea18127c8f5f9	188	221	plan-mode:Please review
6abed87d896ea18127c8f5fb	188	223	stage1-failed:denied_tool
6abed87d896ea18127c8f603	188	231	chatter:conversational opener; plan-mode:implementation plan
6abed87d896ea18127c8f60c	188	240	stage1-failed:denied_tool
6abed87d896ea18127c8f618	188	252	chatter:conversational opener; plan-mode:implementation plan
6abed87d896ea18127c8f62f	188	275	stage1-failed:denied_tool
6abed87d896ea18127c8f66b	188	335	stage1-failed:denied_tool
6abed87d896ea18127c8f679	188	349	chatter:conversational opener; plan-mode:implementation plan
6abed87d896ea18127c8f684	188	360	stage1-failed:denied_tool
6abed87d896ea18127c8f68f	188	371	stage1-failed:denied_tool
6abed87d896ea18127c8f69a	188	382	stage1-failed:denied_tool
6abed87d896ea18127c8f6c2	188	422	stage1-failed:denied_tool
6abed87d896ea18127c8f6cd	188	433	stage1-failed:denied_tool
6abed87d896ea18127c8f6d7	188	443	stage1-failed:denied_tool
6abed87d896ea18127c8f6ce	188	434	stage1-failed:denied_tool
6abed87d896ea18127c8f6eb	188	463	stage1-failed:denied_tool
6abed87d896ea18127c8f6e3	188	455	chatter:conversational opener; plan-mode:implementation plan
6abed87d896ea18127c8f6de	188	450	chatter:conversational opener; plan-mode:implementation plan
6abed87d896ea18127c8f702	188	486	stage1-failed:denied_tool
6abed87d896ea18127c8f758	188	572	stage1-failed:denied_tool
6abed8d1896ea18127c8f787	189	39	stage1-failed:denied_tool
6abed8d1896ea18127c8f7a0	189	64	stage1-failed:denied_tool
6abed8d1896ea18127c8f7aa	189	74	stage1-failed:denied_tool
6abed8d1896ea18127c8f7ab	189	75	stage1-failed:denied_tool
6abed8d1896ea18127c8f7ec	189	140	stage1-failed:denied_tool
6abed8d1896ea18127c8f7ee	189	142	chatter:conversational opener; plan-mode:Please review
6abed8d1896ea18127c8f7f4	189	148	stage1-failed:denied_tool
6abed8d1896ea18127c8f804	189	164	stage1-failed:denied_tool
6abed8d1896ea18127c8f813	189	179	stage1-failed:denied_tool
6abed8d1896ea18127c8f831	189	209	stage1-failed:denied_tool
6abed8d1896ea18127c8f859	189	249	stage1-failed:denied_tool
6abed8d1896ea18127c8f85d	189	253	chatter:conversational opener; plan-mode:implementation plan
6abed8d1896ea18127c8f878	189	280	stage1-failed:denied_tool
6abed8d1896ea18127c8f87b	189	283	stage1-failed:denied_tool
6abed8d1896ea18127c8f8ae	189	334	stage1-failed:denied_tool
6abed8d1896ea18127c8f8ba	189	346	stage1-failed:denied_tool
6abed8d1896ea18127c8f8cc	189	364	stage1-failed:denied_tool
6abed8d1896ea18127c8f8ce	189	366	stage1-failed:denied_tool
6abed8d1896ea18127c8f8d1	189	369	chatter:conversational opener; plan-mode:translation_plan
6abed8d1896ea18127c8f8ee	189	398	stage1-failed:denied_tool
6abed8d1896ea18127c8f90d	189	429	stage1-failed:denied_tool
6abed8d1896ea18127c8f912	189	434	chatter:conversational opener; plan-mode:implementation plan
6abed8d1896ea18127c8f928	189	456	stage1-failed:denied_tool
6abed8d1896ea18127c8f92f	189	463	stage1-failed:denied_tool
6abed8d1896ea18127c8f939	189	473	stage1-failed:denied_tool
6abed8d1896ea18127c8f92d	189	461	chatter:conversational opener; plan-mode:implementation plan
6abed8d1896ea18127c8f93a	189	474	stage1-failed:denied_tool
6abed8d1896ea18127c8f94e	189	494	stage1-failed:denied_tool
6abed8d1896ea18127c8f95a	189	506	stage1-failed:denied_tool
6abed8d1896ea18127c8f96a	189	522	chatter:conversational opener; plan-mode:translation_plan
6abed8d1896ea18127c8f98f	189	559	chatter:conversational opener; plan-mode:implementation plan
6abed8d1896ea18127c8f989	189	553	chatter:conversational opener; plan-mode:translation_plan
6abed8d1896ea18127c8f9b2	189	594	stage1-failed:denied_tool
6abed8d1896ea18127c8f9b5	189	597	reasoning-leak:reasoning:the prompt specifies; plan-mode:The user request; door:reasoning-leak
6abed8d1896ea18127c8f9b6	189	598	stage1-failed:denied_tool
6abed8d1896ea18127c8f9e3	189	643	stage1-failed:denied_tool
6abed914896ea18127c8fa1e	190	46	stage1-failed:denied_tool
6abed914896ea18127c8fa32	190	66	stage1-failed:denied_tool
6abed914896ea18127c8fa2c	190	60	chatter:conversational opener; plan-mode:implementation plan
6abed914896ea18127c8fa36	190	70	stage1-failed:denied_tool
6abed914896ea18127c8fa4b	190	91	stage1-failed:denied_tool
6abed914896ea18127c8fa48	190	88	chatter:conversational opener; plan-mode:implementation plan
6abed914896ea18127c8fa4f	190	95	stage1-failed:denied_tool
6abed914896ea18127c8fa79	190	137	stage1-failed:denied_tool
6abed914896ea18127c8fa82	190	146	stage1-failed:denied_tool
6abed914896ea18127c8faa3	190	179	stage1-failed:denied_tool
6abed914896ea18127c8faa9	190	185	stage1-failed:denied_tool
6abed914896ea18127c8fac3	190	211	stage1-failed:denied_tool
6abed914896ea18127c8fab5	190	197	chatter:conversational opener; plan-mode:implementation plan
6abed914896ea18127c8fad8	190	232	chatter:conversational opener; plan-mode:implementation plan
6abed914896ea18127c8faff	190	271	chatter:conversational opener; plan-mode:implementation plan
6abed914896ea18127c8fb48	190	344	stage1-failed:denied_tool
6abed914896ea18127c8fb66	190	374	stage1-failed:denied_tool
6abed914896ea18127c8fb5e	190	366	stage1-failed:denied_tool
6abed914896ea18127c8fb4f	190	351	chatter:conversational opener; plan-mode:implementation plan
6abed914896ea18127c8fb71	190	385	stage1-failed:denied_tool
6abed914896ea18127c8fb6d	190	381	stage1-failed:denied_tool
6abed914896ea18127c8fb76	190	390	stage1-failed:denied_tool
6abed914896ea18127c8fb8d	190	413	stage1-failed:denied_tool
6abed914896ea18127c8fb7c	190	396	chatter:conversational opener; plan-mode:implementation plan
6abed914896ea18127c8fb98	190	424	stage1-failed:denied_tool
6abed914896ea18127c8fbb4	190	452	stage1-failed:denied_tool
6abed914896ea18127c8fbb6	190	454	stage1-failed:denied_tool
6abed914896ea18127c8fbee	190	510	chatter:conversational opener; plan-mode:implementation plan
6abed914896ea18127c8fc10	190	544	stage1-failed:denied_tool
6abed914896ea18127c8fc2b	190	571	stage1-failed:denied_tool
6abed914896ea18127c8fca2	190	690	stage1-failed:denied_tool
6abed914896ea18127c8fc8b	190	667	chatter:conversational opener; plan-mode:translation_plan
6abed914896ea18127c8fcaa	190	698	chatter:conversational opener; plan-mode:implementation plan
6abed914896ea18127c8fcac	190	700	chatter:conversational opener; plan-mode:implementation plan
6abed96d896ea18127c8fcd5	191	1	chatter:conversational opener; plan-mode:translation_plan
6abed96d896ea18127c8fcd9	191	5	stage1-failed:denied_tool
6abed96d896ea18127c8fcda	191	6	stage1-failed:denied_tool
6abed96d896ea18127c8fcdb	191	7	stage1-failed:denied_tool
6abed96d896ea18127c8fce3	191	15	stage1-failed:denied_tool
6abed96d896ea18127c8fce1	191	13	chatter:conversational opener; plan-mode:implementation plan
6abed96d896ea18127c8fcf0	191	28	stage1-failed:denied_tool
6abed96d896ea18127c8fcf1	191	29	stage1-failed:denied_tool
6abed96d896ea18127c8fcfa	191	38	stage1-failed:denied_tool
6abed96d896ea18127c8fd02	191	46	stage1-failed:denied_tool
6abed96d896ea18127c8fd0d	191	57	stage1-failed:denied_tool
6abed96d896ea18127c8fcfb	191	39	chatter:conversational opener; plan-mode:implementation plan
6abed96d896ea18127c8fd0f	191	59	stage1-failed:denied_tool
6abed96d896ea18127c8fd0e	191	58	stage1-failed:denied_tool
6abed96d896ea18127c8fd14	191	64	stage1-failed:denied_tool
6abed96d896ea18127c8fd24	191	80	stage1-failed:denied_tool
6abed96d896ea18127c8fd17	191	67	stage1-failed:denied_tool
6abed96d896ea18127c8fd27	191	83	chatter:conversational opener; plan-mode:implementation plan
6abed96d896ea18127c8fd2d	191	89	stage1-failed:denied_tool
6abed96d896ea18127c8fd30	191	92	stage1-failed:denied_tool
6abed96d896ea18127c8fd32	191	94	stage1-failed:denied_tool
6abed96d896ea18127c8fd3a	191	102	chatter:conversational opener; plan-mode:implementation plan
6abed96d896ea18127c8fd52	191	126	stage1-failed:denied_tool
6abed96d896ea18127c8fd53	191	127	stage1-failed:denied_tool
6abed96d896ea18127c8fd5c	191	136	stage1-failed:denied_tool
6abed96d896ea18127c8fd62	191	142	stage1-failed:denied_tool
6abed96d896ea18127c8fd56	191	130	stage1-failed:denied_tool
6abed96d896ea18127c8fd65	191	145	stage1-failed:denied_tool
6abed96d896ea18127c8fd67	191	147	stage1-failed:denied_tool
6abed96d896ea18127c8fd66	191	146	chatter:conversational opener; plan-mode:implementation plan
6abed96d896ea18127c8fd6a	191	150	stage1-failed:denied_tool
6abed96d896ea18127c8fd6d	191	153	plan-mode:Output contract
6abed96d896ea18127c8fd76	191	162	stage1-failed:denied_tool
6abed96d896ea18127c8fd7c	191	168	chatter:conversational opener; plan-mode:implementation plan
6abed96d896ea18127c8fd7f	191	171	chatter:conversational opener; plan-mode:implementation plan
6abed96d896ea18127c8fd81	191	173	stage1-failed:denied_tool
6abed96d896ea18127c8fd88	191	180	chatter:conversational opener; plan-mode:implementation plan
6abed96d896ea18127c8fd8d	191	185	stage1-failed:denied_tool
6abed96d896ea18127c8fd8e	191	186	stage1-failed:denied_tool
6abed96d896ea18127c8fd95	191	193	stage1-failed:denied_tool
6abed96d896ea18127c8fd8f	191	187	door:stray-script
6abed96d896ea18127c8fd94	191	192	stage1-failed:denied_tool
6abed96d896ea18127c8fd99	191	197	stage1-failed:denied_tool
6abed96d896ea18127c8fd9b	191	199	stage1-failed:denied_tool
6abed96d896ea18127c8fd9c	191	200	stage1-failed:denied_tool
6abed96d896ea18127c8fd9e	191	202	stage1-failed:denied_tool
6abed96d896ea18127c8fda1	191	205	stage1-failed:denied_tool
6abed96d896ea18127c8fda0	191	204	stage1-failed:denied_tool
6abed96d896ea18127c8fdb0	191	220	stage1-failed:denied_tool
6abed96d896ea18127c8fdac	191	216	chatter:conversational opener; plan-mode:implementation plan
6abed96d896ea18127c8fdb5	191	225	stage1-failed:denied_tool
6abed96d896ea18127c8fdb8	191	228	stage1-failed:denied_tool
6abed96d896ea18127c8fdb1	191	221	chatter:conversational opener; plan-mode:translation_plan
6abed96d896ea18127c8fdb3	191	223	chatter:conversational opener; plan-mode:implementation plan
6abed96d896ea18127c8fdc4	191	240	stage1-failed:denied_tool
6abed96d896ea18127c8fdd1	191	253	stage1-failed:denied_tool
6abed96d896ea18127c8fdc5	191	241	stage1-failed:denied_tool
6abed96d896ea18127c8fdd5	191	257	stage1-failed:denied_tool
6abed96d896ea18127c8fde3	191	271	stage1-failed:denied_tool
6abed96d896ea18127c8fde1	191	269	chatter:conversational opener; plan-mode:implementation plan
6abed96d896ea18127c8fe16	191	322	stage1-failed:denied_tool
6abed96d896ea18127c8fe07	191	307	chatter:conversational opener; plan-mode:plan.md
6abed96d896ea18127c8fe1f	191	331	stage1-failed:denied_tool
6abed96d896ea18127c8fe26	191	338	stage1-failed:denied_tool
6abed96d896ea18127c8fe3b	191	359	chatter:conversational opener; plan-mode:plan.md
6abed96d896ea18127c8fe40	191	364	chatter:conversational opener; plan-mode:implementation plan
6abed96d896ea18127c8fe7b	191	423	stage1-failed:denied_tool
6abed96d896ea18127c8fe85	191	433	stage1-failed:denied_tool
6abed96d896ea18127c8fe78	191	420	chatter:conversational opener; plan-mode:implementation plan
6abed96d896ea18127c8fe8f	191	443	stage1-failed:denied_tool
6abed96d896ea18127c8feb5	191	481	stage1-failed:denied_tool
6abed96d896ea18127c8fed5	191	513	stage1-failed:denied_tool
6abed96d896ea18127c8fedc	191	520	stage1-failed:denied_tool
6abed96d896ea18127c8ff00	191	556	stage1-failed:denied_tool
6abed96d896ea18127c8ff02	191	558	stage1-failed:denied_tool
6abed96d896ea18127c8ff04	191	560	chatter:conversational opener; plan-mode:implementation plan
6abed96d896ea18127c8ff14	191	576	stage1-failed:denied_tool
6abed96d896ea18127c8ff21	191	589	stage1-failed:denied_tool
6abed96d896ea18127c8ff1c	191	584	chatter:conversational opener; plan-mode:implementation plan
6abed96d896ea18127c8ff28	191	596	stage1-failed:denied_tool
6abed96d896ea18127c8ff2d	191	601	chatter:conversational opener; plan-mode:implementation plan
6abed96d896ea18127c8ff35	191	609	stage1-failed:denied_tool
6abed96d896ea18127c8ff32	191	606	chatter:conversational opener; plan-mode:implementation plan
6abed96d896ea18127c8ff3d	191	617	stage1-failed:denied_tool
6abed96d896ea18127c8ff4b	191	631	chatter:conversational opener; plan-mode:implementation plan
6abed96d896ea18127c8ff5a	191	646	stage1-failed:denied_tool
6abed96d896ea18127c8ff63	191	655	stage1-failed:denied_tool
6abed96d896ea18127c8ff60	191	652	chatter:conversational opener; plan-mode:implementation plan
6abed96d896ea18127c8ff77	191	675	stage1-failed:denied_tool
6abed96d896ea18127c8ff76	191	674	stage1-failed:denied_tool
6abed96d896ea18127c8ff91	191	701	reasoning-leak:reasoning:I will output the final translation directly conforming stri; chatter:conversational opener; plan-mode:translation_plan; door:reasoning-leak
6abed96d896ea18127c8ff99	191	709	stage1-failed:denied_tool
6abed9ad896ea18127c8ffad	192	1	stage1-failed:denied_tool
6abed9ad896ea18127c8ffb3	192	7	chatter:conversational opener; plan-mode:implementation plan
6abed9ad896ea18127c8ffc4	192	24	stage1-failed:denied_tool
6abed9ad896ea18127c8ffba	192	14	chatter:conversational opener; plan-mode:implementation plan
6abed9ad896ea18127c8ffc6	192	26	stage1-failed:denied_tool
6abed9ad896ea18127c8ffde	192	50	chatter:conversational opener; plan-mode:implementation plan
6abed9ad896ea18127c8ffe9	192	61	stage1-failed:denied_tool
6abed9ad896ea18127c8ffef	192	67	stage1-failed:denied_tool
6abed9ad896ea18127c9002a	192	126	chatter:conversational opener; plan-mode:implementation plan
6abed9ad896ea18127c9003b	192	143	stage1-failed:denied_tool
6abed9ad896ea18127c90053	192	167	stage1-failed:denied_tool
6abed9ad896ea18127c90059	192	173	chatter:conversational opener; plan-mode:plan.md
6abed9ad896ea18127c9005c	192	176	stage1-failed:denied_tool
6abed9ad896ea18127c90058	192	172	chatter:conversational opener; plan-mode:implementation plan
6abed9ad896ea18127c90071	192	197	stage1-failed:denied_tool
6abed9ad896ea18127c90074	192	200	stage1-failed:denied_tool
6abed9ad896ea18127c90081	192	213	chatter:conversational opener; plan-mode:implementation plan
6abed9ad896ea18127c9008b	192	223	chatter:conversational opener; plan-mode:implementation plan
6abed9ad896ea18127c90096	192	234	chatter:conversational opener; plan-mode:implementation plan
6abed9ad896ea18127c9009e	192	242	stage1-failed:denied_tool
6abed9ad896ea18127c900c0	192	276	stage1-failed:denied_tool
6abed9ad896ea18127c900c3	192	279	stage1-failed:denied_tool
6abed9ad896ea18127c900c6	192	282	chatter:conversational opener; plan-mode:implementation plan
6abed9ad896ea18127c900e3	192	311	chatter:conversational opener; plan-mode:implementation plan
6abed9ad896ea18127c900ca	192	286	chatter:conversational opener; plan-mode:implementation plan
6abed9ad896ea18127c900e8	192	316	chatter:conversational opener; plan-mode:plan.md
6abed9ad896ea18127c9011f	192	371	stage1-failed:denied_tool
6abed9ad896ea18127c9010d	192	353	chatter:conversational opener; plan-mode:implementation plan
6abed9ad896ea18127c90117	192	363	chatter:conversational opener; plan-mode:implementation plan
6abed9ad896ea18127c90131	192	389	chatter:conversational opener; plan-mode:implementation plan
6abed9ad896ea18127c90138	192	396	chatter:conversational opener; plan-mode:implementation plan
6abed9ad896ea18127c9013b	192	399	stage1-failed:denied_tool
6abed9ad896ea18127c90141	192	405	stage1-failed:denied_tool
6abed9ad896ea18127c90152	192	422	stage1-failed:denied_tool
6abed9ad896ea18127c9014c	192	416	chatter:conversational opener; plan-mode:implementation plan
6abed9ad896ea18127c90151	192	421	stage1-failed:denied_tool
6abed9ad896ea18127c9016b	192	447	stage1-failed:denied_tool
6abed9ad896ea18127c90172	192	454	stage1-failed:denied_tool
6abed9ad896ea18127c90169	192	445	chatter:conversational opener; plan-mode:implementation plan
6abed9ad896ea18127c90178	192	460	stage1-failed:denied_tool
6abed9ad896ea18127c9019d	192	497	stage1-failed:denied_tool
6abed9ad896ea18127c90191	192	485	chatter:conversational opener; plan-mode:implementation plan
6abed9ad896ea18127c90198	192	492	chatter:conversational opener; plan-mode:implementation plan
6abed9ad896ea18127c901b1	192	517	chatter:conversational opener; plan-mode:implementation plan
6abed9ad896ea18127c901c2	192	534	chatter:conversational opener; plan-mode:implementation plan
6abed9ad896ea18127c901d1	192	549	chatter:conversational opener; plan-mode:implementation plan
6abed9ad896ea18127c901de	192	562	chatter:conversational opener; plan-mode:implementation plan
6abed9ad896ea18127c901f8	192	588	chatter:conversational opener; plan-mode:implementation plan
6abed9ad896ea18127c90217	192	619	stage1-failed:denied_tool
6abed9ad896ea18127c9021c	192	624	stage1-failed:denied_tool
6abed9ad896ea18127c9021e	192	626	chatter:conversational opener; plan-mode:implementation plan
6abed9ad896ea18127c90226	192	634	stage1-failed:denied_tool
6abed9ad896ea18127c90234	192	648	stage1-failed:denied_tool
6abed9ad896ea18127c90223	192	631	chatter:conversational opener; plan-mode:implementation plan
6abed9ff896ea18127c9028a	193	70	stage1-failed:denied_tool
6abed9ff896ea18127c9028c	193	72	stage1-failed:denied_tool
6abed9ff896ea18127c90291	193	77	stage1-failed:denied_tool
6abed9ff896ea18127c90297	193	83	stage1-failed:denied_tool
6abed9ff896ea18127c902a2	193	94	stage1-failed:denied_tool
6abed9ff896ea18127c902a7	193	99	stage1-failed:denied_tool
6abed9ff896ea18127c902bc	193	120	stage1-failed:denied_tool
6abed9ff896ea18127c902cf	193	139	stage1-failed:denied_tool
6abed9ff896ea18127c902cb	193	135	stage1-failed:denied_tool
6abed9ff896ea18127c902f8	193	180	stage1-failed:denied_tool
6abed9ff896ea18127c902fd	193	185	stage1-failed:denied_tool
6abed9ff896ea18127c902fb	193	183	chatter:conversational opener; plan-mode:plan.md
6abed9ff896ea18127c90304	193	192	stage1-failed:denied_tool
6abed9ff896ea18127c90307	193	195	chatter:conversational opener; plan-mode:implementation plan
6abed9ff896ea18127c90318	193	212	stage1-failed:denied_tool
6abed9ff896ea18127c90315	193	209	chatter:conversational opener; plan-mode:implementation plan
6abed9ff896ea18127c90324	193	224	stage1-failed:denied_tool
6abed9ff896ea18127c90335	193	241	stage1-failed:denied_tool
6abed9ff896ea18127c9032d	193	233	chatter:conversational opener; plan-mode:implementation plan
6abed9ff896ea18127c9033f	193	251	chatter:conversational opener; plan-mode:implementation plan
6abed9ff896ea18127c90384	193	320	stage1-failed:denied_tool
6abed9ff896ea18127c90398	193	340	chatter:conversational opener; plan-mode:implementation plan
6abed9ff896ea18127c9039b	193	343	stage1-failed:denied_tool
6abed9ff896ea18127c903c9	193	389	chatter:conversational opener; plan-mode:implementation plan
6abed9ff896ea18127c903dc	193	408	stage1-failed:denied_tool
6abed9ff896ea18127c903e8	193	420	chatter:conversational opener; plan-mode:implementation plan
6abed9ff896ea18127c903fe	193	442	stage1-failed:denied_tool
6abed9ff896ea18127c90411	193	461	stage1-failed:denied_tool
6abed9ff896ea18127c9040b	193	455	chatter:conversational opener; plan-mode:implementation plan
6abed9ff896ea18127c90438	193	500	plan-mode:Please review
6abed9ff896ea18127c9046f	193	555	stage1-failed:denied_tool
6abed9ff896ea18127c90497	193	595	stage1-failed:denied_tool
6abed9ff896ea18127c90474	193	560	chatter:conversational opener; plan-mode:Please review
6abed9ff896ea18127c904ac	193	616	stage1-failed:denied_tool
